snapshot_date,symbol,snapshot_trade_status
2019-01-02,000001.SZ,1
2019-01-02,000002.SZ,1
2019-01-02,000004.SZ,1
2019-01-02,000005.SZ,1
2019-01-02,000006.SZ,1
2019-01-02,000007.SZ,1
2019-01-02,000008.SZ,1
2019-01-02,000009.SZ,1
2019-01-02,000010.SZ,1
2019-01-02,000011.SZ,1
2019-01-02,000012.SZ,1
2019-01-02,000014.SZ,1
2019-01-02,000016.SZ,1
2019-01-02,000017.SZ,1
2019-01-02,000018.SZ,1
2019-01-02,000019.SZ,1
2019-01-02,000020.SZ,1
2019-01-02,000021.SZ,1
2019-01-02,000023.SZ,1
2019-01-02,000025.SZ,1
2019-01-02,000026.SZ,1
2019-01-02,000027.SZ,1
2019-01-02,000028.SZ,1
2019-01-02,000029.SZ,0
2019-01-02,000030.SZ,1
2019-01-02,000031.SZ,1
2019-01-02,000032.SZ,1
2019-01-02,000034.SZ,1
2019-01-02,000035.SZ,1
2019-01-02,000036.SZ,1
2019-01-02,000037.SZ,1
2019-01-02,000038.SZ,1
2019-01-02,000039.SZ,1
2019-01-02,000040.SZ,1
2019-01-02,000042.SZ,1
2019-01-02,000043.SZ,1
2019-01-02,000045.SZ,1
2019-01-02,000046.SZ,1
2019-01-02,000048.SZ,1
2019-01-02,000049.SZ,1
2019-01-02,000050.SZ,1
2019-01-02,000055.SZ,1
2019-01-02,000056.SZ,1
2019-01-02,000058.SZ,1
2019-01-02,000059.SZ,1
2019-01-02,000060.SZ,1
2019-01-02,000061.SZ,1
2019-01-02,000062.SZ,1
2019-01-02,000063.SZ,1
2019-01-02,000065.SZ,1
2019-01-02,000066.SZ,1
2019-01-02,000068.SZ,1
2019-01-02,000069.SZ,1
2019-01-02,000070.SZ,1
2019-01-02,000078.SZ,1
2019-01-02,000088.SZ,1
2019-01-02,000089.SZ,1
2019-01-02,000090.SZ,1
2019-01-02,000096.SZ,1
2019-01-02,000099.SZ,1
2019-01-02,000100.SZ,1
2019-01-02,000150.SZ,1
2019-01-02,000151.SZ,1
2019-01-02,000153.SZ,1
2019-01-02,000155.SZ,1
2019-01-02,000156.SZ,1
2019-01-02,000157.SZ,1
2019-01-02,000158.SZ,1
2019-01-02,000159.SZ,1
2019-01-02,000166.SZ,1
2019-01-02,000301.SZ,1
2019-01-02,000333.SZ,1
2019-01-02,000338.SZ,1
2019-01-02,000400.SZ,1
2019-01-02,000401.SZ,1
2019-01-02,000402.SZ,1
2019-01-02,000403.SZ,1
2019-01-02,000404.SZ,1
2019-01-02,000407.SZ,1
2019-01-02,000408.SZ,1
2019-01-02,000409.SZ,1
2019-01-02,000410.SZ,1
2019-01-02,000411.SZ,1
2019-01-02,000413.SZ,1
2019-01-02,000415.SZ,1
2019-01-02,000416.SZ,1
2019-01-02,000417.SZ,1
2019-01-02,000418.SZ,1
2019-01-02,000419.SZ,1
2019-01-02,000420.SZ,1
2019-01-02,000421.SZ,1
2019-01-02,000422.SZ,1
2019-01-02,000423.SZ,1
2019-01-02,000425.SZ,1
2019-01-02,000426.SZ,1
2019-01-02,000428.SZ,1
2019-01-02,000429.SZ,1
2019-01-02,000430.SZ,1
2019-01-02,000488.SZ,1
2019-01-02,000498.SZ,1
2019-01-02,000501.SZ,1
2019-01-02,000502.SZ,1
2019-01-02,000503.SZ,1
2019-01-02,000504.SZ,1
2019-01-02,000505.SZ,1
2019-01-02,000506.SZ,1
2019-01-02,000507.SZ,1
2019-01-02,000509.SZ,1
2019-01-02,000510.SZ,1
2019-01-02,000513.SZ,1
2019-01-02,000514.SZ,1
2019-01-02,000516.SZ,1
2019-01-02,000517.SZ,1
2019-01-02,000518.SZ,1
2019-01-02,000519.SZ,1
2019-01-02,000520.SZ,1
2019-01-02,000521.SZ,1
2019-01-02,000523.SZ,1
2019-01-02,000524.SZ,1
2019-01-02,000525.SZ,1
2019-01-02,000526.SZ,1
2019-01-02,000528.SZ,1
2019-01-02,000529.SZ,1
2019-01-02,000530.SZ,1
2019-01-02,000531.SZ,1
2019-01-02,000532.SZ,1
2019-01-02,000533.SZ,1
2019-01-02,000534.SZ,1
2019-01-02,000536.SZ,1
2019-01-02,000537.SZ,1
2019-01-02,000538.SZ,1
2019-01-02,000539.SZ,1
2019-01-02,000540.SZ,1
2019-01-02,000541.SZ,1
2019-01-02,000543.SZ,1
2019-01-02,000544.SZ,1
2019-01-02,000545.SZ,1
2019-01-02,000546.SZ,1
2019-01-02,000547.SZ,1
2019-01-02,000548.SZ,1
2019-01-02,000550.SZ,1
2019-01-02,000551.SZ,1
2019-01-02,000552.SZ,1
2019-01-02,000553.SZ,1
2019-01-02,000554.SZ,1
2019-01-02,000555.SZ,1
2019-01-02,000557.SZ,1
2019-01-02,000558.SZ,1
2019-01-02,000559.SZ,1
2019-01-02,000560.SZ,1
2019-01-02,000561.SZ,1
2019-01-02,000563.SZ,1
2019-01-02,000564.SZ,1
2019-01-02,000565.SZ,1
2019-01-02,000566.SZ,1
2019-01-02,000567.SZ,1
2019-01-02,000568.SZ,1
2019-01-02,000570.SZ,1
2019-01-02,000571.SZ,1
2019-01-02,000572.SZ,1
2019-01-02,000573.SZ,1
2019-01-02,000576.SZ,1
2019-01-02,000581.SZ,1
2019-01-02,000582.SZ,1
2019-01-02,000584.SZ,1
2019-01-02,000585.SZ,1
2019-01-02,000586.SZ,1
2019-01-02,000587.SZ,1
2019-01-02,000589.SZ,1
2019-01-02,000590.SZ,1
2019-01-02,000591.SZ,1
2019-01-02,000592.SZ,1
2019-01-02,000593.SZ,1
2019-01-02,000595.SZ,1
2019-01-02,000596.SZ,1
2019-01-02,000597.SZ,1
2019-01-02,000598.SZ,1
2019-01-02,000599.SZ,1
2019-01-02,000600.SZ,1
2019-01-02,000601.SZ,1
2019-01-02,000603.SZ,1
2019-01-02,000605.SZ,1
2019-01-02,000606.SZ,1
2019-01-02,000607.SZ,1
2019-01-02,000608.SZ,1
2019-01-02,000609.SZ,1
2019-01-02,000610.SZ,1
2019-01-02,000611.SZ,1
2019-01-02,000612.SZ,1
2019-01-02,000613.SZ,1
2019-01-02,000615.SZ,1
2019-01-02,000616.SZ,1
2019-01-02,000617.SZ,1
2019-01-02,000619.SZ,1
2019-01-02,000620.SZ,1
2019-01-02,000622.SZ,1
2019-01-02,000623.SZ,1
2019-01-02,000625.SZ,1
2019-01-02,000626.SZ,1
2019-01-02,000627.SZ,1
2019-01-02,000628.SZ,1
2019-01-02,000629.SZ,1
2019-01-02,000630.SZ,1
2019-01-02,000631.SZ,1
2019-01-02,000632.SZ,1
2019-01-02,000633.SZ,1
2019-01-02,000635.SZ,1
2019-01-02,000636.SZ,1
2019-01-02,000637.SZ,1
2019-01-02,000638.SZ,1
2019-01-02,000639.SZ,1
2019-01-02,000650.SZ,1
2019-01-02,000651.SZ,1
2019-01-02,000652.SZ,1
2019-01-02,000655.SZ,1
2019-01-02,000656.SZ,1
2019-01-02,000657.SZ,1
2019-01-02,000659.SZ,1
2019-01-02,000661.SZ,1
2019-01-02,000662.SZ,1
2019-01-02,000663.SZ,1
2019-01-02,000665.SZ,1
2019-01-02,000666.SZ,1
2019-01-02,000667.SZ,1
2019-01-02,000668.SZ,1
2019-01-02,000669.SZ,1
2019-01-02,000670.SZ,1
2019-01-02,000671.SZ,1
2019-01-02,000672.SZ,1
2019-01-02,000673.SZ,1
2019-01-02,000676.SZ,1
2019-01-02,000677.SZ,1
2019-01-02,000678.SZ,1
2019-01-02,000679.SZ,1
2019-01-02,000680.SZ,1
2019-01-02,000681.SZ,1
2019-01-02,000682.SZ,1
2019-01-02,000683.SZ,1
2019-01-02,000685.SZ,1
2019-01-02,000686.SZ,1
2019-01-02,000687.SZ,1
2019-01-02,000688.SZ,1
2019-01-02,000690.SZ,1
2019-01-02,000691.SZ,1
2019-01-02,000692.SZ,1
2019-01-02,000693.SZ,0
2019-01-02,000695.SZ,1
2019-01-02,000697.SZ,1
2019-01-02,000698.SZ,1
2019-01-02,000700.SZ,1
2019-01-02,000701.SZ,1
2019-01-02,000702.SZ,1
2019-01-02,000703.SZ,1
2019-01-02,000705.SZ,1
2019-01-02,000707.SZ,1
2019-01-02,000708.SZ,0
2019-01-02,000709.SZ,1
2019-01-02,000710.SZ,1
2019-01-02,000711.SZ,1
2019-01-02,000712.SZ,1
2019-01-02,000713.SZ,1
2019-01-02,000715.SZ,1
2019-01-02,000716.SZ,1
2019-01-02,000717.SZ,1
2019-01-02,000718.SZ,1
2019-01-02,000719.SZ,1
2019-01-02,000720.SZ,1
2019-01-02,000721.SZ,1
2019-01-02,000722.SZ,1
2019-01-02,000723.SZ,1
2019-01-02,000725.SZ,1
2019-01-02,000726.SZ,1
2019-01-02,000727.SZ,1
2019-01-02,000728.SZ,1
2019-01-02,000729.SZ,1
2019-01-02,000731.SZ,1
2019-01-02,000732.SZ,1
2019-01-02,000733.SZ,1
2019-01-02,000735.SZ,1
2019-01-02,000736.SZ,1
2019-01-02,000737.SZ,1
2019-01-02,000738.SZ,1
2019-01-02,000739.SZ,1
2019-01-02,000750.SZ,1
2019-01-02,000751.SZ,1
2019-01-02,000752.SZ,1
2019-01-02,000753.SZ,1
2019-01-02,000755.SZ,1
2019-01-02,000756.SZ,1
2019-01-02,000757.SZ,1
2019-01-02,000758.SZ,1
2019-01-02,000759.SZ,1
2019-01-02,000760.SZ,1
2019-01-02,000761.SZ,1
2019-01-02,000762.SZ,1
2019-01-02,000766.SZ,1
2019-01-02,000767.SZ,1
2019-01-02,000768.SZ,1
2019-01-02,000776.SZ,1
2019-01-02,000777.SZ,1
2019-01-02,000778.SZ,1
2019-01-02,000779.SZ,1
2019-01-02,000780.SZ,1
2019-01-02,000782.SZ,1
2019-01-02,000783.SZ,1
2019-01-02,000785.SZ,1
2019-01-02,000786.SZ,1
2019-01-02,000788.SZ,1
2019-01-02,000789.SZ,1
2019-01-02,000790.SZ,1
2019-01-02,000791.SZ,1
2019-01-02,000792.SZ,1
2019-01-02,000793.SZ,1
2019-01-02,000795.SZ,1
2019-01-02,000796.SZ,1
2019-01-02,000797.SZ,1
2019-01-02,000798.SZ,1
2019-01-02,000799.SZ,1
2019-01-02,000800.SZ,1
2019-01-02,000801.SZ,1
2019-01-02,000802.SZ,1
2019-01-02,000803.SZ,1
2019-01-02,000806.SZ,1
2019-01-02,000807.SZ,1
2019-01-02,000809.SZ,1
2019-01-02,000810.SZ,1
2019-01-02,000811.SZ,1
2019-01-02,000812.SZ,1
2019-01-02,000813.SZ,1
2019-01-02,000815.SZ,1
2019-01-02,000816.SZ,1
2019-01-02,000818.SZ,1
2019-01-02,000819.SZ,1
2019-01-02,000820.SZ,1
2019-01-02,000821.SZ,1
2019-01-02,000822.SZ,1
2019-01-02,000823.SZ,1
2019-01-02,000825.SZ,1
2019-01-02,000826.SZ,1
2019-01-02,000828.SZ,1
2019-01-02,000829.SZ,1
2019-01-02,000830.SZ,1
2019-01-02,000831.SZ,1
2019-01-02,000833.SZ,1
2019-01-02,000835.SZ,1
2019-01-02,000836.SZ,1
2019-01-02,000837.SZ,1
2019-01-02,000838.SZ,1
2019-01-02,000839.SZ,1
2019-01-02,000848.SZ,1
2019-01-02,000850.SZ,1
2019-01-02,000851.SZ,1
2019-01-02,000852.SZ,1
2019-01-02,000856.SZ,1
2019-01-02,000858.SZ,1
2019-01-02,000859.SZ,1
2019-01-02,000860.SZ,1
2019-01-02,000861.SZ,1
2019-01-02,000862.SZ,1
2019-01-02,000863.SZ,1
2019-01-02,000868.SZ,1
2019-01-02,000869.SZ,1
2019-01-02,000875.SZ,1
2019-01-02,000876.SZ,1
2019-01-02,000877.SZ,1
2019-01-02,000878.SZ,1
2019-01-02,000880.SZ,1
2019-01-02,000881.SZ,1
2019-01-02,000882.SZ,1
2019-01-02,000883.SZ,1
2019-01-02,000885.SZ,1
2019-01-02,000886.SZ,1
2019-01-02,000887.SZ,1
2019-01-02,000888.SZ,1
2019-01-02,000889.SZ,1
2019-01-02,000890.SZ,1
2019-01-02,000892.SZ,1
2019-01-02,000893.SZ,1
2019-01-02,000895.SZ,1
2019-01-02,000897.SZ,1
2019-01-02,000898.SZ,1
2019-01-02,000899.SZ,1
2019-01-02,000900.SZ,1
2019-01-02,000901.SZ,1
2019-01-02,000902.SZ,1
2019-01-02,000903.SZ,1
2019-01-02,000905.SZ,1
2019-01-02,000906.SZ,1
2019-01-02,000908.SZ,1
2019-01-02,000909.SZ,1
2019-01-02,000910.SZ,1
2019-01-02,000911.SZ,1
2019-01-02,000912.SZ,1
2019-01-02,000913.SZ,1
2019-01-02,000915.SZ,1
2019-01-02,000917.SZ,1
2019-01-02,000918.SZ,1
2019-01-02,000919.SZ,1
2019-01-02,000920.SZ,1
2019-01-02,000921.SZ,1
2019-01-02,000922.SZ,1
2019-01-02,000923.SZ,1
2019-01-02,000925.SZ,1
2019-01-02,000926.SZ,1
2019-01-02,000927.SZ,1
2019-01-02,000928.SZ,1
2019-01-02,000929.SZ,1
2019-01-02,000930.SZ,1
2019-01-02,000931.SZ,1
2019-01-02,000932.SZ,1
2019-01-02,000933.SZ,1
2019-01-02,000935.SZ,1
2019-01-02,000936.SZ,1
2019-01-02,000937.SZ,1
2019-01-02,000938.SZ,1
2019-01-02,000939.SZ,1
2019-01-02,000948.SZ,1
2019-01-02,000949.SZ,1
2019-01-02,000950.SZ,1
2019-01-02,000951.SZ,1
2019-01-02,000952.SZ,1
2019-01-02,000953.SZ,1
2019-01-02,000955.SZ,1
2019-01-02,000957.SZ,1
2019-01-02,000958.SZ,1
2019-01-02,000959.SZ,1
2019-01-02,000960.SZ,1
2019-01-02,000961.SZ,1
2019-01-02,000962.SZ,1
2019-01-02,000963.SZ,1
2019-01-02,000965.SZ,1
2019-01-02,000966.SZ,1
2019-01-02,000967.SZ,1
2019-01-02,000968.SZ,1
2019-01-02,000969.SZ,1
2019-01-02,000970.SZ,1
2019-01-02,000971.SZ,1
2019-01-02,000972.SZ,1
2019-01-02,000973.SZ,1
2019-01-02,000975.SZ,1
2019-01-02,000976.SZ,1
2019-01-02,000977.SZ,1
2019-01-02,000978.SZ,1
2019-01-02,000980.SZ,1
2019-01-02,000981.SZ,1
2019-01-02,000982.SZ,1
2019-01-02,000983.SZ,1
2019-01-02,000985.SZ,1
2019-01-02,000987.SZ,0
2019-01-02,000988.SZ,1
2019-01-02,000989.SZ,1
2019-01-02,000990.SZ,1
2019-01-02,000993.SZ,1
2019-01-02,000995.SZ,1
2019-01-02,000996.SZ,1
2019-01-02,000997.SZ,1
2019-01-02,000998.SZ,1
2019-01-02,000999.SZ,1
2019-01-02,001696.SZ,1
2019-01-02,001872.SZ,1
2019-01-02,001896.SZ,1
2019-01-02,001914.SZ,1
2019-01-02,001965.SZ,1
2019-01-02,001979.SZ,1
2019-01-02,002001.SZ,1
2019-01-02,002002.SZ,1
2019-01-02,002003.SZ,1
2019-01-02,002004.SZ,1
2019-01-02,002005.SZ,1
2019-01-02,002006.SZ,1
2019-01-02,002007.SZ,1
2019-01-02,002008.SZ,1
2019-01-02,002009.SZ,1
2019-01-02,002010.SZ,1
2019-01-02,002011.SZ,1
2019-01-02,002012.SZ,1
2019-01-02,002013.SZ,1
2019-01-02,002014.SZ,1
2019-01-02,002015.SZ,1
2019-01-02,002016.SZ,1
2019-01-02,002017.SZ,1
2019-01-02,002018.SZ,1
2019-01-02,002019.SZ,1
2019-01-02,002020.SZ,1
2019-01-02,002021.SZ,1
2019-01-02,002022.SZ,1
2019-01-02,002023.SZ,1
2019-01-02,002024.SZ,1
2019-01-02,002025.SZ,1
2019-01-02,002026.SZ,1
2019-01-02,002027.SZ,1
2019-01-02,002028.SZ,1
2019-01-02,002029.SZ,1
2019-01-02,002030.SZ,1
2019-01-02,002031.SZ,1
2019-01-02,002032.SZ,1
2019-01-02,002033.SZ,1
2019-01-02,002034.SZ,1
2019-01-02,002035.SZ,1
2019-01-02,002036.SZ,1
2019-01-02,002037.SZ,1
2019-01-02,002038.SZ,1
2019-01-02,002039.SZ,1
2019-01-02,002040.SZ,1
2019-01-02,002041.SZ,1
2019-01-02,002042.SZ,1
2019-01-02,002043.SZ,1
2019-01-02,002044.SZ,1
2019-01-02,002045.SZ,1
2019-01-02,002046.SZ,1
2019-01-02,002047.SZ,1
2019-01-02,002048.SZ,1
2019-01-02,002049.SZ,1
2019-01-02,002050.SZ,1
2019-01-02,002051.SZ,1
2019-01-02,002052.SZ,1
2019-01-02,002053.SZ,1
2019-01-02,002054.SZ,1
2019-01-02,002055.SZ,1
2019-01-02,002056.SZ,1
2019-01-02,002057.SZ,1
2019-01-02,002058.SZ,1
2019-01-02,002059.SZ,1
2019-01-02,002060.SZ,1
2019-01-02,002061.SZ,1
2019-01-02,002062.SZ,1
2019-01-02,002063.SZ,1
2019-01-02,002064.SZ,1
2019-01-02,002065.SZ,1
2019-01-02,002066.SZ,1
2019-01-02,002067.SZ,1
2019-01-02,002068.SZ,1
2019-01-02,002069.SZ,1
2019-01-02,002070.SZ,0
2019-01-02,002071.SZ,1
2019-01-02,002072.SZ,1
2019-01-02,002073.SZ,1
2019-01-02,002074.SZ,1
2019-01-02,002075.SZ,1
2019-01-02,002076.SZ,1
2019-01-02,002077.SZ,1
2019-01-02,002078.SZ,1
2019-01-02,002079.SZ,1
2019-01-02,002080.SZ,1
2019-01-02,002081.SZ,1
2019-01-02,002082.SZ,1
2019-01-02,002083.SZ,1
2019-01-02,002084.SZ,1
2019-01-02,002085.SZ,1
2019-01-02,002086.SZ,1
2019-01-02,002087.SZ,1
2019-01-02,002088.SZ,1
2019-01-02,002089.SZ,1
2019-01-02,002090.SZ,1
2019-01-02,002091.SZ,1
2019-01-02,002092.SZ,1
2019-01-02,002093.SZ,1
2019-01-02,002094.SZ,1
2019-01-02,002095.SZ,1
2019-01-02,002096.SZ,1
2019-01-02,002097.SZ,1
2019-01-02,002098.SZ,1
2019-01-02,002099.SZ,1
2019-01-02,002100.SZ,1
2019-01-02,002101.SZ,1
2019-01-02,002102.SZ,1
2019-01-02,002103.SZ,1
2019-01-02,002104.SZ,1
2019-01-02,002105.SZ,1
2019-01-02,002106.SZ,1
2019-01-02,002107.SZ,1
2019-01-02,002108.SZ,1
2019-01-02,002109.SZ,1
2019-01-02,002110.SZ,1
2019-01-02,002111.SZ,1
2019-01-02,002112.SZ,1
2019-01-02,002113.SZ,1
2019-01-02,002114.SZ,1
2019-01-02,002115.SZ,1
2019-01-02,002116.SZ,1
2019-01-02,002117.SZ,1
2019-01-02,002118.SZ,1
2019-01-02,002119.SZ,1
2019-01-02,002120.SZ,1
2019-01-02,002121.SZ,1
2019-01-02,002122.SZ,1
2019-01-02,002123.SZ,1
2019-01-02,002124.SZ,1
2019-01-02,002125.SZ,1
2019-01-02,002126.SZ,1
2019-01-02,002127.SZ,1
2019-01-02,002128.SZ,1
2019-01-02,002129.SZ,1
2019-01-02,002130.SZ,1
2019-01-02,002131.SZ,1
2019-01-02,002132.SZ,1
2019-01-02,002133.SZ,1
2019-01-02,002134.SZ,1
2019-01-02,002135.SZ,1
2019-01-02,002136.SZ,1
2019-01-02,002137.SZ,1
2019-01-02,002138.SZ,1
2019-01-02,002139.SZ,1
2019-01-02,002140.SZ,1
2019-01-02,002141.SZ,1
2019-01-02,002142.SZ,1
2019-01-02,002143.SZ,1
2019-01-02,002144.SZ,1
2019-01-02,002145.SZ,1
2019-01-02,002146.SZ,1
2019-01-02,002147.SZ,1
2019-01-02,002148.SZ,1
2019-01-02,002149.SZ,1
2019-01-02,002150.SZ,1
2019-01-02,002151.SZ,1
2019-01-02,002152.SZ,1
2019-01-02,002153.SZ,1
2019-01-02,002154.SZ,1
2019-01-02,002155.SZ,1
2019-01-02,002156.SZ,1
2019-01-02,002157.SZ,1
2019-01-02,002158.SZ,1
2019-01-02,002159.SZ,1
2019-01-02,002160.SZ,1
2019-01-02,002161.SZ,1
2019-01-02,002162.SZ,1
2019-01-02,002163.SZ,1
2019-01-02,002164.SZ,1
2019-01-02,002165.SZ,1
2019-01-02,002166.SZ,1
2019-01-02,002167.SZ,1
2019-01-02,002168.SZ,1
2019-01-02,002169.SZ,1
2019-01-02,002170.SZ,1
2019-01-02,002171.SZ,1
2019-01-02,002172.SZ,1
2019-01-02,002173.SZ,1
2019-01-02,002174.SZ,1
2019-01-02,002175.SZ,1
2019-01-02,002176.SZ,1
2019-01-02,002177.SZ,1
2019-01-02,002178.SZ,1
2019-01-02,002179.SZ,1
2019-01-02,002180.SZ,1
2019-01-02,002181.SZ,1
2019-01-02,002182.SZ,1
2019-01-02,002183.SZ,1
2019-01-02,002184.SZ,1
2019-01-02,002185.SZ,1
2019-01-02,002186.SZ,1
2019-01-02,002187.SZ,1
2019-01-02,002188.SZ,1
2019-01-02,002189.SZ,1
2019-01-02,002190.SZ,1
2019-01-02,002191.SZ,1
2019-01-02,002192.SZ,1
2019-01-02,002193.SZ,1
2019-01-02,002194.SZ,1
2019-01-02,002195.SZ,1
2019-01-02,002196.SZ,1
2019-01-02,002197.SZ,1
2019-01-02,002198.SZ,1
2019-01-02,002199.SZ,1
2019-01-02,002200.SZ,1
2019-01-02,002201.SZ,1
2019-01-02,002202.SZ,1
2019-01-02,002203.SZ,1
2019-01-02,002204.SZ,1
2019-01-02,002205.SZ,1
2019-01-02,002206.SZ,1
2019-01-02,002207.SZ,1
2019-01-02,002208.SZ,1
2019-01-02,002209.SZ,1
2019-01-02,002210.SZ,1
2019-01-02,002211.SZ,1
2019-01-02,002212.SZ,1
2019-01-02,002213.SZ,1
2019-01-02,002214.SZ,1
2019-01-02,002215.SZ,1
2019-01-02,002216.SZ,1
2019-01-02,002217.SZ,1
2019-01-02,002218.SZ,1
2019-01-02,002219.SZ,1
2019-01-02,002220.SZ,1
2019-01-02,002221.SZ,1
2019-01-02,002222.SZ,1
2019-01-02,002223.SZ,1
2019-01-02,002224.SZ,1
2019-01-02,002225.SZ,1
2019-01-02,002226.SZ,1
2019-01-02,002227.SZ,1
2019-01-02,002228.SZ,1
2019-01-02,002229.SZ,1
2019-01-02,002230.SZ,1
2019-01-02,002231.SZ,1
2019-01-02,002232.SZ,1
2019-01-02,002233.SZ,1
2019-01-02,002234.SZ,1
2019-01-02,002235.SZ,1
2019-01-02,002236.SZ,1
2019-01-02,002237.SZ,1
2019-01-02,002238.SZ,1
2019-01-02,002239.SZ,1
2019-01-02,002240.SZ,1
2019-01-02,002241.SZ,1
2019-01-02,002242.SZ,1
2019-01-02,002243.SZ,1
2019-01-02,002244.SZ,1
2019-01-02,002245.SZ,1
2019-01-02,002246.SZ,1
2019-01-02,002247.SZ,1
2019-01-02,002248.SZ,1
2019-01-02,002249.SZ,1
2019-01-02,002250.SZ,1
2019-01-02,002251.SZ,1
2019-01-02,002252.SZ,1
2019-01-02,002253.SZ,1
2019-01-02,002254.SZ,1
2019-01-02,002255.SZ,1
2019-01-02,002256.SZ,1
2019-01-02,002258.SZ,1
2019-01-02,002259.SZ,1
2019-01-02,002260.SZ,1
2019-01-02,002261.SZ,1
2019-01-02,002262.SZ,1
2019-01-02,002263.SZ,1
2019-01-02,002264.SZ,1
2019-01-02,002265.SZ,1
2019-01-02,002266.SZ,1
2019-01-02,002267.SZ,1
2019-01-02,002268.SZ,1
2019-01-02,002269.SZ,1
2019-01-02,002270.SZ,1
2019-01-02,002271.SZ,1
2019-01-02,002272.SZ,1
2019-01-02,002273.SZ,1
2019-01-02,002274.SZ,1
2019-01-02,002275.SZ,1
2019-01-02,002276.SZ,1
2019-01-02,002277.SZ,1
2019-01-02,002278.SZ,1
2019-01-02,002279.SZ,1
2019-01-02,002280.SZ,1
2019-01-02,002281.SZ,1
2019-01-02,002282.SZ,1
2019-01-02,002283.SZ,1
2019-01-02,002284.SZ,1
2019-01-02,002285.SZ,1
2019-01-02,002286.SZ,1
2019-01-02,002287.SZ,1
2019-01-02,002288.SZ,1
2019-01-02,002289.SZ,1
2019-01-02,002290.SZ,1
2019-01-02,002291.SZ,1
2019-01-02,002292.SZ,1
2019-01-02,002293.SZ,1
2019-01-02,002294.SZ,1
2019-01-02,002295.SZ,1
2019-01-02,002296.SZ,1
2019-01-02,002297.SZ,1
2019-01-02,002298.SZ,1
2019-01-02,002299.SZ,1
2019-01-02,002300.SZ,1
2019-01-02,002301.SZ,1
2019-01-02,002302.SZ,1
2019-01-02,002303.SZ,1
2019-01-02,002304.SZ,1
2019-01-02,002305.SZ,1
2019-01-02,002306.SZ,1
2019-01-02,002307.SZ,1
2019-01-02,002308.SZ,1
2019-01-02,002309.SZ,1
2019-01-02,002310.SZ,1
2019-01-02,002311.SZ,1
2019-01-02,002312.SZ,1
2019-01-02,002313.SZ,1
2019-01-02,002314.SZ,1
2019-01-02,002315.SZ,1
2019-01-02,002316.SZ,1
2019-01-02,002317.SZ,1
2019-01-02,002318.SZ,1
2019-01-02,002319.SZ,1
2019-01-02,002320.SZ,1
2019-01-02,002321.SZ,1
2019-01-02,002322.SZ,1
2019-01-02,002323.SZ,0
2019-01-02,002324.SZ,1
2019-01-02,002325.SZ,1
2019-01-02,002326.SZ,1
2019-01-02,002327.SZ,1
2019-01-02,002328.SZ,1
2019-01-02,002329.SZ,1
2019-01-02,002330.SZ,1
2019-01-02,002331.SZ,1
2019-01-02,002332.SZ,1
2019-01-02,002333.SZ,1
2019-01-02,002334.SZ,1
2019-01-02,002335.SZ,1
2019-01-02,002336.SZ,1
2019-01-02,002337.SZ,1
2019-01-02,002338.SZ,1
2019-01-02,002339.SZ,1
2019-01-02,002340.SZ,1
2019-01-02,002341.SZ,1
2019-01-02,002342.SZ,1
2019-01-02,002343.SZ,1
2019-01-02,002344.SZ,1
2019-01-02,002345.SZ,1
2019-01-02,002346.SZ,1
2019-01-02,002347.SZ,1
2019-01-02,002348.SZ,1
2019-01-02,002349.SZ,1
2019-01-02,002350.SZ,1
2019-01-02,002351.SZ,1
2019-01-02,002352.SZ,1
2019-01-02,002353.SZ,1
2019-01-02,002354.SZ,1
2019-01-02,002355.SZ,1
2019-01-02,002356.SZ,1
2019-01-02,002357.SZ,1
2019-01-02,002358.SZ,1
2019-01-02,002359.SZ,1
2019-01-02,002360.SZ,1
2019-01-02,002361.SZ,1
2019-01-02,002362.SZ,1
2019-01-02,002363.SZ,1
2019-01-02,002364.SZ,1
2019-01-02,002365.SZ,1
2019-01-02,002366.SZ,1
2019-01-02,002367.SZ,1
2019-01-02,002368.SZ,1
2019-01-02,002369.SZ,1
2019-01-02,002370.SZ,1
2019-01-02,002371.SZ,1
2019-01-02,002372.SZ,1
2019-01-02,002373.SZ,1
2019-01-02,002374.SZ,1
2019-01-02,002375.SZ,1
2019-01-02,002376.SZ,1
2019-01-02,002377.SZ,1
2019-01-02,002378.SZ,1
2019-01-02,002379.SZ,1
2019-01-02,002380.SZ,1
2019-01-02,002381.SZ,1
2019-01-02,002382.SZ,1
2019-01-02,002383.SZ,1
2019-01-02,002384.SZ,1
2019-01-02,002385.SZ,1
2019-01-02,002386.SZ,1
2019-01-02,002387.SZ,1
2019-01-02,002388.SZ,1
2019-01-02,002389.SZ,1
2019-01-02,002390.SZ,1
2019-01-02,002391.SZ,1
2019-01-02,002392.SZ,1
2019-01-02,002393.SZ,1
2019-01-02,002394.SZ,1
2019-01-02,002395.SZ,1
2019-01-02,002396.SZ,1
2019-01-02,002397.SZ,1
2019-01-02,002398.SZ,1
2019-01-02,002399.SZ,1
2019-01-02,002400.SZ,1
2019-01-02,002401.SZ,1
2019-01-02,002402.SZ,1
2019-01-02,002403.SZ,1
2019-01-02,002404.SZ,1
2019-01-02,002405.SZ,1
2019-01-02,002406.SZ,1
2019-01-02,002407.SZ,1
2019-01-02,002408.SZ,1
2019-01-02,002409.SZ,1
2019-01-02,002410.SZ,1
2019-01-02,002411.SZ,1
2019-01-02,002412.SZ,1
2019-01-02,002413.SZ,1
2019-01-02,002414.SZ,1
2019-01-02,002415.SZ,1
2019-01-02,002416.SZ,1
2019-01-02,002417.SZ,1
2019-01-02,002418.SZ,1
2019-01-02,002419.SZ,1
2019-01-02,002420.SZ,1
2019-01-02,002421.SZ,1
2019-01-02,002422.SZ,1
2019-01-02,002423.SZ,1
2019-01-02,002424.SZ,1
2019-01-02,002425.SZ,1
2019-01-02,002426.SZ,1
2019-01-02,002427.SZ,1
2019-01-02,002428.SZ,1
2019-01-02,002429.SZ,1
2019-01-02,002430.SZ,1
2019-01-02,002431.SZ,1
2019-01-02,002432.SZ,1
2019-01-02,002433.SZ,1
2019-01-02,002434.SZ,1
2019-01-02,002435.SZ,1
2019-01-02,002436.SZ,1
2019-01-02,002437.SZ,1
2019-01-02,002438.SZ,1
2019-01-02,002439.SZ,1
2019-01-02,002440.SZ,1
2019-01-02,002441.SZ,1
2019-01-02,002442.SZ,1
2019-01-02,002443.SZ,1
2019-01-02,002444.SZ,1
2019-01-02,002445.SZ,1
2019-01-02,002446.SZ,1
2019-01-02,002447.SZ,1
2019-01-02,002448.SZ,1
2019-01-02,002449.SZ,1
2019-01-02,002450.SZ,1
2019-01-02,002451.SZ,1
2019-01-02,002452.SZ,1
2019-01-02,002453.SZ,1
2019-01-02,002454.SZ,1
2019-01-02,002455.SZ,1
2019-01-02,002456.SZ,1
2019-01-02,002457.SZ,1
2019-01-02,002458.SZ,1
2019-01-02,002459.SZ,1
2019-01-02,002460.SZ,1
2019-01-02,002461.SZ,1
2019-01-02,002462.SZ,1
2019-01-02,002463.SZ,1
2019-01-02,002464.SZ,1
2019-01-02,002465.SZ,1
2019-01-02,002466.SZ,1
2019-01-02,002467.SZ,1
2019-01-02,002468.SZ,1
2019-01-02,002469.SZ,1
2019-01-02,002470.SZ,1
2019-01-02,002471.SZ,1
2019-01-02,002472.SZ,1
2019-01-02,002473.SZ,1
2019-01-02,002474.SZ,1
2019-01-02,002475.SZ,1
2019-01-02,002476.SZ,1
2019-01-02,002477.SZ,1
2019-01-02,002478.SZ,1
2019-01-02,002479.SZ,1
2019-01-02,002480.SZ,1
2019-01-02,002481.SZ,1
2019-01-02,002482.SZ,1
2019-01-02,002483.SZ,1
2019-01-02,002484.SZ,1
2019-01-02,002485.SZ,1
2019-01-02,002486.SZ,1
2019-01-02,002487.SZ,1
2019-01-02,002488.SZ,1
2019-01-02,002489.SZ,1
2019-01-02,002490.SZ,1
2019-01-02,002491.SZ,1
2019-01-02,002492.SZ,1
2019-01-02,002493.SZ,1
2019-01-02,002494.SZ,1
2019-01-02,002495.SZ,1
2019-01-02,002496.SZ,1
2019-01-02,002497.SZ,1
2019-01-02,002498.SZ,1
2019-01-02,002499.SZ,1
2019-01-02,002500.SZ,1
2019-01-02,002501.SZ,1
2019-01-02,002502.SZ,1
2019-01-02,002503.SZ,1
2019-01-02,002504.SZ,1
2019-01-02,002505.SZ,1
2019-01-02,002506.SZ,1
2019-01-02,002507.SZ,1
2019-01-02,002508.SZ,1
2019-01-02,002509.SZ,1
2019-01-02,002510.SZ,1
2019-01-02,002511.SZ,1
2019-01-02,002512.SZ,1
2019-01-02,002513.SZ,1
2019-01-02,002514.SZ,1
2019-01-02,002515.SZ,1
2019-01-02,002516.SZ,1
2019-01-02,002517.SZ,1
2019-01-02,002518.SZ,1
2019-01-02,002519.SZ,1
2019-01-02,002520.SZ,1
2019-01-02,002521.SZ,1
2019-01-02,002522.SZ,1
2019-01-02,002523.SZ,1
2019-01-02,002524.SZ,1
2019-01-02,002526.SZ,1
2019-01-02,002527.SZ,1
2019-01-02,002528.SZ,1
2019-01-02,002529.SZ,1
2019-01-02,002530.SZ,1
2019-01-02,002531.SZ,1
2019-01-02,002532.SZ,1
2019-01-02,002533.SZ,1
2019-01-02,002534.SZ,1
2019-01-02,002535.SZ,1
2019-01-02,002536.SZ,1
2019-01-02,002537.SZ,1
2019-01-02,002538.SZ,1
2019-01-02,002539.SZ,1
2019-01-02,002540.SZ,1
2019-01-02,002541.SZ,1
2019-01-02,002542.SZ,1
2019-01-02,002543.SZ,1
2019-01-02,002544.SZ,1
2019-01-02,002545.SZ,1
2019-01-02,002546.SZ,1
2019-01-02,002547.SZ,1
2019-01-02,002548.SZ,1
2019-01-02,002549.SZ,1
2019-01-02,002550.SZ,1
2019-01-02,002551.SZ,1
2019-01-02,002552.SZ,1
2019-01-02,002553.SZ,1
2019-01-02,002554.SZ,1
2019-01-02,002555.SZ,1
2019-01-02,002556.SZ,1
2019-01-02,002557.SZ,1
2019-01-02,002558.SZ,1
2019-01-02,002559.SZ,1
2019-01-02,002560.SZ,1
2019-01-02,002561.SZ,1
2019-01-02,002562.SZ,1
2019-01-02,002563.SZ,1
2019-01-02,002564.SZ,1
2019-01-02,002565.SZ,1
2019-01-02,002566.SZ,1
2019-01-02,002567.SZ,1
2019-01-02,002568.SZ,1
2019-01-02,002569.SZ,1
2019-01-02,002570.SZ,1
2019-01-02,002571.SZ,1
2019-01-02,002572.SZ,1
2019-01-02,002573.SZ,1
2019-01-02,002574.SZ,1
2019-01-02,002575.SZ,1
2019-01-02,002576.SZ,1
2019-01-02,002577.SZ,1
2019-01-02,002578.SZ,1
2019-01-02,002579.SZ,1
2019-01-02,002580.SZ,1
2019-01-02,002581.SZ,1
2019-01-02,002582.SZ,1
2019-01-02,002583.SZ,1
2019-01-02,002584.SZ,1
2019-01-02,002585.SZ,1
2019-01-02,002586.SZ,1
2019-01-02,002587.SZ,1
2019-01-02,002588.SZ,1
2019-01-02,002589.SZ,1
2019-01-02,002590.SZ,1
2019-01-02,002591.SZ,1
2019-01-02,002592.SZ,1
2019-01-02,002593.SZ,1
2019-01-02,002594.SZ,1
2019-01-02,002595.SZ,1
2019-01-02,002596.SZ,1
2019-01-02,002597.SZ,1
2019-01-02,002598.SZ,1
2019-01-02,002599.SZ,1
2019-01-02,002600.SZ,1
2019-01-02,002601.SZ,1
2019-01-02,002602.SZ,1
2019-01-02,002603.SZ,1
2019-01-02,002604.SZ,1
2019-01-02,002605.SZ,1
2019-01-02,002606.SZ,1
2019-01-02,002607.SZ,1
2019-01-02,002608.SZ,1
2019-01-02,002609.SZ,1
2019-01-02,002610.SZ,1
2019-01-02,002611.SZ,1
2019-01-02,002612.SZ,1
2019-01-02,002613.SZ,1
2019-01-02,002614.SZ,1
2019-01-02,002615.SZ,1
2019-01-02,002616.SZ,1
2019-01-02,002617.SZ,1
2019-01-02,002618.SZ,1
2019-01-02,002619.SZ,1
2019-01-02,002620.SZ,1
2019-01-02,002621.SZ,1
2019-01-02,002622.SZ,1
2019-01-02,002623.SZ,1
2019-01-02,002624.SZ,1
2019-01-02,002625.SZ,1
2019-01-02,002626.SZ,1
2019-01-02,002627.SZ,1
2019-01-02,002628.SZ,1
2019-01-02,002629.SZ,1
2019-01-02,002630.SZ,1
2019-01-02,002631.SZ,1
2019-01-02,002632.SZ,1
2019-01-02,002633.SZ,1
2019-01-02,002634.SZ,1
2019-01-02,002635.SZ,1
2019-01-02,002636.SZ,1
2019-01-02,002637.SZ,1
2019-01-02,002638.SZ,1
2019-01-02,002639.SZ,1
2019-01-02,002640.SZ,1
2019-01-02,002641.SZ,1
2019-01-02,002642.SZ,1
2019-01-02,002643.SZ,1
2019-01-02,002644.SZ,1
2019-01-02,002645.SZ,1
2019-01-02,002646.SZ,1
2019-01-02,002647.SZ,1
2019-01-02,002648.SZ,1
2019-01-02,002649.SZ,1
2019-01-02,002650.SZ,1
2019-01-02,002651.SZ,1
2019-01-02,002652.SZ,1
2019-01-02,002653.SZ,1
2019-01-02,002654.SZ,1
2019-01-02,002655.SZ,1
2019-01-02,002656.SZ,1
2019-01-02,002657.SZ,1
2019-01-02,002658.SZ,1
2019-01-02,002659.SZ,1
2019-01-02,002660.SZ,1
2019-01-02,002661.SZ,1
2019-01-02,002662.SZ,1
2019-01-02,002663.SZ,1
2019-01-02,002664.SZ,1
2019-01-02,002665.SZ,1
2019-01-02,002666.SZ,1
2019-01-02,002667.SZ,1
2019-01-02,002668.SZ,1
2019-01-02,002669.SZ,1
2019-01-02,002670.SZ,1
2019-01-02,002671.SZ,1
2019-01-02,002672.SZ,1
2019-01-02,002673.SZ,1
2019-01-02,002674.SZ,1
2019-01-02,002675.SZ,1
2019-01-02,002676.SZ,1
2019-01-02,002677.SZ,1
2019-01-02,002678.SZ,1
2019-01-02,002679.SZ,1
2019-01-02,002680.SZ,0
2019-01-02,002681.SZ,1
2019-01-02,002682.SZ,1
2019-01-02,002683.SZ,1
2019-01-02,002684.SZ,1
2019-01-02,002685.SZ,1
2019-01-02,002686.SZ,1
2019-01-02,002687.SZ,1
2019-01-02,002688.SZ,1
2019-01-02,002689.SZ,1
2019-01-02,002690.SZ,1
2019-01-02,002691.SZ,1
2019-01-02,002692.SZ,1
2019-01-02,002693.SZ,1
2019-01-02,002694.SZ,1
2019-01-02,002695.SZ,1
2019-01-02,002696.SZ,1
2019-01-02,002697.SZ,1
2019-01-02,002698.SZ,1
2019-01-02,002699.SZ,1
2019-01-02,002700.SZ,1
2019-01-02,002701.SZ,1
2019-01-02,002702.SZ,1
2019-01-02,002703.SZ,1
2019-01-02,002705.SZ,1
2019-01-02,002706.SZ,1
2019-01-02,002707.SZ,1
2019-01-02,002708.SZ,1
2019-01-02,002709.SZ,1
2019-01-02,002711.SZ,1
2019-01-02,002712.SZ,1
2019-01-02,002713.SZ,1
2019-01-02,002714.SZ,1
2019-01-02,002715.SZ,1
2019-01-02,002716.SZ,1
2019-01-02,002717.SZ,1
2019-01-02,002718.SZ,1
2019-01-02,002719.SZ,1
2019-01-02,002721.SZ,1
2019-01-02,002722.SZ,1
2019-01-02,002723.SZ,1
2019-01-02,002724.SZ,1
2019-01-02,002725.SZ,1
2019-01-02,002726.SZ,1
2019-01-02,002727.SZ,1
2019-01-02,002728.SZ,1
2019-01-02,002729.SZ,1
2019-01-02,002730.SZ,1
2019-01-02,002731.SZ,1
2019-01-02,002732.SZ,1
2019-01-02,002733.SZ,1
2019-01-02,002734.SZ,1
2019-01-02,002735.SZ,1
2019-01-02,002736.SZ,1
2019-01-02,002737.SZ,1
2019-01-02,002738.SZ,1
2019-01-02,002739.SZ,1
2019-01-02,002740.SZ,1
2019-01-02,002741.SZ,1
2019-01-02,002742.SZ,1
2019-01-02,002743.SZ,1
2019-01-02,002745.SZ,1
2019-01-02,002746.SZ,1
2019-01-02,002747.SZ,1
2019-01-02,002748.SZ,1
2019-01-02,002749.SZ,1
2019-01-02,002750.SZ,1
2019-01-02,002751.SZ,1
2019-01-02,002752.SZ,1
2019-01-02,002753.SZ,1
2019-01-02,002755.SZ,1
2019-01-02,002756.SZ,1
2019-01-02,002757.SZ,1
2019-01-02,002758.SZ,1
2019-01-02,002759.SZ,1
2019-01-02,002760.SZ,1
2019-01-02,002761.SZ,1
2019-01-02,002762.SZ,1
2019-01-02,002763.SZ,1
2019-01-02,002765.SZ,1
2019-01-02,002766.SZ,1
2019-01-02,002767.SZ,1
2019-01-02,002768.SZ,1
2019-01-02,002769.SZ,1
2019-01-02,002770.SZ,1
2019-01-02,002771.SZ,1
2019-01-02,002772.SZ,1
2019-01-02,002773.SZ,1
2019-01-02,002774.SZ,1
2019-01-02,002775.SZ,1
2019-01-02,002776.SZ,1
2019-01-02,002777.SZ,1
2019-01-02,002778.SZ,1
2019-01-02,002779.SZ,1
2019-01-02,002780.SZ,1
2019-01-02,002781.SZ,1
2019-01-02,002782.SZ,1
2019-01-02,002783.SZ,1
2019-01-02,002785.SZ,1
2019-01-02,002786.SZ,1
2019-01-02,002787.SZ,1
2019-01-02,002788.SZ,1
2019-01-02,002789.SZ,1
2019-01-02,002790.SZ,1
2019-01-02,002791.SZ,1
2019-01-02,002792.SZ,1
2019-01-02,002793.SZ,1
2019-01-02,002795.SZ,1
2019-01-02,002796.SZ,1
2019-01-02,002797.SZ,1
2019-01-02,002798.SZ,1
2019-01-02,002799.SZ,1
2019-01-02,002800.SZ,1
2019-01-02,002801.SZ,1
2019-01-02,002802.SZ,1
2019-01-02,002803.SZ,1
2019-01-02,002805.SZ,1
2019-01-02,002806.SZ,1
2019-01-02,002807.SZ,1
2019-01-02,002808.SZ,1
2019-01-02,002809.SZ,1
2019-01-02,002810.SZ,1
2019-01-02,002811.SZ,1
2019-01-02,002812.SZ,1
2019-01-02,002813.SZ,1
2019-01-02,002815.SZ,1
2019-01-02,002816.SZ,1
2019-01-02,002817.SZ,1
2019-01-02,002818.SZ,1
2019-01-02,002819.SZ,1
2019-01-02,002820.SZ,1
2019-01-02,002821.SZ,1
2019-01-02,002822.SZ,1
2019-01-02,002823.SZ,1
2019-01-02,002824.SZ,1
2019-01-02,002825.SZ,1
2019-01-02,002826.SZ,1
2019-01-02,002827.SZ,1
2019-01-02,002828.SZ,1
2019-01-02,002829.SZ,1
2019-01-02,002830.SZ,1
2019-01-02,002831.SZ,1
2019-01-02,002832.SZ,1
2019-01-02,002833.SZ,1
2019-01-02,002835.SZ,1
2019-01-02,002836.SZ,1
2019-01-02,002837.SZ,1
2019-01-02,002838.SZ,1
2019-01-02,002839.SZ,1
2019-01-02,002840.SZ,1
2019-01-02,002841.SZ,1
2019-01-02,002842.SZ,1
2019-01-02,002843.SZ,1
2019-01-02,002845.SZ,1
2019-01-02,002846.SZ,1
2019-01-02,002847.SZ,1
2019-01-02,002848.SZ,1
2019-01-02,002849.SZ,1
2019-01-02,002850.SZ,1
2019-01-02,002851.SZ,1
2019-01-02,002852.SZ,1
2019-01-02,002853.SZ,1
2019-01-02,002855.SZ,1
2019-01-02,002856.SZ,1
2019-01-02,002857.SZ,1
2019-01-02,002858.SZ,1
2019-01-02,002859.SZ,1
2019-01-02,002860.SZ,1
2019-01-02,002861.SZ,1
2019-01-02,002862.SZ,1
2019-01-02,002863.SZ,1
2019-01-02,002864.SZ,1
2019-01-02,002865.SZ,1
2019-01-02,002866.SZ,1
2019-01-02,002867.SZ,1
2019-01-02,002868.SZ,1
2019-01-02,002869.SZ,1
2019-01-02,002870.SZ,1
2019-01-02,002871.SZ,1
2019-01-02,002872.SZ,1
2019-01-02,002873.SZ,1
2019-01-02,002875.SZ,1
2019-01-02,002876.SZ,1
2019-01-02,002877.SZ,1
2019-01-02,002878.SZ,1
2019-01-02,002879.SZ,1
2019-01-02,002880.SZ,1
2019-01-02,002881.SZ,1
2019-01-02,002882.SZ,1
2019-01-02,002883.SZ,1
2019-01-02,002884.SZ,1
2019-01-02,002885.SZ,1
2019-01-02,002886.SZ,1
2019-01-02,002887.SZ,1
2019-01-02,002888.SZ,1
2019-01-02,002889.SZ,1
2019-01-02,002890.SZ,1
2019-01-02,002891.SZ,1
2019-01-02,002892.SZ,1
2019-01-02,002893.SZ,1
2019-01-02,002895.SZ,1
2019-01-02,002896.SZ,1
2019-01-02,002897.SZ,1
2019-01-02,002898.SZ,1
2019-01-02,002899.SZ,1
2019-01-02,002900.SZ,1
2019-01-02,002901.SZ,1
2019-01-02,002902.SZ,1
2019-01-02,002903.SZ,1
2019-01-02,002905.SZ,1
2019-01-02,002906.SZ,1
2019-01-02,002907.SZ,1
2019-01-02,002908.SZ,1
2019-01-02,002909.SZ,1
2019-01-02,002910.SZ,1
2019-01-02,002911.SZ,1
2019-01-02,002912.SZ,1
2019-01-02,002913.SZ,1
2019-01-02,002915.SZ,1
2019-01-02,002916.SZ,1
2019-01-02,002917.SZ,1
2019-01-02,002918.SZ,1
2019-01-02,002919.SZ,1
2019-01-02,002920.SZ,1
2019-01-02,002921.SZ,1
2019-01-02,002922.SZ,1
2019-01-02,002923.SZ,1
2019-01-02,002925.SZ,1
2019-01-02,002926.SZ,1
2019-01-02,002927.SZ,1
2019-01-02,002928.SZ,1
2019-01-02,002929.SZ,1
2019-01-02,002930.SZ,1
2019-01-02,002931.SZ,1
2019-01-02,002932.SZ,1
2019-01-02,002933.SZ,1
2019-01-02,002935.SZ,1
2019-01-02,002936.SZ,1
2019-01-02,002937.SZ,1
2019-01-02,002938.SZ,1
2019-01-02,002939.SZ,1
2019-01-02,002940.SZ,1
2019-01-02,002941.SZ,1
2019-01-02,002942.SZ,1
2019-01-02,002943.SZ,1
2019-01-02,600000.SH,1
2019-01-02,600004.SH,1
2019-01-02,600006.SH,1
2019-01-02,600007.SH,1
2019-01-02,600008.SH,1
2019-01-02,600009.SH,1
2019-01-02,600010.SH,1
2019-01-02,600011.SH,1
2019-01-02,600012.SH,1
2019-01-02,600015.SH,1
2019-01-02,600016.SH,1
2019-01-02,600017.SH,1
2019-01-02,600018.SH,1
2019-01-02,600019.SH,1
2019-01-02,600020.SH,1
2019-01-02,600021.SH,1
2019-01-02,600022.SH,1
2019-01-02,600023.SH,1
2019-01-02,600025.SH,1
2019-01-02,600026.SH,1
2019-01-02,600027.SH,1
2019-01-02,600028.SH,1
2019-01-02,600029.SH,1
2019-01-02,600030.SH,0
2019-01-02,600031.SH,1
2019-01-02,600033.SH,1
2019-01-02,600035.SH,1
2019-01-02,600036.SH,1
2019-01-02,600037.SH,1
2019-01-02,600038.SH,1
2019-01-02,600039.SH,1
2019-01-02,600048.SH,1
2019-01-02,600050.SH,1
2019-01-02,600051.SH,1
2019-01-02,600052.SH,1
2019-01-02,600053.SH,1
2019-01-02,600054.SH,1
2019-01-02,600055.SH,1
2019-01-02,600056.SH,1
2019-01-02,600057.SH,1
2019-01-02,600058.SH,1
2019-01-02,600059.SH,1
2019-01-02,600060.SH,1
2019-01-02,600061.SH,1
2019-01-02,600062.SH,1
2019-01-02,600063.SH,1
2019-01-02,600064.SH,1
2019-01-02,600066.SH,1
2019-01-02,600067.SH,1
2019-01-02,600068.SH,1
2019-01-02,600069.SH,1
2019-01-02,600070.SH,1
2019-01-02,600071.SH,1
2019-01-02,600072.SH,1
2019-01-02,600073.SH,1
2019-01-02,600074.SH,1
2019-01-02,600075.SH,1
2019-01-02,600076.SH,1
2019-01-02,600077.SH,1
2019-01-02,600078.SH,1
2019-01-02,600079.SH,1
2019-01-02,600080.SH,1
2019-01-02,600081.SH,1
2019-01-02,600082.SH,1
2019-01-02,600083.SH,1
2019-01-02,600084.SH,1
2019-01-02,600085.SH,1
2019-01-02,600086.SH,1
2019-01-02,600088.SH,1
2019-01-02,600089.SH,1
2019-01-02,600090.SH,1
2019-01-02,600091.SH,1
2019-01-02,600093.SH,1
2019-01-02,600094.SH,1
2019-01-02,600095.SH,1
2019-01-02,600096.SH,1
2019-01-02,600097.SH,1
2019-01-02,600098.SH,1
2019-01-02,600099.SH,1
2019-01-02,600100.SH,1
2019-01-02,600101.SH,1
2019-01-02,600103.SH,1
2019-01-02,600104.SH,1
2019-01-02,600105.SH,1
2019-01-02,600106.SH,1
2019-01-02,600107.SH,1
2019-01-02,600108.SH,1
2019-01-02,600109.SH,1
2019-01-02,600110.SH,1
2019-01-02,600111.SH,1
2019-01-02,600112.SH,1
2019-01-02,600113.SH,1
2019-01-02,600114.SH,1
2019-01-02,600115.SH,1
2019-01-02,600116.SH,1
2019-01-02,600117.SH,1
2019-01-02,600118.SH,1
2019-01-02,600119.SH,1
2019-01-02,600120.SH,1
2019-01-02,600121.SH,1
2019-01-02,600122.SH,1
2019-01-02,600123.SH,1
2019-01-02,600125.SH,1
2019-01-02,600126.SH,1
2019-01-02,600127.SH,1
2019-01-02,600128.SH,1
2019-01-02,600129.SH,1
2019-01-02,600130.SH,1
2019-01-02,600131.SH,1
2019-01-02,600132.SH,1
2019-01-02,600133.SH,1
2019-01-02,600135.SH,1
2019-01-02,600136.SH,1
2019-01-02,600137.SH,1
2019-01-02,600138.SH,1
2019-01-02,600139.SH,1
2019-01-02,600141.SH,1
2019-01-02,600143.SH,1
2019-01-02,600145.SH,0
2019-01-02,600146.SH,1
2019-01-02,600148.SH,1
2019-01-02,600149.SH,1
2019-01-02,600150.SH,1
2019-01-02,600151.SH,1
2019-01-02,600152.SH,1
2019-01-02,600153.SH,1
2019-01-02,600155.SH,1
2019-01-02,600156.SH,1
2019-01-02,600157.SH,1
2019-01-02,600158.SH,1
2019-01-02,600159.SH,1
2019-01-02,600160.SH,1
2019-01-02,600161.SH,1
2019-01-02,600162.SH,1
2019-01-02,600163.SH,1
2019-01-02,600165.SH,1
2019-01-02,600166.SH,1
2019-01-02,600167.SH,1
2019-01-02,600168.SH,1
2019-01-02,600169.SH,1
2019-01-02,600170.SH,1
2019-01-02,600171.SH,1
2019-01-02,600172.SH,1
2019-01-02,600173.SH,1
2019-01-02,600175.SH,1
2019-01-02,600176.SH,1
2019-01-02,600177.SH,1
2019-01-02,600178.SH,1
2019-01-02,600179.SH,1
2019-01-02,600180.SH,1
2019-01-02,600182.SH,1
2019-01-02,600183.SH,1
2019-01-02,600184.SH,1
2019-01-02,600185.SH,1
2019-01-02,600186.SH,1
2019-01-02,600187.SH,1
2019-01-02,600188.SH,1
2019-01-02,600189.SH,1
2019-01-02,600190.SH,1
2019-01-02,600191.SH,1
2019-01-02,600192.SH,1
2019-01-02,600193.SH,1
2019-01-02,600195.SH,1
2019-01-02,600196.SH,1
2019-01-02,600197.SH,1
2019-01-02,600198.SH,1
2019-01-02,600199.SH,1
2019-01-02,600200.SH,1
2019-01-02,600201.SH,1
2019-01-02,600202.SH,1
2019-01-02,600203.SH,1
2019-01-02,600206.SH,1
2019-01-02,600207.SH,1
2019-01-02,600208.SH,1
2019-01-02,600209.SH,1
2019-01-02,600210.SH,1
2019-01-02,600211.SH,1
2019-01-02,600212.SH,1
2019-01-02,600213.SH,1
2019-01-02,600215.SH,1
2019-01-02,600216.SH,1
2019-01-02,600217.SH,1
2019-01-02,600218.SH,1
2019-01-02,600219.SH,1
2019-01-02,600220.SH,1
2019-01-02,600221.SH,1
2019-01-02,600222.SH,1
2019-01-02,600223.SH,1
2019-01-02,600225.SH,1
2019-01-02,600226.SH,1
2019-01-02,600227.SH,1
2019-01-02,600228.SH,1
2019-01-02,600229.SH,1
2019-01-02,600230.SH,1
2019-01-02,600231.SH,1
2019-01-02,600232.SH,1
2019-01-02,600233.SH,1
2019-01-02,600234.SH,1
2019-01-02,600235.SH,1
2019-01-02,600236.SH,1
2019-01-02,600237.SH,1
2019-01-02,600238.SH,1
2019-01-02,600239.SH,1
2019-01-02,600240.SH,1
2019-01-02,600241.SH,1
2019-01-02,600242.SH,1
2019-01-02,600243.SH,1
2019-01-02,600246.SH,1
2019-01-02,600247.SH,1
2019-01-02,600248.SH,1
2019-01-02,600249.SH,1
2019-01-02,600250.SH,1
2019-01-02,600251.SH,1
2019-01-02,600252.SH,1
2019-01-02,600255.SH,1
2019-01-02,600256.SH,1
2019-01-02,600257.SH,1
2019-01-02,600258.SH,1
2019-01-02,600259.SH,1
2019-01-02,600260.SH,1
2019-01-02,600261.SH,1
2019-01-02,600262.SH,1
2019-01-02,600265.SH,1
2019-01-02,600266.SH,1
2019-01-02,600267.SH,1
2019-01-02,600268.SH,1
2019-01-02,600269.SH,1
2019-01-02,600271.SH,1
2019-01-02,600272.SH,1
2019-01-02,600273.SH,1
2019-01-02,600275.SH,1
2019-01-02,600276.SH,1
2019-01-02,600277.SH,1
2019-01-02,600278.SH,1
2019-01-02,600279.SH,1
2019-01-02,600280.SH,1
2019-01-02,600281.SH,1
2019-01-02,600282.SH,1
2019-01-02,600283.SH,1
2019-01-02,600284.SH,1
2019-01-02,600285.SH,1
2019-01-02,600287.SH,1
2019-01-02,600288.SH,1
2019-01-02,600289.SH,1
2019-01-02,600290.SH,1
2019-01-02,600291.SH,1
2019-01-02,600292.SH,1
2019-01-02,600293.SH,1
2019-01-02,600295.SH,1
2019-01-02,600297.SH,1
2019-01-02,600298.SH,1
2019-01-02,600299.SH,1
2019-01-02,600300.SH,1
2019-01-02,600301.SH,1
2019-01-02,600302.SH,1
2019-01-02,600303.SH,1
2019-01-02,600305.SH,1
2019-01-02,600306.SH,1
2019-01-02,600307.SH,1
2019-01-02,600308.SH,1
2019-01-02,600309.SH,1
2019-01-02,600310.SH,1
2019-01-02,600311.SH,1
2019-01-02,600312.SH,1
2019-01-02,600313.SH,1
2019-01-02,600315.SH,1
2019-01-02,600316.SH,1
2019-01-02,600317.SH,1
2019-01-02,600318.SH,1
2019-01-02,600319.SH,1
2019-01-02,600320.SH,1
2019-01-02,600321.SH,1
2019-01-02,600322.SH,1
2019-01-02,600323.SH,1
2019-01-02,600325.SH,1
2019-01-02,600326.SH,1
2019-01-02,600327.SH,1
2019-01-02,600328.SH,1
2019-01-02,600329.SH,1
2019-01-02,600330.SH,1
2019-01-02,600331.SH,1
2019-01-02,600332.SH,1
2019-01-02,600333.SH,1
2019-01-02,600335.SH,1
2019-01-02,600336.SH,1
2019-01-02,600337.SH,1
2019-01-02,600338.SH,1
2019-01-02,600339.SH,1
2019-01-02,600340.SH,1
2019-01-02,600343.SH,1
2019-01-02,600345.SH,1
2019-01-02,600346.SH,1
2019-01-02,600348.SH,1
2019-01-02,600350.SH,1
2019-01-02,600351.SH,1
2019-01-02,600352.SH,1
2019-01-02,600353.SH,1
2019-01-02,600354.SH,1
2019-01-02,600355.SH,1
2019-01-02,600356.SH,1
2019-01-02,600358.SH,1
2019-01-02,600359.SH,1
2019-01-02,600360.SH,1
2019-01-02,600361.SH,1
2019-01-02,600362.SH,1
2019-01-02,600363.SH,1
2019-01-02,600365.SH,1
2019-01-02,600366.SH,1
2019-01-02,600367.SH,1
2019-01-02,600368.SH,1
2019-01-02,600369.SH,1
2019-01-02,600370.SH,1
2019-01-02,600371.SH,1
2019-01-02,600372.SH,1
2019-01-02,600373.SH,1
2019-01-02,600375.SH,1
2019-01-02,600376.SH,1
2019-01-02,600377.SH,1
2019-01-02,600378.SH,1
2019-01-02,600379.SH,1
2019-01-02,600380.SH,1
2019-01-02,600381.SH,1
2019-01-02,600382.SH,1
2019-01-02,600383.SH,1
2019-01-02,600385.SH,1
2019-01-02,600386.SH,1
2019-01-02,600387.SH,1
2019-01-02,600388.SH,1
2019-01-02,600389.SH,1
2019-01-02,600390.SH,1
2019-01-02,600391.SH,1
2019-01-02,600392.SH,1
2019-01-02,600393.SH,1
2019-01-02,600395.SH,1
2019-01-02,600396.SH,1
2019-01-02,600397.SH,1
2019-01-02,600398.SH,1
2019-01-02,600399.SH,1
2019-01-02,600400.SH,1
2019-01-02,600401.SH,0
2019-01-02,600403.SH,1
2019-01-02,600405.SH,1
2019-01-02,600406.SH,1
2019-01-02,600408.SH,1
2019-01-02,600409.SH,1
2019-01-02,600410.SH,1
2019-01-02,600415.SH,1
2019-01-02,600416.SH,1
2019-01-02,600418.SH,1
2019-01-02,600419.SH,1
2019-01-02,600420.SH,1
2019-01-02,600421.SH,1
2019-01-02,600422.SH,1
2019-01-02,600423.SH,1
2019-01-02,600425.SH,1
2019-01-02,600426.SH,1
2019-01-02,600428.SH,1
2019-01-02,600429.SH,1
2019-01-02,600433.SH,1
2019-01-02,600435.SH,1
2019-01-02,600436.SH,1
2019-01-02,600438.SH,1
2019-01-02,600439.SH,1
2019-01-02,600444.SH,1
2019-01-02,600446.SH,1
2019-01-02,600448.SH,1
2019-01-02,600449.SH,1
2019-01-02,600452.SH,1
2019-01-02,600455.SH,1
2019-01-02,600456.SH,1
2019-01-02,600458.SH,1
2019-01-02,600459.SH,1
2019-01-02,600460.SH,1
2019-01-02,600461.SH,1
2019-01-02,600462.SH,1
2019-01-02,600463.SH,1
2019-01-02,600466.SH,1
2019-01-02,600467.SH,1
2019-01-02,600468.SH,1
2019-01-02,600469.SH,1
2019-01-02,600470.SH,1
2019-01-02,600475.SH,1
2019-01-02,600476.SH,1
2019-01-02,600477.SH,1
2019-01-02,600478.SH,1
2019-01-02,600479.SH,1
2019-01-02,600480.SH,1
2019-01-02,600481.SH,1
2019-01-02,600482.SH,1
2019-01-02,600483.SH,1
2019-01-02,600485.SH,0
2019-01-02,600486.SH,1
2019-01-02,600487.SH,1
2019-01-02,600488.SH,1
2019-01-02,600489.SH,1
2019-01-02,600490.SH,1
2019-01-02,600491.SH,1
2019-01-02,600493.SH,1
2019-01-02,600495.SH,1
2019-01-02,600496.SH,1
2019-01-02,600497.SH,1
2019-01-02,600498.SH,1
2019-01-02,600499.SH,1
2019-01-02,600500.SH,1
2019-01-02,600501.SH,1
2019-01-02,600502.SH,1
2019-01-02,600503.SH,1
2019-01-02,600505.SH,1
2019-01-02,600506.SH,1
2019-01-02,600507.SH,1
2019-01-02,600508.SH,1
2019-01-02,600509.SH,1
2019-01-02,600510.SH,1
2019-01-02,600511.SH,1
2019-01-02,600512.SH,1
2019-01-02,600513.SH,1
2019-01-02,600515.SH,1
2019-01-02,600516.SH,1
2019-01-02,600517.SH,1
2019-01-02,600518.SH,1
2019-01-02,600519.SH,1
2019-01-02,600520.SH,1
2019-01-02,600521.SH,1
2019-01-02,600522.SH,1
2019-01-02,600523.SH,1
2019-01-02,600525.SH,1
2019-01-02,600526.SH,1
2019-01-02,600527.SH,1
2019-01-02,600528.SH,1
2019-01-02,600529.SH,1
2019-01-02,600530.SH,1
2019-01-02,600531.SH,1
2019-01-02,600532.SH,1
2019-01-02,600533.SH,1
2019-01-02,600535.SH,1
2019-01-02,600536.SH,1
2019-01-02,600537.SH,1
2019-01-02,600538.SH,1
2019-01-02,600539.SH,1
2019-01-02,600540.SH,1
2019-01-02,600543.SH,1
2019-01-02,600545.SH,1
2019-01-02,600546.SH,1
2019-01-02,600547.SH,1
2019-01-02,600548.SH,1
2019-01-02,600549.SH,1
2019-01-02,600550.SH,1
2019-01-02,600551.SH,1
2019-01-02,600552.SH,1
2019-01-02,600555.SH,1
2019-01-02,600556.SH,1
2019-01-02,600557.SH,1
2019-01-02,600558.SH,1
2019-01-02,600559.SH,1
2019-01-02,600560.SH,1
2019-01-02,600561.SH,1
2019-01-02,600562.SH,1
2019-01-02,600563.SH,1
2019-01-02,600565.SH,1
2019-01-02,600566.SH,1
2019-01-02,600567.SH,1
2019-01-02,600568.SH,1
2019-01-02,600569.SH,1
2019-01-02,600570.SH,1
2019-01-02,600571.SH,1
2019-01-02,600572.SH,1
2019-01-02,600573.SH,1
2019-01-02,600575.SH,1
2019-01-02,600576.SH,1
2019-01-02,600577.SH,1
2019-01-02,600578.SH,1
2019-01-02,600579.SH,1
2019-01-02,600580.SH,1
2019-01-02,600581.SH,1
2019-01-02,600582.SH,1
2019-01-02,600583.SH,1
2019-01-02,600584.SH,1
2019-01-02,600585.SH,1
2019-01-02,600586.SH,1
2019-01-02,600587.SH,1
2019-01-02,600588.SH,1
2019-01-02,600589.SH,1
2019-01-02,600590.SH,1
2019-01-02,600592.SH,1
2019-01-02,600593.SH,1
2019-01-02,600594.SH,1
2019-01-02,600595.SH,1
2019-01-02,600596.SH,1
2019-01-02,600597.SH,1
2019-01-02,600598.SH,1
2019-01-02,600599.SH,1
2019-01-02,600600.SH,1
2019-01-02,600601.SH,1
2019-01-02,600602.SH,1
2019-01-02,600603.SH,1
2019-01-02,600604.SH,1
2019-01-02,600605.SH,1
2019-01-02,600606.SH,1
2019-01-02,600608.SH,1
2019-01-02,600609.SH,1
2019-01-02,600610.SH,1
2019-01-02,600611.SH,1
2019-01-02,600612.SH,1
2019-01-02,600613.SH,1
2019-01-02,600614.SH,1
2019-01-02,600615.SH,1
2019-01-02,600616.SH,1
2019-01-02,600617.SH,1
2019-01-02,600618.SH,1
2019-01-02,600619.SH,1
2019-01-02,600620.SH,1
2019-01-02,600621.SH,1
2019-01-02,600622.SH,1
2019-01-02,600623.SH,1
2019-01-02,600624.SH,1
2019-01-02,600626.SH,1
2019-01-02,600628.SH,1
2019-01-02,600629.SH,1
2019-01-02,600630.SH,1
2019-01-02,600633.SH,1
2019-01-02,600634.SH,1
2019-01-02,600635.SH,1
2019-01-02,600636.SH,1
2019-01-02,600637.SH,1
2019-01-02,600638.SH,1
2019-01-02,600639.SH,1
2019-01-02,600640.SH,1
2019-01-02,600641.SH,1
2019-01-02,600642.SH,1
2019-01-02,600643.SH,1
2019-01-02,600644.SH,1
2019-01-02,600645.SH,1
2019-01-02,600647.SH,1
2019-01-02,600648.SH,1
2019-01-02,600649.SH,1
2019-01-02,600650.SH,1
2019-01-02,600651.SH,1
2019-01-02,600652.SH,1
2019-01-02,600653.SH,1
2019-01-02,600654.SH,1
2019-01-02,600655.SH,1
2019-01-02,600657.SH,1
2019-01-02,600658.SH,1
2019-01-02,600660.SH,1
2019-01-02,600661.SH,1
2019-01-02,600662.SH,1
2019-01-02,600663.SH,1
2019-01-02,600664.SH,1
2019-01-02,600665.SH,1
2019-01-02,600666.SH,1
2019-01-02,600667.SH,1
2019-01-02,600668.SH,1
2019-01-02,600671.SH,1
2019-01-02,600673.SH,1
2019-01-02,600674.SH,1
2019-01-02,600675.SH,1
2019-01-02,600676.SH,1
2019-01-02,600677.SH,1
2019-01-02,600678.SH,1
2019-01-02,600679.SH,1
2019-01-02,600680.SH,0
2019-01-02,600681.SH,1
2019-01-02,600682.SH,1
2019-01-02,600683.SH,1
2019-01-02,600684.SH,1
2019-01-02,600685.SH,1
2019-01-02,600686.SH,1
2019-01-02,600687.SH,1
2019-01-02,600688.SH,1
2019-01-02,600689.SH,1
2019-01-02,600690.SH,1
2019-01-02,600691.SH,1
2019-01-02,600692.SH,1
2019-01-02,600693.SH,1
2019-01-02,600694.SH,1
2019-01-02,600695.SH,1
2019-01-02,600696.SH,1
2019-01-02,600697.SH,1
2019-01-02,600698.SH,1
2019-01-02,600699.SH,1
2019-01-02,600701.SH,1
2019-01-02,600702.SH,1
2019-01-02,600703.SH,1
2019-01-02,600704.SH,1
2019-01-02,600705.SH,1
2019-01-02,600706.SH,1
2019-01-02,600707.SH,1
2019-01-02,600708.SH,1
2019-01-02,600710.SH,1
2019-01-02,600711.SH,1
2019-01-02,600712.SH,1
2019-01-02,600713.SH,1
2019-01-02,600714.SH,1
2019-01-02,600715.SH,1
2019-01-02,600716.SH,1
2019-01-02,600717.SH,1
2019-01-02,600718.SH,1
2019-01-02,600719.SH,1
2019-01-02,600720.SH,1
2019-01-02,600721.SH,1
2019-01-02,600722.SH,1
2019-01-02,600723.SH,1
2019-01-02,600724.SH,1
2019-01-02,600725.SH,1
2019-01-02,600726.SH,1
2019-01-02,600727.SH,1
2019-01-02,600728.SH,1
2019-01-02,600729.SH,1
2019-01-02,600730.SH,1
2019-01-02,600731.SH,1
2019-01-02,600732.SH,1
2019-01-02,600733.SH,1
2019-01-02,600734.SH,1
2019-01-02,600735.SH,1
2019-01-02,600736.SH,1
2019-01-02,600737.SH,1
2019-01-02,600738.SH,1
2019-01-02,600739.SH,1
2019-01-02,600740.SH,1
2019-01-02,600741.SH,1
2019-01-02,600742.SH,1
2019-01-02,600743.SH,1
2019-01-02,600744.SH,1
2019-01-02,600745.SH,1
2019-01-02,600746.SH,1
2019-01-02,600747.SH,1
2019-01-02,600748.SH,1
2019-01-02,600749.SH,1
2019-01-02,600750.SH,1
2019-01-02,600751.SH,1
2019-01-02,600753.SH,1
2019-01-02,600754.SH,1
2019-01-02,600755.SH,1
2019-01-02,600756.SH,1
2019-01-02,600757.SH,1
2019-01-02,600758.SH,1
2019-01-02,600759.SH,1
2019-01-02,600760.SH,1
2019-01-02,600761.SH,1
2019-01-02,600763.SH,1
2019-01-02,600764.SH,1
2019-01-02,600765.SH,1
2019-01-02,600766.SH,1
2019-01-02,600767.SH,1
2019-01-02,600768.SH,1
2019-01-02,600769.SH,1
2019-01-02,600770.SH,1
2019-01-02,600771.SH,1
2019-01-02,600773.SH,1
2019-01-02,600774.SH,1
2019-01-02,600775.SH,1
2019-01-02,600776.SH,1
2019-01-02,600777.SH,1
2019-01-02,600778.SH,1
2019-01-02,600779.SH,1
2019-01-02,600780.SH,1
2019-01-02,600781.SH,1
2019-01-02,600782.SH,1
2019-01-02,600783.SH,1
2019-01-02,600784.SH,1
2019-01-02,600785.SH,1
2019-01-02,600787.SH,1
2019-01-02,600789.SH,1
2019-01-02,600790.SH,1
2019-01-02,600791.SH,1
2019-01-02,600792.SH,1
2019-01-02,600793.SH,1
2019-01-02,600794.SH,1
2019-01-02,600795.SH,1
2019-01-02,600796.SH,1
2019-01-02,600797.SH,1
2019-01-02,600798.SH,1
2019-01-02,600800.SH,1
2019-01-02,600801.SH,1
2019-01-02,600802.SH,1
2019-01-02,600803.SH,1
2019-01-02,600804.SH,1
2019-01-02,600805.SH,1
2019-01-02,600807.SH,1
2019-01-02,600808.SH,1
2019-01-02,600809.SH,1
2019-01-02,600810.SH,1
2019-01-02,600811.SH,1
2019-01-02,600812.SH,1
2019-01-02,600814.SH,1
2019-01-02,600815.SH,1
2019-01-02,600816.SH,1
2019-01-02,600817.SH,1
2019-01-02,600818.SH,1
2019-01-02,600819.SH,1
2019-01-02,600820.SH,1
2019-01-02,600821.SH,1
2019-01-02,600822.SH,1
2019-01-02,600823.SH,1
2019-01-02,600824.SH,1
2019-01-02,600825.SH,1
2019-01-02,600826.SH,1
2019-01-02,600827.SH,1
2019-01-02,600828.SH,1
2019-01-02,600829.SH,1
2019-01-02,600830.SH,1
2019-01-02,600831.SH,1
2019-01-02,600833.SH,1
2019-01-02,600834.SH,1
2019-01-02,600835.SH,1
2019-01-02,600836.SH,1
2019-01-02,600837.SH,1
2019-01-02,600838.SH,1
2019-01-02,600839.SH,1
2019-01-02,600841.SH,1
2019-01-02,600843.SH,1
2019-01-02,600844.SH,1
2019-01-02,600845.SH,1
2019-01-02,600846.SH,1
2019-01-02,600847.SH,1
2019-01-02,600848.SH,1
2019-01-02,600850.SH,1
2019-01-02,600851.SH,1
2019-01-02,600853.SH,1
2019-01-02,600854.SH,1
2019-01-02,600855.SH,1
2019-01-02,600856.SH,1
2019-01-02,600857.SH,1
2019-01-02,600858.SH,1
2019-01-02,600859.SH,1
2019-01-02,600860.SH,1
2019-01-02,600861.SH,1
2019-01-02,600862.SH,1
2019-01-02,600863.SH,1
2019-01-02,600864.SH,1
2019-01-02,600865.SH,1
2019-01-02,600866.SH,1
2019-01-02,600867.SH,1
2019-01-02,600868.SH,1
2019-01-02,600869.SH,1
2019-01-02,600870.SH,1
2019-01-02,600871.SH,1
2019-01-02,600872.SH,1
2019-01-02,600873.SH,1
2019-01-02,600874.SH,1
2019-01-02,600875.SH,1
2019-01-02,600876.SH,1
2019-01-02,600877.SH,1
2019-01-02,600879.SH,1
2019-01-02,600880.SH,1
2019-01-02,600881.SH,1
2019-01-02,600882.SH,1
2019-01-02,600883.SH,1
2019-01-02,600884.SH,1
2019-01-02,600885.SH,1
2019-01-02,600886.SH,1
2019-01-02,600887.SH,1
2019-01-02,600888.SH,1
2019-01-02,600889.SH,1
2019-01-02,600890.SH,1
2019-01-02,600891.SH,1
2019-01-02,600892.SH,1
2019-01-02,600893.SH,1
2019-01-02,600894.SH,1
2019-01-02,600895.SH,1
2019-01-02,600896.SH,1
2019-01-02,600897.SH,1
2019-01-02,600898.SH,1
2019-01-02,600900.SH,1
2019-01-02,600901.SH,1
2019-01-02,600903.SH,1
2019-01-02,600908.SH,1
2019-01-02,600909.SH,1
2019-01-02,600917.SH,1
2019-01-02,600919.SH,1
2019-01-02,600926.SH,1
2019-01-02,600929.SH,1
2019-01-02,600933.SH,1
2019-01-02,600936.SH,1
2019-01-02,600939.SH,1
2019-01-02,600958.SH,1
2019-01-02,600959.SH,1
2019-01-02,600960.SH,1
2019-01-02,600961.SH,1
2019-01-02,600962.SH,1
2019-01-02,600963.SH,1
2019-01-02,600965.SH,1
2019-01-02,600966.SH,1
2019-01-02,600967.SH,1
2019-01-02,600969.SH,1
2019-01-02,600970.SH,1
2019-01-02,600971.SH,1
2019-01-02,600973.SH,1
2019-01-02,600975.SH,1
2019-01-02,600976.SH,1
2019-01-02,600977.SH,1
2019-01-02,600978.SH,1
2019-01-02,600979.SH,1
2019-01-02,600980.SH,1
2019-01-02,600981.SH,1
2019-01-02,600982.SH,1
2019-01-02,600983.SH,1
2019-01-02,600984.SH,1
2019-01-02,600985.SH,1
2019-01-02,600986.SH,1
2019-01-02,600987.SH,1
2019-01-02,600988.SH,1
2019-01-02,600990.SH,1
2019-01-02,600992.SH,1
2019-01-02,600993.SH,1
2019-01-02,600995.SH,1
2019-01-02,600996.SH,1
2019-01-02,600997.SH,1
2019-01-02,600998.SH,1
2019-01-02,600999.SH,1
2019-01-02,601000.SH,1
2019-01-02,601001.SH,1
2019-01-02,601002.SH,1
2019-01-02,601003.SH,1
2019-01-02,601005.SH,1
2019-01-02,601006.SH,1
2019-01-02,601007.SH,1
2019-01-02,601008.SH,1
2019-01-02,601009.SH,1
2019-01-02,601010.SH,1
2019-01-02,601011.SH,1
2019-01-02,601012.SH,1
2019-01-02,601015.SH,1
2019-01-02,601016.SH,1
2019-01-02,601018.SH,1
2019-01-02,601019.SH,1
2019-01-02,601020.SH,1
2019-01-02,601021.SH,1
2019-01-02,601028.SH,1
2019-01-02,601038.SH,1
2019-01-02,601058.SH,1
2019-01-02,601066.SH,1
2019-01-02,601068.SH,1
2019-01-02,601069.SH,1
2019-01-02,601086.SH,1
2019-01-02,601088.SH,1
2019-01-02,601098.SH,1
2019-01-02,601099.SH,1
2019-01-02,601100.SH,1
2019-01-02,601101.SH,1
2019-01-02,601106.SH,1
2019-01-02,601107.SH,1
2019-01-02,601108.SH,1
2019-01-02,601111.SH,1
2019-01-02,601113.SH,1
2019-01-02,601116.SH,1
2019-01-02,601117.SH,1
2019-01-02,601118.SH,1
2019-01-02,601126.SH,1
2019-01-02,601127.SH,1
2019-01-02,601128.SH,1
2019-01-02,601137.SH,1
2019-01-02,601138.SH,1
2019-01-02,601139.SH,1
2019-01-02,601155.SH,1
2019-01-02,601158.SH,1
2019-01-02,601162.SH,1
2019-01-02,601163.SH,1
2019-01-02,601166.SH,1
2019-01-02,601168.SH,1
2019-01-02,601169.SH,1
2019-01-02,601177.SH,1
2019-01-02,601179.SH,1
2019-01-02,601186.SH,1
2019-01-02,601188.SH,1
2019-01-02,601198.SH,1
2019-01-02,601199.SH,1
2019-01-02,601200.SH,1
2019-01-02,601208.SH,1
2019-01-02,601211.SH,1
2019-01-02,601212.SH,1
2019-01-02,601216.SH,1
2019-01-02,601218.SH,1
2019-01-02,601222.SH,1
2019-01-02,601225.SH,1
2019-01-02,601226.SH,1
2019-01-02,601228.SH,1
2019-01-02,601229.SH,1
2019-01-02,601231.SH,1
2019-01-02,601233.SH,1
2019-01-02,601238.SH,1
2019-01-02,601258.SH,1
2019-01-02,601288.SH,1
2019-01-02,601311.SH,1
2019-01-02,601318.SH,1
2019-01-02,601319.SH,1
2019-01-02,601326.SH,1
2019-01-02,601328.SH,1
2019-01-02,601330.SH,1
2019-01-02,601333.SH,1
2019-01-02,601336.SH,1
2019-01-02,601339.SH,1
2019-01-02,601360.SH,1
2019-01-02,601366.SH,1
2019-01-02,601368.SH,1
2019-01-02,601369.SH,1
2019-01-02,601375.SH,1
2019-01-02,601377.SH,1
2019-01-02,601388.SH,1
2019-01-02,601390.SH,1
2019-01-02,601398.SH,1
2019-01-02,601500.SH,1
2019-01-02,601515.SH,1
2019-01-02,601518.SH,1
2019-01-02,601519.SH,1
2019-01-02,601555.SH,1
2019-01-02,601558.SH,1
2019-01-02,601566.SH,1
2019-01-02,601567.SH,1
2019-01-02,601577.SH,1
2019-01-02,601579.SH,1
2019-01-02,601588.SH,1
2019-01-02,601595.SH,1
2019-01-02,601599.SH,1
2019-01-02,601600.SH,1
2019-01-02,601601.SH,1
2019-01-02,601606.SH,1
2019-01-02,601607.SH,1
2019-01-02,601608.SH,1
2019-01-02,601611.SH,1
2019-01-02,601616.SH,1
2019-01-02,601618.SH,1
2019-01-02,601619.SH,1
2019-01-02,601628.SH,1
2019-01-02,601633.SH,1
2019-01-02,601636.SH,1
2019-01-02,601666.SH,1
2019-01-02,601668.SH,1
2019-01-02,601669.SH,1
2019-01-02,601677.SH,1
2019-01-02,601678.SH,1
2019-01-02,601688.SH,1
2019-01-02,601689.SH,1
2019-01-02,601699.SH,1
2019-01-02,601700.SH,1
2019-01-02,601717.SH,1
2019-01-02,601718.SH,1
2019-01-02,601727.SH,1
2019-01-02,601766.SH,1
2019-01-02,601777.SH,1
2019-01-02,601788.SH,1
2019-01-02,601789.SH,1
2019-01-02,601798.SH,1
2019-01-02,601799.SH,1
2019-01-02,601800.SH,1
2019-01-02,601801.SH,1
2019-01-02,601808.SH,1
2019-01-02,601811.SH,1
2019-01-02,601818.SH,1
2019-01-02,601828.SH,1
2019-01-02,601838.SH,1
2019-01-02,601857.SH,1
2019-01-02,601858.SH,1
2019-01-02,601866.SH,1
2019-01-02,601869.SH,1
2019-01-02,601872.SH,1
2019-01-02,601877.SH,1
2019-01-02,601878.SH,1
2019-01-02,601880.SH,1
2019-01-02,601881.SH,1
2019-01-02,601882.SH,1
2019-01-02,601886.SH,1
2019-01-02,601888.SH,1
2019-01-02,601890.SH,1
2019-01-02,601898.SH,1
2019-01-02,601899.SH,1
2019-01-02,601900.SH,1
2019-01-02,601901.SH,1
2019-01-02,601908.SH,1
2019-01-02,601918.SH,1
2019-01-02,601919.SH,1
2019-01-02,601928.SH,1
2019-01-02,601929.SH,1
2019-01-02,601933.SH,1
2019-01-02,601939.SH,1
2019-01-02,601949.SH,1
2019-01-02,601952.SH,1
2019-01-02,601958.SH,1
2019-01-02,601965.SH,1
2019-01-02,601966.SH,1
2019-01-02,601968.SH,1
2019-01-02,601969.SH,1
2019-01-02,601985.SH,1
2019-01-02,601988.SH,1
2019-01-02,601989.SH,1
2019-01-02,601990.SH,1
2019-01-02,601991.SH,1
2019-01-02,601992.SH,1
2019-01-02,601996.SH,1
2019-01-02,601997.SH,1
2019-01-02,601998.SH,1
2019-01-02,601999.SH,1
2019-01-02,603000.SH,1
2019-01-02,603001.SH,1
2019-01-02,603002.SH,1
2019-01-02,603003.SH,1
2019-01-02,603005.SH,1
2019-01-02,603006.SH,1
2019-01-02,603007.SH,1
2019-01-02,603008.SH,1
2019-01-02,603009.SH,1
2019-01-02,603010.SH,1
2019-01-02,603011.SH,1
2019-01-02,603012.SH,1
2019-01-02,603013.SH,1
2019-01-02,603015.SH,1
2019-01-02,603016.SH,1
2019-01-02,603017.SH,1
2019-01-02,603018.SH,1
2019-01-02,603019.SH,1
2019-01-02,603020.SH,1
2019-01-02,603021.SH,1
2019-01-02,603022.SH,1
2019-01-02,603023.SH,1
2019-01-02,603025.SH,1
2019-01-02,603026.SH,1
2019-01-02,603027.SH,1
2019-01-02,603028.SH,1
2019-01-02,603029.SH,1
2019-01-02,603030.SH,1
2019-01-02,603031.SH,1
2019-01-02,603032.SH,1
2019-01-02,603033.SH,1
2019-01-02,603035.SH,1
2019-01-02,603036.SH,1
2019-01-02,603037.SH,1
2019-01-02,603038.SH,1
2019-01-02,603039.SH,1
2019-01-02,603040.SH,1
2019-01-02,603041.SH,1
2019-01-02,603042.SH,1
2019-01-02,603043.SH,1
2019-01-02,603045.SH,1
2019-01-02,603050.SH,1
2019-01-02,603055.SH,1
2019-01-02,603056.SH,1
2019-01-02,603058.SH,1
2019-01-02,603059.SH,1
2019-01-02,603060.SH,1
2019-01-02,603063.SH,1
2019-01-02,603066.SH,1
2019-01-02,603067.SH,1
2019-01-02,603069.SH,1
2019-01-02,603076.SH,1
2019-01-02,603077.SH,1
2019-01-02,603078.SH,1
2019-01-02,603079.SH,1
2019-01-02,603080.SH,1
2019-01-02,603081.SH,1
2019-01-02,603083.SH,1
2019-01-02,603085.SH,1
2019-01-02,603086.SH,1
2019-01-02,603088.SH,1
2019-01-02,603089.SH,1
2019-01-02,603090.SH,1
2019-01-02,603096.SH,1
2019-01-02,603098.SH,1
2019-01-02,603099.SH,1
2019-01-02,603100.SH,1
2019-01-02,603101.SH,1
2019-01-02,603103.SH,1
2019-01-02,603105.SH,1
2019-01-02,603106.SH,1
2019-01-02,603108.SH,1
2019-01-02,603110.SH,1
2019-01-02,603111.SH,1
2019-01-02,603113.SH,1
2019-01-02,603116.SH,1
2019-01-02,603117.SH,1
2019-01-02,603118.SH,1
2019-01-02,603123.SH,1
2019-01-02,603126.SH,1
2019-01-02,603127.SH,1
2019-01-02,603128.SH,1
2019-01-02,603129.SH,1
2019-01-02,603131.SH,1
2019-01-02,603133.SH,1
2019-01-02,603136.SH,1
2019-01-02,603138.SH,1
2019-01-02,603139.SH,1
2019-01-02,603156.SH,1
2019-01-02,603157.SH,1
2019-01-02,603158.SH,1
2019-01-02,603159.SH,1
2019-01-02,603160.SH,1
2019-01-02,603161.SH,1
2019-01-02,603165.SH,1
2019-01-02,603166.SH,1
2019-01-02,603167.SH,1
2019-01-02,603168.SH,1
2019-01-02,603169.SH,1
2019-01-02,603177.SH,1
2019-01-02,603178.SH,1
2019-01-02,603179.SH,1
2019-01-02,603180.SH,1
2019-01-02,603181.SH,1
2019-01-02,603183.SH,1
2019-01-02,603185.SH,1
2019-01-02,603186.SH,1
2019-01-02,603187.SH,1
2019-01-02,603188.SH,1
2019-01-02,603189.SH,1
2019-01-02,603192.SH,1
2019-01-02,603196.SH,1
2019-01-02,603197.SH,1
2019-01-02,603198.SH,1
2019-01-02,603199.SH,1
2019-01-02,603200.SH,1
2019-01-02,603203.SH,1
2019-01-02,603208.SH,1
2019-01-02,603214.SH,1
2019-01-02,603218.SH,1
2019-01-02,603220.SH,1
2019-01-02,603222.SH,1
2019-01-02,603223.SH,1
2019-01-02,603225.SH,1
2019-01-02,603226.SH,1
2019-01-02,603227.SH,1
2019-01-02,603228.SH,1
2019-01-02,603229.SH,1
2019-01-02,603232.SH,1
2019-01-02,603233.SH,1
2019-01-02,603238.SH,1
2019-01-02,603239.SH,1
2019-01-02,603258.SH,1
2019-01-02,603259.SH,1
2019-01-02,603260.SH,1
2019-01-02,603266.SH,1
2019-01-02,603268.SH,1
2019-01-02,603269.SH,1
2019-01-02,603277.SH,1
2019-01-02,603278.SH,1
2019-01-02,603283.SH,1
2019-01-02,603286.SH,1
2019-01-02,603288.SH,1
2019-01-02,603289.SH,1
2019-01-02,603297.SH,1
2019-01-02,603298.SH,1
2019-01-02,603299.SH,1
2019-01-02,603300.SH,1
2019-01-02,603301.SH,1
2019-01-02,603303.SH,1
2019-01-02,603305.SH,1
2019-01-02,603306.SH,1
2019-01-02,603308.SH,1
2019-01-02,603309.SH,1
2019-01-02,603311.SH,1
2019-01-02,603313.SH,1
2019-01-02,603315.SH,1
2019-01-02,603316.SH,1
2019-01-02,603318.SH,1
2019-01-02,603319.SH,1
2019-01-02,603320.SH,1
2019-01-02,603321.SH,1
2019-01-02,603322.SH,1
2019-01-02,603323.SH,1
2019-01-02,603326.SH,1
2019-01-02,603328.SH,1
2019-01-02,603329.SH,1
2019-01-02,603330.SH,1
2019-01-02,603331.SH,1
2019-01-02,603333.SH,1
2019-01-02,603335.SH,1
2019-01-02,603336.SH,1
2019-01-02,603337.SH,1
2019-01-02,603338.SH,1
2019-01-02,603339.SH,1
2019-01-02,603345.SH,1
2019-01-02,603348.SH,1
2019-01-02,603355.SH,1
2019-01-02,603356.SH,1
2019-01-02,603357.SH,1
2019-01-02,603358.SH,1
2019-01-02,603359.SH,1
2019-01-02,603360.SH,1
2019-01-02,603363.SH,1
2019-01-02,603365.SH,1
2019-01-02,603366.SH,1
2019-01-02,603367.SH,1
2019-01-02,603368.SH,1
2019-01-02,603369.SH,1
2019-01-02,603377.SH,1
2019-01-02,603378.SH,1
2019-01-02,603380.SH,1
2019-01-02,603383.SH,1
2019-01-02,603385.SH,1
2019-01-02,603386.SH,1
2019-01-02,603387.SH,1
2019-01-02,603388.SH,1
2019-01-02,603389.SH,1
2019-01-02,603393.SH,1
2019-01-02,603396.SH,1
2019-01-02,603398.SH,1
2019-01-02,603399.SH,1
2019-01-02,603416.SH,1
2019-01-02,603421.SH,1
2019-01-02,603429.SH,1
2019-01-02,603444.SH,1
2019-01-02,603456.SH,1
2019-01-02,603458.SH,1
2019-01-02,603466.SH,1
2019-01-02,603477.SH,1
2019-01-02,603486.SH,1
2019-01-02,603488.SH,1
2019-01-02,603496.SH,1
2019-01-02,603499.SH,1
2019-01-02,603500.SH,1
2019-01-02,603501.SH,1
2019-01-02,603505.SH,1
2019-01-02,603506.SH,1
2019-01-02,603507.SH,1
2019-01-02,603508.SH,1
2019-01-02,603515.SH,1
2019-01-02,603516.SH,1
2019-01-02,603517.SH,1
2019-01-02,603518.SH,1
2019-01-02,603519.SH,1
2019-01-02,603520.SH,1
2019-01-02,603527.SH,1
2019-01-02,603528.SH,1
2019-01-02,603533.SH,1
2019-01-02,603535.SH,1
2019-01-02,603536.SH,1
2019-01-02,603538.SH,1
2019-01-02,603555.SH,1
2019-01-02,603556.SH,1
2019-01-02,603557.SH,1
2019-01-02,603558.SH,1
2019-01-02,603559.SH,1
2019-01-02,603566.SH,1
2019-01-02,603567.SH,1
2019-01-02,603568.SH,1
2019-01-02,603569.SH,1
2019-01-02,603577.SH,1
2019-01-02,603578.SH,1
2019-01-02,603579.SH,1
2019-01-02,603580.SH,1
2019-01-02,603583.SH,1
2019-01-02,603585.SH,1
2019-01-02,603586.SH,1
2019-01-02,603587.SH,1
2019-01-02,603588.SH,1
2019-01-02,603589.SH,1
2019-01-02,603590.SH,1
2019-01-02,603595.SH,1
2019-01-02,603596.SH,1
2019-01-02,603598.SH,1
2019-01-02,603599.SH,1
2019-01-02,603600.SH,1
2019-01-02,603601.SH,1
2019-01-02,603602.SH,1
2019-01-02,603603.SH,1
2019-01-02,603605.SH,1
2019-01-02,603606.SH,1
2019-01-02,603607.SH,1
2019-01-02,603608.SH,1
2019-01-02,603609.SH,1
2019-01-02,603611.SH,1
2019-01-02,603612.SH,1
2019-01-02,603615.SH,1
2019-01-02,603616.SH,1
2019-01-02,603617.SH,1
2019-01-02,603618.SH,1
2019-01-02,603619.SH,1
2019-01-02,603626.SH,1
2019-01-02,603628.SH,1
2019-01-02,603629.SH,1
2019-01-02,603630.SH,1
2019-01-02,603633.SH,1
2019-01-02,603636.SH,1
2019-01-02,603637.SH,1
2019-01-02,603638.SH,1
2019-01-02,603639.SH,1
2019-01-02,603648.SH,1
2019-01-02,603650.SH,1
2019-01-02,603655.SH,1
2019-01-02,603656.SH,1
2019-01-02,603657.SH,1
2019-01-02,603658.SH,1
2019-01-02,603659.SH,1
2019-01-02,603660.SH,1
2019-01-02,603661.SH,1
2019-01-02,603663.SH,1
2019-01-02,603665.SH,1
2019-01-02,603666.SH,1
2019-01-02,603667.SH,1
2019-01-02,603668.SH,1
2019-01-02,603669.SH,1
2019-01-02,603676.SH,1
2019-01-02,603677.SH,1
2019-01-02,603678.SH,1
2019-01-02,603679.SH,1
2019-01-02,603680.SH,1
2019-01-02,603683.SH,1
2019-01-02,603685.SH,1
2019-01-02,603686.SH,1
2019-01-02,603688.SH,1
2019-01-02,603689.SH,1
2019-01-02,603690.SH,1
2019-01-02,603693.SH,1
2019-01-02,603696.SH,1
2019-01-02,603698.SH,1
2019-01-02,603699.SH,1
2019-01-02,603701.SH,1
2019-01-02,603703.SH,1
2019-01-02,603706.SH,1
2019-01-02,603707.SH,1
2019-01-02,603708.SH,1
2019-01-02,603709.SH,1
2019-01-02,603711.SH,1
2019-01-02,603712.SH,1
2019-01-02,603713.SH,1
2019-01-02,603716.SH,1
2019-01-02,603717.SH,1
2019-01-02,603718.SH,1
2019-01-02,603721.SH,1
2019-01-02,603722.SH,1
2019-01-02,603725.SH,1
2019-01-02,603726.SH,1
2019-01-02,603727.SH,1
2019-01-02,603728.SH,1
2019-01-02,603729.SH,1
2019-01-02,603730.SH,1
2019-01-02,603733.SH,1
2019-01-02,603737.SH,1
2019-01-02,603738.SH,1
2019-01-02,603757.SH,1
2019-01-02,603758.SH,1
2019-01-02,603766.SH,1
2019-01-02,603767.SH,1
2019-01-02,603768.SH,1
2019-01-02,603773.SH,1
2019-01-02,603776.SH,1
2019-01-02,603777.SH,1
2019-01-02,603778.SH,1
2019-01-02,603779.SH,1
2019-01-02,603787.SH,1
2019-01-02,603788.SH,1
2019-01-02,603789.SH,1
2019-01-02,603790.SH,1
2019-01-02,603797.SH,1
2019-01-02,603798.SH,1
2019-01-02,603799.SH,1
2019-01-02,603800.SH,1
2019-01-02,603801.SH,1
2019-01-02,603803.SH,1
2019-01-02,603806.SH,1
2019-01-02,603808.SH,1
2019-01-02,603809.SH,1
2019-01-02,603810.SH,1
2019-01-02,603811.SH,1
2019-01-02,603813.SH,1
2019-01-02,603816.SH,1
2019-01-02,603817.SH,1
2019-01-02,603818.SH,1
2019-01-02,603819.SH,1
2019-01-02,603822.SH,1
2019-01-02,603823.SH,1
2019-01-02,603825.SH,1
2019-01-02,603826.SH,1
2019-01-02,603828.SH,1
2019-01-02,603829.SH,1
2019-01-02,603833.SH,1
2019-01-02,603838.SH,1
2019-01-02,603839.SH,1
2019-01-02,603843.SH,1
2019-01-02,603848.SH,1
2019-01-02,603855.SH,1
2019-01-02,603856.SH,1
2019-01-02,603858.SH,1
2019-01-02,603859.SH,1
2019-01-02,603860.SH,1
2019-01-02,603861.SH,1
2019-01-02,603866.SH,1
2019-01-02,603868.SH,1
2019-01-02,603869.SH,1
2019-01-02,603871.SH,1
2019-01-02,603876.SH,1
2019-01-02,603877.SH,1
2019-01-02,603878.SH,1
2019-01-02,603879.SH,1
2019-01-02,603880.SH,1
2019-01-02,603881.SH,1
2019-01-02,603882.SH,1
2019-01-02,603883.SH,1
2019-01-02,603885.SH,1
2019-01-02,603886.SH,1
2019-01-02,603887.SH,1
2019-01-02,603888.SH,1
2019-01-02,603889.SH,1
2019-01-02,603890.SH,1
2019-01-02,603895.SH,1
2019-01-02,603896.SH,1
2019-01-02,603897.SH,1
2019-01-02,603898.SH,1
2019-01-02,603899.SH,1
2019-01-02,603900.SH,1
2019-01-02,603901.SH,1
2019-01-02,603903.SH,1
2019-01-02,603906.SH,1
2019-01-02,603908.SH,1
2019-01-02,603909.SH,1
2019-01-02,603912.SH,1
2019-01-02,603916.SH,1
2019-01-02,603917.SH,1
2019-01-02,603918.SH,1
2019-01-02,603919.SH,1
2019-01-02,603920.SH,1
2019-01-02,603922.SH,1
2019-01-02,603926.SH,1
2019-01-02,603928.SH,1
2019-01-02,603929.SH,1
2019-01-02,603933.SH,1
2019-01-02,603936.SH,1
2019-01-02,603937.SH,1
2019-01-02,603938.SH,1
2019-01-02,603939.SH,1
2019-01-02,603955.SH,1
2019-01-02,603958.SH,1
2019-01-02,603959.SH,1
2019-01-02,603960.SH,1
2019-01-02,603963.SH,1
2019-01-02,603966.SH,1
2019-01-02,603968.SH,1
2019-01-02,603969.SH,1
2019-01-02,603970.SH,1
2019-01-02,603976.SH,1
2019-01-02,603977.SH,1
2019-01-02,603978.SH,1
2019-01-02,603979.SH,1
2019-01-02,603980.SH,1
2019-01-02,603985.SH,1
2019-01-02,603986.SH,1
2019-01-02,603987.SH,1
2019-01-02,603988.SH,1
2019-01-02,603989.SH,1
2019-01-02,603990.SH,1
2019-01-02,603991.SH,1
2019-01-02,603993.SH,1
2019-01-02,603996.SH,1
2019-01-02,603997.SH,1
2019-01-02,603998.SH,1
2019-01-02,603999.SH,1
2023-01-03,000001.SZ,1
2023-01-03,000002.SZ,1
2023-01-03,000004.SZ,1
2023-01-03,000005.SZ,1
2023-01-03,000006.SZ,1
2023-01-03,000007.SZ,1
2023-01-03,000008.SZ,1
2023-01-03,000009.SZ,1
2023-01-03,000010.SZ,1
2023-01-03,000011.SZ,1
2023-01-03,000012.SZ,1
2023-01-03,000014.SZ,1
2023-01-03,000016.SZ,1
2023-01-03,000017.SZ,1
2023-01-03,000019.SZ,1
2023-01-03,000020.SZ,1
2023-01-03,000021.SZ,1
2023-01-03,000023.SZ,1
2023-01-03,000025.SZ,1
2023-01-03,000026.SZ,1
2023-01-03,000027.SZ,1
2023-01-03,000028.SZ,1
2023-01-03,000029.SZ,1
2023-01-03,000030.SZ,1
2023-01-03,000031.SZ,1
2023-01-03,000032.SZ,1
2023-01-03,000034.SZ,1
2023-01-03,000035.SZ,1
2023-01-03,000036.SZ,1
2023-01-03,000037.SZ,1
2023-01-03,000038.SZ,1
2023-01-03,000039.SZ,1
2023-01-03,000040.SZ,1
2023-01-03,000042.SZ,1
2023-01-03,000045.SZ,1
2023-01-03,000046.SZ,1
2023-01-03,000048.SZ,1
2023-01-03,000049.SZ,1
2023-01-03,000050.SZ,1
2023-01-03,000055.SZ,1
2023-01-03,000056.SZ,1
2023-01-03,000058.SZ,1
2023-01-03,000059.SZ,1
2023-01-03,000060.SZ,1
2023-01-03,000061.SZ,1
2023-01-03,000062.SZ,1
2023-01-03,000063.SZ,1
2023-01-03,000065.SZ,1
2023-01-03,000066.SZ,1
2023-01-03,000068.SZ,1
2023-01-03,000069.SZ,1
2023-01-03,000070.SZ,1
2023-01-03,000078.SZ,1
2023-01-03,000088.SZ,1
2023-01-03,000089.SZ,1
2023-01-03,000090.SZ,1
2023-01-03,000096.SZ,1
2023-01-03,000099.SZ,1
2023-01-03,000100.SZ,1
2023-01-03,000150.SZ,1
2023-01-03,000151.SZ,1
2023-01-03,000153.SZ,0
2023-01-03,000155.SZ,1
2023-01-03,000156.SZ,1
2023-01-03,000157.SZ,1
2023-01-03,000158.SZ,1
2023-01-03,000159.SZ,1
2023-01-03,000166.SZ,1
2023-01-03,000301.SZ,1
2023-01-03,000333.SZ,1
2023-01-03,000338.SZ,1
2023-01-03,000400.SZ,1
2023-01-03,000401.SZ,1
2023-01-03,000402.SZ,1
2023-01-03,000403.SZ,1
2023-01-03,000404.SZ,1
2023-01-03,000407.SZ,1
2023-01-03,000408.SZ,1
2023-01-03,000409.SZ,1
2023-01-03,000410.SZ,1
2023-01-03,000411.SZ,1
2023-01-03,000413.SZ,1
2023-01-03,000415.SZ,1
2023-01-03,000416.SZ,1
2023-01-03,000417.SZ,1
2023-01-03,000419.SZ,1
2023-01-03,000420.SZ,1
2023-01-03,000421.SZ,1
2023-01-03,000422.SZ,1
2023-01-03,000423.SZ,1
2023-01-03,000425.SZ,1
2023-01-03,000426.SZ,1
2023-01-03,000428.SZ,1
2023-01-03,000429.SZ,1
2023-01-03,000430.SZ,1
2023-01-03,000488.SZ,1
2023-01-03,000498.SZ,1
2023-01-03,000501.SZ,1
2023-01-03,000503.SZ,1
2023-01-03,000504.SZ,1
2023-01-03,000505.SZ,1
2023-01-03,000506.SZ,1
2023-01-03,000507.SZ,1
2023-01-03,000509.SZ,1
2023-01-03,000510.SZ,1
2023-01-03,000513.SZ,1
2023-01-03,000514.SZ,1
2023-01-03,000516.SZ,1
2023-01-03,000517.SZ,1
2023-01-03,000518.SZ,1
2023-01-03,000519.SZ,1
2023-01-03,000520.SZ,1
2023-01-03,000521.SZ,1
2023-01-03,000523.SZ,1
2023-01-03,000524.SZ,1
2023-01-03,000525.SZ,1
2023-01-03,000526.SZ,1
2023-01-03,000528.SZ,1
2023-01-03,000529.SZ,1
2023-01-03,000530.SZ,1
2023-01-03,000531.SZ,1
2023-01-03,000532.SZ,1
2023-01-03,000533.SZ,1
2023-01-03,000534.SZ,1
2023-01-03,000536.SZ,1
2023-01-03,000537.SZ,1
2023-01-03,000538.SZ,1
2023-01-03,000539.SZ,1
2023-01-03,000540.SZ,1
2023-01-03,000541.SZ,1
2023-01-03,000543.SZ,1
2023-01-03,000544.SZ,1
2023-01-03,000545.SZ,1
2023-01-03,000546.SZ,1
2023-01-03,000547.SZ,1
2023-01-03,000548.SZ,1
2023-01-03,000550.SZ,1
2023-01-03,000551.SZ,1
2023-01-03,000552.SZ,1
2023-01-03,000553.SZ,1
2023-01-03,000554.SZ,1
2023-01-03,000555.SZ,1
2023-01-03,000557.SZ,1
2023-01-03,000558.SZ,1
2023-01-03,000559.SZ,1
2023-01-03,000560.SZ,1
2023-01-03,000561.SZ,1
2023-01-03,000563.SZ,1
2023-01-03,000564.SZ,1
2023-01-03,000565.SZ,1
2023-01-03,000566.SZ,1
2023-01-03,000567.SZ,1
2023-01-03,000568.SZ,1
2023-01-03,000570.SZ,1
2023-01-03,000571.SZ,1
2023-01-03,000572.SZ,1
2023-01-03,000573.SZ,1
2023-01-03,000576.SZ,1
2023-01-03,000581.SZ,1
2023-01-03,000582.SZ,1
2023-01-03,000584.SZ,1
2023-01-03,000586.SZ,1
2023-01-03,000587.SZ,1
2023-01-03,000589.SZ,1
2023-01-03,000590.SZ,1
2023-01-03,000591.SZ,1
2023-01-03,000592.SZ,1
2023-01-03,000593.SZ,1
2023-01-03,000595.SZ,1
2023-01-03,000596.SZ,1
2023-01-03,000597.SZ,1
2023-01-03,000598.SZ,1
2023-01-03,000599.SZ,1
2023-01-03,000600.SZ,1
2023-01-03,000601.SZ,1
2023-01-03,000603.SZ,1
2023-01-03,000605.SZ,1
2023-01-03,000606.SZ,1
2023-01-03,000607.SZ,1
2023-01-03,000608.SZ,1
2023-01-03,000609.SZ,1
2023-01-03,000610.SZ,1
2023-01-03,000612.SZ,1
2023-01-03,000615.SZ,1
2023-01-03,000616.SZ,1
2023-01-03,000617.SZ,1
2023-01-03,000619.SZ,1
2023-01-03,000620.SZ,1
2023-01-03,000622.SZ,1
2023-01-03,000623.SZ,1
2023-01-03,000625.SZ,1
2023-01-03,000626.SZ,1
2023-01-03,000627.SZ,1
2023-01-03,000628.SZ,1
2023-01-03,000629.SZ,1
2023-01-03,000630.SZ,1
2023-01-03,000631.SZ,1
2023-01-03,000632.SZ,1
2023-01-03,000633.SZ,1
2023-01-03,000635.SZ,1
2023-01-03,000636.SZ,1
2023-01-03,000637.SZ,1
2023-01-03,000638.SZ,1
2023-01-03,000639.SZ,1
2023-01-03,000650.SZ,1
2023-01-03,000651.SZ,1
2023-01-03,000652.SZ,1
2023-01-03,000655.SZ,1
2023-01-03,000656.SZ,1
2023-01-03,000657.SZ,1
2023-01-03,000659.SZ,1
2023-01-03,000661.SZ,1
2023-01-03,000663.SZ,1
2023-01-03,000665.SZ,1
2023-01-03,000666.SZ,1
2023-01-03,000667.SZ,1
2023-01-03,000668.SZ,1
2023-01-03,000669.SZ,1
2023-01-03,000670.SZ,1
2023-01-03,000671.SZ,1
2023-01-03,000672.SZ,1
2023-01-03,000676.SZ,1
2023-01-03,000677.SZ,1
2023-01-03,000678.SZ,1
2023-01-03,000679.SZ,1
2023-01-03,000680.SZ,1
2023-01-03,000681.SZ,1
2023-01-03,000682.SZ,1
2023-01-03,000683.SZ,1
2023-01-03,000685.SZ,1
2023-01-03,000686.SZ,1
2023-01-03,000688.SZ,1
2023-01-03,000690.SZ,1
2023-01-03,000691.SZ,1
2023-01-03,000692.SZ,1
2023-01-03,000695.SZ,1
2023-01-03,000697.SZ,1
2023-01-03,000698.SZ,1
2023-01-03,000700.SZ,1
2023-01-03,000701.SZ,1
2023-01-03,000702.SZ,1
2023-01-03,000703.SZ,1
2023-01-03,000705.SZ,1
2023-01-03,000707.SZ,1
2023-01-03,000708.SZ,1
2023-01-03,000709.SZ,1
2023-01-03,000710.SZ,1
2023-01-03,000711.SZ,1
2023-01-03,000712.SZ,1
2023-01-03,000713.SZ,1
2023-01-03,000715.SZ,1
2023-01-03,000716.SZ,1
2023-01-03,000717.SZ,1
2023-01-03,000718.SZ,1
2023-01-03,000719.SZ,1
2023-01-03,000720.SZ,1
2023-01-03,000721.SZ,1
2023-01-03,000722.SZ,1
2023-01-03,000723.SZ,1
2023-01-03,000725.SZ,1
2023-01-03,000726.SZ,1
2023-01-03,000727.SZ,1
2023-01-03,000728.SZ,1
2023-01-03,000729.SZ,1
2023-01-03,000731.SZ,1
2023-01-03,000732.SZ,1
2023-01-03,000733.SZ,1
2023-01-03,000735.SZ,1
2023-01-03,000736.SZ,1
2023-01-03,000737.SZ,1
2023-01-03,000738.SZ,1
2023-01-03,000739.SZ,1
2023-01-03,000750.SZ,1
2023-01-03,000751.SZ,1
2023-01-03,000752.SZ,1
2023-01-03,000753.SZ,1
2023-01-03,000755.SZ,1
2023-01-03,000756.SZ,1
2023-01-03,000757.SZ,1
2023-01-03,000758.SZ,1
2023-01-03,000759.SZ,1
2023-01-03,000761.SZ,1
2023-01-03,000762.SZ,1
2023-01-03,000766.SZ,1
2023-01-03,000767.SZ,1
2023-01-03,000768.SZ,1
2023-01-03,000776.SZ,1
2023-01-03,000777.SZ,1
2023-01-03,000778.SZ,1
2023-01-03,000779.SZ,1
2023-01-03,000782.SZ,1
2023-01-03,000783.SZ,1
2023-01-03,000785.SZ,1
2023-01-03,000786.SZ,1
2023-01-03,000788.SZ,1
2023-01-03,000789.SZ,1
2023-01-03,000790.SZ,1
2023-01-03,000791.SZ,1
2023-01-03,000792.SZ,1
2023-01-03,000793.SZ,1
2023-01-03,000795.SZ,1
2023-01-03,000796.SZ,1
2023-01-03,000797.SZ,1
2023-01-03,000798.SZ,1
2023-01-03,000799.SZ,1
2023-01-03,000800.SZ,1
2023-01-03,000801.SZ,1
2023-01-03,000802.SZ,1
2023-01-03,000803.SZ,1
2023-01-03,000806.SZ,1
2023-01-03,000807.SZ,1
2023-01-03,000809.SZ,1
2023-01-03,000810.SZ,1
2023-01-03,000811.SZ,1
2023-01-03,000812.SZ,1
2023-01-03,000813.SZ,1
2023-01-03,000815.SZ,1
2023-01-03,000816.SZ,1
2023-01-03,000818.SZ,1
2023-01-03,000819.SZ,1
2023-01-03,000820.SZ,1
2023-01-03,000821.SZ,1
2023-01-03,000822.SZ,1
2023-01-03,000823.SZ,1
2023-01-03,000825.SZ,1
2023-01-03,000826.SZ,1
2023-01-03,000828.SZ,1
2023-01-03,000829.SZ,1
2023-01-03,000830.SZ,1
2023-01-03,000831.SZ,1
2023-01-03,000833.SZ,1
2023-01-03,000836.SZ,1
2023-01-03,000837.SZ,1
2023-01-03,000838.SZ,1
2023-01-03,000839.SZ,1
2023-01-03,000848.SZ,1
2023-01-03,000850.SZ,1
2023-01-03,000851.SZ,1
2023-01-03,000852.SZ,1
2023-01-03,000856.SZ,1
2023-01-03,000858.SZ,1
2023-01-03,000859.SZ,1
2023-01-03,000860.SZ,1
2023-01-03,000861.SZ,1
2023-01-03,000862.SZ,1
2023-01-03,000863.SZ,1
2023-01-03,000868.SZ,1
2023-01-03,000869.SZ,1
2023-01-03,000875.SZ,1
2023-01-03,000876.SZ,1
2023-01-03,000877.SZ,1
2023-01-03,000878.SZ,1
2023-01-03,000880.SZ,1
2023-01-03,000881.SZ,1
2023-01-03,000882.SZ,1
2023-01-03,000883.SZ,1
2023-01-03,000885.SZ,1
2023-01-03,000886.SZ,1
2023-01-03,000887.SZ,1
2023-01-03,000888.SZ,1
2023-01-03,000889.SZ,1
2023-01-03,000890.SZ,1
2023-01-03,000892.SZ,1
2023-01-03,000893.SZ,1
2023-01-03,000895.SZ,1
2023-01-03,000897.SZ,1
2023-01-03,000898.SZ,1
2023-01-03,000899.SZ,1
2023-01-03,000900.SZ,1
2023-01-03,000901.SZ,1
2023-01-03,000902.SZ,1
2023-01-03,000903.SZ,1
2023-01-03,000905.SZ,1
2023-01-03,000906.SZ,1
2023-01-03,000908.SZ,1
2023-01-03,000909.SZ,1
2023-01-03,000910.SZ,1
2023-01-03,000911.SZ,1
2023-01-03,000912.SZ,1
2023-01-03,000913.SZ,1
2023-01-03,000915.SZ,1
2023-01-03,000917.SZ,1
2023-01-03,000918.SZ,1
2023-01-03,000919.SZ,1
2023-01-03,000920.SZ,1
2023-01-03,000921.SZ,1
2023-01-03,000922.SZ,1
2023-01-03,000923.SZ,1
2023-01-03,000925.SZ,1
2023-01-03,000926.SZ,1
2023-01-03,000927.SZ,1
2023-01-03,000928.SZ,1
2023-01-03,000929.SZ,1
2023-01-03,000930.SZ,1
2023-01-03,000931.SZ,1
2023-01-03,000932.SZ,1
2023-01-03,000933.SZ,1
2023-01-03,000935.SZ,1
2023-01-03,000936.SZ,1
2023-01-03,000937.SZ,1
2023-01-03,000938.SZ,1
2023-01-03,000948.SZ,1
2023-01-03,000949.SZ,1
2023-01-03,000950.SZ,1
2023-01-03,000951.SZ,1
2023-01-03,000952.SZ,1
2023-01-03,000953.SZ,1
2023-01-03,000955.SZ,1
2023-01-03,000957.SZ,1
2023-01-03,000958.SZ,1
2023-01-03,000959.SZ,1
2023-01-03,000960.SZ,1
2023-01-03,000961.SZ,1
2023-01-03,000962.SZ,1
2023-01-03,000963.SZ,1
2023-01-03,000965.SZ,1
2023-01-03,000966.SZ,1
2023-01-03,000967.SZ,1
2023-01-03,000968.SZ,1
2023-01-03,000969.SZ,1
2023-01-03,000970.SZ,1
2023-01-03,000971.SZ,1
2023-01-03,000972.SZ,1
2023-01-03,000973.SZ,1
2023-01-03,000975.SZ,1
2023-01-03,000976.SZ,1
2023-01-03,000977.SZ,1
2023-01-03,000978.SZ,1
2023-01-03,000980.SZ,1
2023-01-03,000981.SZ,1
2023-01-03,000982.SZ,1
2023-01-03,000983.SZ,1
2023-01-03,000985.SZ,1
2023-01-03,000987.SZ,1
2023-01-03,000988.SZ,1
2023-01-03,000989.SZ,1
2023-01-03,000990.SZ,1
2023-01-03,000993.SZ,1
2023-01-03,000995.SZ,1
2023-01-03,000996.SZ,1
2023-01-03,000997.SZ,1
2023-01-03,000998.SZ,1
2023-01-03,000999.SZ,1
2023-01-03,001201.SZ,1
2023-01-03,001202.SZ,1
2023-01-03,001203.SZ,1
2023-01-03,001205.SZ,1
2023-01-03,001206.SZ,1
2023-01-03,001207.SZ,1
2023-01-03,001208.SZ,1
2023-01-03,001209.SZ,1
2023-01-03,001210.SZ,1
2023-01-03,001211.SZ,1
2023-01-03,001212.SZ,1
2023-01-03,001213.SZ,1
2023-01-03,001215.SZ,1
2023-01-03,001216.SZ,1
2023-01-03,001217.SZ,1
2023-01-03,001218.SZ,1
2023-01-03,001219.SZ,1
2023-01-03,001222.SZ,1
2023-01-03,001223.SZ,1
2023-01-03,001226.SZ,1
2023-01-03,001227.SZ,1
2023-01-03,001228.SZ,1
2023-01-03,001229.SZ,1
2023-01-03,001230.SZ,1
2023-01-03,001231.SZ,1
2023-01-03,001234.SZ,1
2023-01-03,001236.SZ,1
2023-01-03,001238.SZ,1
2023-01-03,001255.SZ,1
2023-01-03,001256.SZ,1
2023-01-03,001258.SZ,1
2023-01-03,001259.SZ,1
2023-01-03,001266.SZ,1
2023-01-03,001267.SZ,1
2023-01-03,001268.SZ,1
2023-01-03,001269.SZ,1
2023-01-03,001270.SZ,1
2023-01-03,001283.SZ,1
2023-01-03,001288.SZ,1
2023-01-03,001289.SZ,1
2023-01-03,001296.SZ,1
2023-01-03,001298.SZ,1
2023-01-03,001299.SZ,1
2023-01-03,001300.SZ,1
2023-01-03,001301.SZ,1
2023-01-03,001308.SZ,1
2023-01-03,001309.SZ,1
2023-01-03,001313.SZ,1
2023-01-03,001316.SZ,1
2023-01-03,001317.SZ,1
2023-01-03,001318.SZ,1
2023-01-03,001319.SZ,1
2023-01-03,001322.SZ,1
2023-01-03,001323.SZ,1
2023-01-03,001330.SZ,1
2023-01-03,001331.SZ,1
2023-01-03,001332.SZ,1
2023-01-03,001333.SZ,1
2023-01-03,001336.SZ,1
2023-01-03,001338.SZ,1
2023-01-03,001339.SZ,1
2023-01-03,001696.SZ,1
2023-01-03,001872.SZ,1
2023-01-03,001896.SZ,1
2023-01-03,001914.SZ,1
2023-01-03,001965.SZ,1
2023-01-03,001979.SZ,1
2023-01-03,002001.SZ,1
2023-01-03,002002.SZ,1
2023-01-03,002003.SZ,1
2023-01-03,002004.SZ,1
2023-01-03,002005.SZ,1
2023-01-03,002006.SZ,1
2023-01-03,002007.SZ,1
2023-01-03,002008.SZ,1
2023-01-03,002009.SZ,1
2023-01-03,002010.SZ,1
2023-01-03,002011.SZ,1
2023-01-03,002012.SZ,1
2023-01-03,002013.SZ,1
2023-01-03,002014.SZ,1
2023-01-03,002015.SZ,1
2023-01-03,002016.SZ,1
2023-01-03,002017.SZ,1
2023-01-03,002019.SZ,1
2023-01-03,002020.SZ,1
2023-01-03,002021.SZ,1
2023-01-03,002022.SZ,1
2023-01-03,002023.SZ,1
2023-01-03,002024.SZ,1
2023-01-03,002025.SZ,1
2023-01-03,002026.SZ,1
2023-01-03,002027.SZ,1
2023-01-03,002028.SZ,1
2023-01-03,002029.SZ,1
2023-01-03,002030.SZ,1
2023-01-03,002031.SZ,1
2023-01-03,002032.SZ,1
2023-01-03,002033.SZ,1
2023-01-03,002034.SZ,1
2023-01-03,002035.SZ,1
2023-01-03,002036.SZ,1
2023-01-03,002037.SZ,1
2023-01-03,002038.SZ,1
2023-01-03,002039.SZ,1
2023-01-03,002040.SZ,1
2023-01-03,002041.SZ,1
2023-01-03,002042.SZ,1
2023-01-03,002043.SZ,1
2023-01-03,002044.SZ,1
2023-01-03,002045.SZ,1
2023-01-03,002046.SZ,1
2023-01-03,002047.SZ,1
2023-01-03,002048.SZ,1
2023-01-03,002049.SZ,1
2023-01-03,002050.SZ,1
2023-01-03,002051.SZ,1
2023-01-03,002052.SZ,1
2023-01-03,002053.SZ,1
2023-01-03,002054.SZ,1
2023-01-03,002055.SZ,1
2023-01-03,002056.SZ,1
2023-01-03,002057.SZ,1
2023-01-03,002058.SZ,1
2023-01-03,002059.SZ,1
2023-01-03,002060.SZ,1
2023-01-03,002061.SZ,1
2023-01-03,002062.SZ,1
2023-01-03,002063.SZ,1
2023-01-03,002064.SZ,1
2023-01-03,002065.SZ,1
2023-01-03,002066.SZ,1
2023-01-03,002067.SZ,1
2023-01-03,002068.SZ,1
2023-01-03,002069.SZ,1
2023-01-03,002072.SZ,1
2023-01-03,002073.SZ,1
2023-01-03,002074.SZ,1
2023-01-03,002075.SZ,1
2023-01-03,002076.SZ,1
2023-01-03,002077.SZ,1
2023-01-03,002078.SZ,1
2023-01-03,002079.SZ,1
2023-01-03,002080.SZ,1
2023-01-03,002081.SZ,1
2023-01-03,002082.SZ,1
2023-01-03,002083.SZ,1
2023-01-03,002084.SZ,1
2023-01-03,002085.SZ,1
2023-01-03,002086.SZ,1
2023-01-03,002087.SZ,1
2023-01-03,002088.SZ,1
2023-01-03,002089.SZ,1
2023-01-03,002090.SZ,1
2023-01-03,002091.SZ,1
2023-01-03,002092.SZ,1
2023-01-03,002093.SZ,1
2023-01-03,002094.SZ,1
2023-01-03,002095.SZ,1
2023-01-03,002096.SZ,1
2023-01-03,002097.SZ,1
2023-01-03,002098.SZ,1
2023-01-03,002099.SZ,1
2023-01-03,002100.SZ,1
2023-01-03,002101.SZ,1
2023-01-03,002102.SZ,1
2023-01-03,002103.SZ,1
2023-01-03,002104.SZ,1
2023-01-03,002105.SZ,1
2023-01-03,002106.SZ,1
2023-01-03,002107.SZ,1
2023-01-03,002108.SZ,1
2023-01-03,002109.SZ,1
2023-01-03,002110.SZ,1
2023-01-03,002111.SZ,1
2023-01-03,002112.SZ,1
2023-01-03,002113.SZ,1
2023-01-03,002114.SZ,1
2023-01-03,002115.SZ,1
2023-01-03,002116.SZ,1
2023-01-03,002117.SZ,1
2023-01-03,002118.SZ,1
2023-01-03,002119.SZ,1
2023-01-03,002120.SZ,1
2023-01-03,002121.SZ,1
2023-01-03,002122.SZ,1
2023-01-03,002123.SZ,1
2023-01-03,002124.SZ,1
2023-01-03,002125.SZ,1
2023-01-03,002126.SZ,1
2023-01-03,002127.SZ,1
2023-01-03,002128.SZ,1
2023-01-03,002129.SZ,1
2023-01-03,002130.SZ,1
2023-01-03,002131.SZ,1
2023-01-03,002132.SZ,1
2023-01-03,002133.SZ,1
2023-01-03,002134.SZ,1
2023-01-03,002135.SZ,1
2023-01-03,002136.SZ,1
2023-01-03,002137.SZ,1
2023-01-03,002138.SZ,1
2023-01-03,002139.SZ,1
2023-01-03,002140.SZ,1
2023-01-03,002141.SZ,1
2023-01-03,002142.SZ,1
2023-01-03,002144.SZ,1
2023-01-03,002145.SZ,1
2023-01-03,002146.SZ,1
2023-01-03,002148.SZ,1
2023-01-03,002149.SZ,1
2023-01-03,002150.SZ,1
2023-01-03,002151.SZ,1
2023-01-03,002152.SZ,1
2023-01-03,002153.SZ,1
2023-01-03,002154.SZ,1
2023-01-03,002155.SZ,1
2023-01-03,002156.SZ,1
2023-01-03,002157.SZ,1
2023-01-03,002158.SZ,1
2023-01-03,002159.SZ,1
2023-01-03,002160.SZ,1
2023-01-03,002161.SZ,1
2023-01-03,002162.SZ,1
2023-01-03,002163.SZ,1
2023-01-03,002164.SZ,1
2023-01-03,002165.SZ,1
2023-01-03,002166.SZ,1
2023-01-03,002167.SZ,1
2023-01-03,002168.SZ,1
2023-01-03,002169.SZ,1
2023-01-03,002170.SZ,1
2023-01-03,002171.SZ,1
2023-01-03,002172.SZ,1
2023-01-03,002173.SZ,1
2023-01-03,002174.SZ,1
2023-01-03,002175.SZ,1
2023-01-03,002176.SZ,1
2023-01-03,002177.SZ,1
2023-01-03,002178.SZ,1
2023-01-03,002179.SZ,1
2023-01-03,002180.SZ,1
2023-01-03,002181.SZ,1
2023-01-03,002182.SZ,1
2023-01-03,002183.SZ,1
2023-01-03,002184.SZ,1
2023-01-03,002185.SZ,1
2023-01-03,002186.SZ,0
2023-01-03,002187.SZ,1
2023-01-03,002188.SZ,1
2023-01-03,002189.SZ,1
2023-01-03,002190.SZ,1
2023-01-03,002191.SZ,1
2023-01-03,002192.SZ,1
2023-01-03,002193.SZ,1
2023-01-03,002194.SZ,1
2023-01-03,002195.SZ,1
2023-01-03,002196.SZ,1
2023-01-03,002197.SZ,1
2023-01-03,002198.SZ,1
2023-01-03,002199.SZ,1
2023-01-03,002200.SZ,1
2023-01-03,002201.SZ,1
2023-01-03,002202.SZ,1
2023-01-03,002203.SZ,1
2023-01-03,002204.SZ,1
2023-01-03,002205.SZ,1
2023-01-03,002206.SZ,1
2023-01-03,002207.SZ,1
2023-01-03,002208.SZ,1
2023-01-03,002209.SZ,1
2023-01-03,002210.SZ,1
2023-01-03,002211.SZ,1
2023-01-03,002212.SZ,1
2023-01-03,002213.SZ,1
2023-01-03,002214.SZ,1
2023-01-03,002215.SZ,1
2023-01-03,002216.SZ,1
2023-01-03,002217.SZ,1
2023-01-03,002218.SZ,1
2023-01-03,002219.SZ,1
2023-01-03,002221.SZ,1
2023-01-03,002222.SZ,1
2023-01-03,002223.SZ,1
2023-01-03,002224.SZ,1
2023-01-03,002225.SZ,1
2023-01-03,002226.SZ,1
2023-01-03,002227.SZ,1
2023-01-03,002228.SZ,1
2023-01-03,002229.SZ,1
2023-01-03,002230.SZ,1
2023-01-03,002231.SZ,1
2023-01-03,002232.SZ,1
2023-01-03,002233.SZ,1
2023-01-03,002234.SZ,1
2023-01-03,002235.SZ,1
2023-01-03,002236.SZ,1
2023-01-03,002237.SZ,1
2023-01-03,002238.SZ,1
2023-01-03,002239.SZ,1
2023-01-03,002240.SZ,1
2023-01-03,002241.SZ,1
2023-01-03,002242.SZ,1
2023-01-03,002243.SZ,1
2023-01-03,002244.SZ,1
2023-01-03,002245.SZ,1
2023-01-03,002246.SZ,1
2023-01-03,002247.SZ,1
2023-01-03,002248.SZ,1
2023-01-03,002249.SZ,1
2023-01-03,002250.SZ,1
2023-01-03,002251.SZ,1
2023-01-03,002252.SZ,1
2023-01-03,002253.SZ,1
2023-01-03,002254.SZ,1
2023-01-03,002255.SZ,1
2023-01-03,002256.SZ,1
2023-01-03,002258.SZ,1
2023-01-03,002259.SZ,1
2023-01-03,002261.SZ,1
2023-01-03,002262.SZ,1
2023-01-03,002263.SZ,1
2023-01-03,002264.SZ,1
2023-01-03,002265.SZ,1
2023-01-03,002266.SZ,1
2023-01-03,002267.SZ,1
2023-01-03,002268.SZ,1
2023-01-03,002269.SZ,1
2023-01-03,002270.SZ,1
2023-01-03,002271.SZ,1
2023-01-03,002272.SZ,1
2023-01-03,002273.SZ,1
2023-01-03,002274.SZ,1
2023-01-03,002275.SZ,1
2023-01-03,002276.SZ,1
2023-01-03,002277.SZ,1
2023-01-03,002278.SZ,1
2023-01-03,002279.SZ,1
2023-01-03,002280.SZ,1
2023-01-03,002281.SZ,1
2023-01-03,002282.SZ,1
2023-01-03,002283.SZ,1
2023-01-03,002284.SZ,1
2023-01-03,002285.SZ,1
2023-01-03,002286.SZ,1
2023-01-03,002287.SZ,1
2023-01-03,002288.SZ,1
2023-01-03,002289.SZ,1
2023-01-03,002290.SZ,1
2023-01-03,002291.SZ,1
2023-01-03,002292.SZ,1
2023-01-03,002293.SZ,1
2023-01-03,002294.SZ,1
2023-01-03,002295.SZ,1
2023-01-03,002296.SZ,1
2023-01-03,002297.SZ,1
2023-01-03,002298.SZ,1
2023-01-03,002299.SZ,1
2023-01-03,002300.SZ,1
2023-01-03,002301.SZ,1
2023-01-03,002302.SZ,1
2023-01-03,002303.SZ,1
2023-01-03,002304.SZ,1
2023-01-03,002305.SZ,1
2023-01-03,002306.SZ,1
2023-01-03,002307.SZ,1
2023-01-03,002308.SZ,1
2023-01-03,002309.SZ,1
2023-01-03,002310.SZ,1
2023-01-03,002311.SZ,1
2023-01-03,002312.SZ,1
2023-01-03,002313.SZ,1
2023-01-03,002314.SZ,1
2023-01-03,002315.SZ,1
2023-01-03,002316.SZ,1
2023-01-03,002317.SZ,1
2023-01-03,002318.SZ,1
2023-01-03,002319.SZ,1
2023-01-03,002320.SZ,1
2023-01-03,002321.SZ,1
2023-01-03,002322.SZ,1
2023-01-03,002323.SZ,1
2023-01-03,002324.SZ,1
2023-01-03,002325.SZ,1
2023-01-03,002326.SZ,1
2023-01-03,002327.SZ,1
2023-01-03,002328.SZ,1
2023-01-03,002329.SZ,1
2023-01-03,002330.SZ,1
2023-01-03,002331.SZ,1
2023-01-03,002332.SZ,1
2023-01-03,002333.SZ,1
2023-01-03,002334.SZ,1
2023-01-03,002335.SZ,1
2023-01-03,002336.SZ,1
2023-01-03,002337.SZ,1
2023-01-03,002338.SZ,1
2023-01-03,002339.SZ,1
2023-01-03,002340.SZ,1
2023-01-03,002341.SZ,1
2023-01-03,002342.SZ,1
2023-01-03,002343.SZ,1
2023-01-03,002344.SZ,1
2023-01-03,002345.SZ,1
2023-01-03,002346.SZ,1
2023-01-03,002347.SZ,1
2023-01-03,002348.SZ,1
2023-01-03,002349.SZ,1
2023-01-03,002350.SZ,1
2023-01-03,002351.SZ,1
2023-01-03,002352.SZ,1
2023-01-03,002353.SZ,1
2023-01-03,002354.SZ,1
2023-01-03,002355.SZ,1
2023-01-03,002356.SZ,1
2023-01-03,002357.SZ,1
2023-01-03,002358.SZ,1
2023-01-03,002360.SZ,1
2023-01-03,002361.SZ,1
2023-01-03,002362.SZ,1
2023-01-03,002363.SZ,1
2023-01-03,002364.SZ,1
2023-01-03,002365.SZ,1
2023-01-03,002366.SZ,1
2023-01-03,002367.SZ,1
2023-01-03,002368.SZ,1
2023-01-03,002369.SZ,1
2023-01-03,002370.SZ,1
2023-01-03,002371.SZ,1
2023-01-03,002372.SZ,1
2023-01-03,002373.SZ,1
2023-01-03,002374.SZ,1
2023-01-03,002375.SZ,1
2023-01-03,002376.SZ,1
2023-01-03,002377.SZ,1
2023-01-03,002378.SZ,1
2023-01-03,002379.SZ,1
2023-01-03,002380.SZ,1
2023-01-03,002381.SZ,1
2023-01-03,002382.SZ,1
2023-01-03,002383.SZ,1
2023-01-03,002384.SZ,1
2023-01-03,002385.SZ,1
2023-01-03,002386.SZ,1
2023-01-03,002387.SZ,1
2023-01-03,002388.SZ,1
2023-01-03,002389.SZ,1
2023-01-03,002390.SZ,1
2023-01-03,002391.SZ,1
2023-01-03,002392.SZ,1
2023-01-03,002393.SZ,1
2023-01-03,002394.SZ,1
2023-01-03,002395.SZ,1
2023-01-03,002396.SZ,1
2023-01-03,002397.SZ,1
2023-01-03,002398.SZ,1
2023-01-03,002399.SZ,1
2023-01-03,002400.SZ,1
2023-01-03,002401.SZ,1
2023-01-03,002402.SZ,1
2023-01-03,002403.SZ,1
2023-01-03,002404.SZ,1
2023-01-03,002405.SZ,1
2023-01-03,002406.SZ,1
2023-01-03,002407.SZ,1
2023-01-03,002408.SZ,1
2023-01-03,002409.SZ,1
2023-01-03,002410.SZ,1
2023-01-03,002411.SZ,1
2023-01-03,002412.SZ,1
2023-01-03,002413.SZ,1
2023-01-03,002414.SZ,1
2023-01-03,002415.SZ,1
2023-01-03,002416.SZ,1
2023-01-03,002417.SZ,1
2023-01-03,002418.SZ,1
2023-01-03,002419.SZ,1
2023-01-03,002420.SZ,1
2023-01-03,002421.SZ,1
2023-01-03,002422.SZ,1
2023-01-03,002423.SZ,1
2023-01-03,002424.SZ,1
2023-01-03,002425.SZ,1
2023-01-03,002426.SZ,1
2023-01-03,002427.SZ,1
2023-01-03,002428.SZ,1
2023-01-03,002429.SZ,1
2023-01-03,002430.SZ,1
2023-01-03,002431.SZ,1
2023-01-03,002432.SZ,1
2023-01-03,002433.SZ,1
2023-01-03,002434.SZ,1
2023-01-03,002435.SZ,1
2023-01-03,002436.SZ,1
2023-01-03,002437.SZ,1
2023-01-03,002438.SZ,1
2023-01-03,002439.SZ,1
2023-01-03,002440.SZ,1
2023-01-03,002441.SZ,1
2023-01-03,002442.SZ,1
2023-01-03,002443.SZ,1
2023-01-03,002444.SZ,1
2023-01-03,002445.SZ,1
2023-01-03,002446.SZ,1
2023-01-03,002448.SZ,1
2023-01-03,002449.SZ,1
2023-01-03,002451.SZ,1
2023-01-03,002452.SZ,1
2023-01-03,002453.SZ,1
2023-01-03,002454.SZ,1
2023-01-03,002455.SZ,1
2023-01-03,002456.SZ,1
2023-01-03,002457.SZ,1
2023-01-03,002458.SZ,1
2023-01-03,002459.SZ,1
2023-01-03,002460.SZ,1
2023-01-03,002461.SZ,1
2023-01-03,002462.SZ,1
2023-01-03,002463.SZ,1
2023-01-03,002465.SZ,1
2023-01-03,002466.SZ,1
2023-01-03,002467.SZ,1
2023-01-03,002468.SZ,1
2023-01-03,002469.SZ,1
2023-01-03,002470.SZ,1
2023-01-03,002471.SZ,1
2023-01-03,002472.SZ,1
2023-01-03,002474.SZ,1
2023-01-03,002475.SZ,1
2023-01-03,002476.SZ,1
2023-01-03,002478.SZ,1
2023-01-03,002479.SZ,1
2023-01-03,002480.SZ,1
2023-01-03,002481.SZ,1
2023-01-03,002482.SZ,1
2023-01-03,002483.SZ,1
2023-01-03,002484.SZ,1
2023-01-03,002485.SZ,1
2023-01-03,002486.SZ,1
2023-01-03,002487.SZ,1
2023-01-03,002488.SZ,1
2023-01-03,002489.SZ,1
2023-01-03,002490.SZ,1
2023-01-03,002491.SZ,1
2023-01-03,002492.SZ,1
2023-01-03,002493.SZ,1
2023-01-03,002494.SZ,1
2023-01-03,002495.SZ,1
2023-01-03,002496.SZ,1
2023-01-03,002497.SZ,1
2023-01-03,002498.SZ,1
2023-01-03,002499.SZ,1
2023-01-03,002500.SZ,1
2023-01-03,002501.SZ,1
2023-01-03,002502.SZ,1
2023-01-03,002503.SZ,1
2023-01-03,002504.SZ,1
2023-01-03,002505.SZ,1
2023-01-03,002506.SZ,1
2023-01-03,002507.SZ,1
2023-01-03,002508.SZ,1
2023-01-03,002510.SZ,1
2023-01-03,002511.SZ,1
2023-01-03,002512.SZ,1
2023-01-03,002513.SZ,1
2023-01-03,002514.SZ,1
2023-01-03,002515.SZ,1
2023-01-03,002516.SZ,1
2023-01-03,002517.SZ,1
2023-01-03,002518.SZ,1
2023-01-03,002519.SZ,1
2023-01-03,002520.SZ,1
2023-01-03,002521.SZ,1
2023-01-03,002522.SZ,1
2023-01-03,002523.SZ,1
2023-01-03,002524.SZ,1
2023-01-03,002526.SZ,1
2023-01-03,002527.SZ,1
2023-01-03,002528.SZ,1
2023-01-03,002529.SZ,1
2023-01-03,002530.SZ,1
2023-01-03,002531.SZ,1
2023-01-03,002532.SZ,1
2023-01-03,002533.SZ,1
2023-01-03,002534.SZ,1
2023-01-03,002535.SZ,1
2023-01-03,002536.SZ,1
2023-01-03,002537.SZ,1
2023-01-03,002538.SZ,1
2023-01-03,002539.SZ,1
2023-01-03,002540.SZ,1
2023-01-03,002541.SZ,1
2023-01-03,002542.SZ,1
2023-01-03,002543.SZ,1
2023-01-03,002544.SZ,1
2023-01-03,002545.SZ,1
2023-01-03,002546.SZ,1
2023-01-03,002547.SZ,1
2023-01-03,002548.SZ,1
2023-01-03,002549.SZ,1
2023-01-03,002550.SZ,1
2023-01-03,002551.SZ,1
2023-01-03,002552.SZ,1
2023-01-03,002553.SZ,1
2023-01-03,002554.SZ,1
2023-01-03,002555.SZ,1
2023-01-03,002556.SZ,1
2023-01-03,002557.SZ,1
2023-01-03,002558.SZ,1
2023-01-03,002559.SZ,1
2023-01-03,002560.SZ,1
2023-01-03,002561.SZ,1
2023-01-03,002562.SZ,1
2023-01-03,002563.SZ,1
2023-01-03,002564.SZ,1
2023-01-03,002565.SZ,1
2023-01-03,002566.SZ,1
2023-01-03,002567.SZ,1
2023-01-03,002568.SZ,1
2023-01-03,002569.SZ,1
2023-01-03,002570.SZ,1
2023-01-03,002571.SZ,1
2023-01-03,002572.SZ,1
2023-01-03,002573.SZ,1
2023-01-03,002574.SZ,1
2023-01-03,002575.SZ,1
2023-01-03,002576.SZ,1
2023-01-03,002577.SZ,1
2023-01-03,002578.SZ,1
2023-01-03,002579.SZ,1
2023-01-03,002580.SZ,1
2023-01-03,002581.SZ,1
2023-01-03,002582.SZ,1
2023-01-03,002583.SZ,1
2023-01-03,002584.SZ,1
2023-01-03,002585.SZ,1
2023-01-03,002586.SZ,1
2023-01-03,002587.SZ,1
2023-01-03,002588.SZ,1
2023-01-03,002589.SZ,1
2023-01-03,002590.SZ,1
2023-01-03,002591.SZ,1
2023-01-03,002592.SZ,1
2023-01-03,002593.SZ,1
2023-01-03,002594.SZ,1
2023-01-03,002595.SZ,1
2023-01-03,002596.SZ,1
2023-01-03,002597.SZ,1
2023-01-03,002598.SZ,1
2023-01-03,002599.SZ,1
2023-01-03,002600.SZ,1
2023-01-03,002601.SZ,1
2023-01-03,002602.SZ,1
2023-01-03,002603.SZ,1
2023-01-03,002605.SZ,1
2023-01-03,002606.SZ,1
2023-01-03,002607.SZ,1
2023-01-03,002608.SZ,1
2023-01-03,002609.SZ,1
2023-01-03,002610.SZ,1
2023-01-03,002611.SZ,1
2023-01-03,002612.SZ,1
2023-01-03,002613.SZ,1
2023-01-03,002614.SZ,1
2023-01-03,002615.SZ,1
2023-01-03,002616.SZ,1
2023-01-03,002617.SZ,1
2023-01-03,002620.SZ,1
2023-01-03,002621.SZ,1
2023-01-03,002622.SZ,1
2023-01-03,002623.SZ,1
2023-01-03,002624.SZ,1
2023-01-03,002625.SZ,1
2023-01-03,002626.SZ,1
2023-01-03,002627.SZ,1
2023-01-03,002628.SZ,1
2023-01-03,002629.SZ,1
2023-01-03,002630.SZ,1
2023-01-03,002631.SZ,1
2023-01-03,002632.SZ,1
2023-01-03,002633.SZ,1
2023-01-03,002634.SZ,1
2023-01-03,002635.SZ,1
2023-01-03,002636.SZ,1
2023-01-03,002637.SZ,1
2023-01-03,002638.SZ,1
2023-01-03,002639.SZ,1
2023-01-03,002640.SZ,1
2023-01-03,002641.SZ,1
2023-01-03,002642.SZ,1
2023-01-03,002643.SZ,1
2023-01-03,002644.SZ,1
2023-01-03,002645.SZ,1
2023-01-03,002646.SZ,1
2023-01-03,002647.SZ,1
2023-01-03,002648.SZ,1
2023-01-03,002649.SZ,1
2023-01-03,002650.SZ,1
2023-01-03,002651.SZ,1
2023-01-03,002652.SZ,1
2023-01-03,002653.SZ,1
2023-01-03,002654.SZ,1
2023-01-03,002655.SZ,1
2023-01-03,002656.SZ,1
2023-01-03,002657.SZ,1
2023-01-03,002658.SZ,1
2023-01-03,002659.SZ,1
2023-01-03,002660.SZ,1
2023-01-03,002661.SZ,1
2023-01-03,002662.SZ,1
2023-01-03,002663.SZ,1
2023-01-03,002664.SZ,1
2023-01-03,002665.SZ,1
2023-01-03,002666.SZ,1
2023-01-03,002667.SZ,1
2023-01-03,002668.SZ,1
2023-01-03,002669.SZ,1
2023-01-03,002670.SZ,1
2023-01-03,002671.SZ,1
2023-01-03,002672.SZ,1
2023-01-03,002673.SZ,1
2023-01-03,002674.SZ,1
2023-01-03,002675.SZ,1
2023-01-03,002676.SZ,1
2023-01-03,002677.SZ,1
2023-01-03,002678.SZ,1
2023-01-03,002679.SZ,1
2023-01-03,002681.SZ,1
2023-01-03,002682.SZ,1
2023-01-03,002683.SZ,1
2023-01-03,002685.SZ,1
2023-01-03,002686.SZ,1
2023-01-03,002687.SZ,1
2023-01-03,002688.SZ,1
2023-01-03,002689.SZ,1
2023-01-03,002690.SZ,1
2023-01-03,002691.SZ,1
2023-01-03,002692.SZ,1
2023-01-03,002693.SZ,1
2023-01-03,002694.SZ,1
2023-01-03,002695.SZ,1
2023-01-03,002696.SZ,1
2023-01-03,002697.SZ,1
2023-01-03,002698.SZ,1
2023-01-03,002699.SZ,1
2023-01-03,002700.SZ,1
2023-01-03,002701.SZ,1
2023-01-03,002702.SZ,1
2023-01-03,002703.SZ,1
2023-01-03,002705.SZ,1
2023-01-03,002706.SZ,1
2023-01-03,002707.SZ,1
2023-01-03,002708.SZ,1
2023-01-03,002709.SZ,1
2023-01-03,002712.SZ,1
2023-01-03,002713.SZ,1
2023-01-03,002714.SZ,1
2023-01-03,002715.SZ,1
2023-01-03,002716.SZ,1
2023-01-03,002717.SZ,1
2023-01-03,002718.SZ,1
2023-01-03,002719.SZ,1
2023-01-03,002721.SZ,1
2023-01-03,002722.SZ,1
2023-01-03,002723.SZ,1
2023-01-03,002724.SZ,1
2023-01-03,002725.SZ,1
2023-01-03,002726.SZ,1
2023-01-03,002727.SZ,1
2023-01-03,002728.SZ,1
2023-01-03,002729.SZ,1
2023-01-03,002730.SZ,1
2023-01-03,002731.SZ,1
2023-01-03,002732.SZ,1
2023-01-03,002733.SZ,1
2023-01-03,002734.SZ,1
2023-01-03,002735.SZ,1
2023-01-03,002736.SZ,1
2023-01-03,002737.SZ,1
2023-01-03,002738.SZ,1
2023-01-03,002739.SZ,1
2023-01-03,002740.SZ,1
2023-01-03,002741.SZ,1
2023-01-03,002742.SZ,1
2023-01-03,002743.SZ,1
2023-01-03,002745.SZ,1
2023-01-03,002746.SZ,1
2023-01-03,002747.SZ,1
2023-01-03,002748.SZ,1
2023-01-03,002749.SZ,1
2023-01-03,002750.SZ,1
2023-01-03,002751.SZ,1
2023-01-03,002752.SZ,1
2023-01-03,002753.SZ,1
2023-01-03,002755.SZ,1
2023-01-03,002756.SZ,1
2023-01-03,002757.SZ,1
2023-01-03,002758.SZ,1
2023-01-03,002759.SZ,1
2023-01-03,002760.SZ,1
2023-01-03,002761.SZ,1
2023-01-03,002762.SZ,1
2023-01-03,002763.SZ,1
2023-01-03,002765.SZ,1
2023-01-03,002766.SZ,1
2023-01-03,002767.SZ,1
2023-01-03,002768.SZ,1
2023-01-03,002769.SZ,1
2023-01-03,002771.SZ,1
2023-01-03,002772.SZ,1
2023-01-03,002773.SZ,1
2023-01-03,002774.SZ,1
2023-01-03,002775.SZ,1
2023-01-03,002776.SZ,1
2023-01-03,002777.SZ,1
2023-01-03,002778.SZ,1
2023-01-03,002779.SZ,1
2023-01-03,002780.SZ,1
2023-01-03,002781.SZ,1
2023-01-03,002782.SZ,1
2023-01-03,002783.SZ,1
2023-01-03,002785.SZ,1
2023-01-03,002786.SZ,1
2023-01-03,002787.SZ,1
2023-01-03,002788.SZ,1
2023-01-03,002789.SZ,1
2023-01-03,002790.SZ,1
2023-01-03,002791.SZ,1
2023-01-03,002792.SZ,1
2023-01-03,002793.SZ,1
2023-01-03,002795.SZ,1
2023-01-03,002796.SZ,1
2023-01-03,002797.SZ,1
2023-01-03,002798.SZ,1
2023-01-03,002799.SZ,1
2023-01-03,002800.SZ,1
2023-01-03,002801.SZ,1
2023-01-03,002802.SZ,1
2023-01-03,002803.SZ,1
2023-01-03,002805.SZ,1
2023-01-03,002806.SZ,1
2023-01-03,002807.SZ,1
2023-01-03,002808.SZ,1
2023-01-03,002809.SZ,1
2023-01-03,002810.SZ,1
2023-01-03,002811.SZ,1
2023-01-03,002812.SZ,1
2023-01-03,002813.SZ,1
2023-01-03,002815.SZ,1
2023-01-03,002816.SZ,1
2023-01-03,002817.SZ,1
2023-01-03,002818.SZ,1
2023-01-03,002819.SZ,1
2023-01-03,002820.SZ,1
2023-01-03,002821.SZ,1
2023-01-03,002822.SZ,1
2023-01-03,002823.SZ,1
2023-01-03,002824.SZ,1
2023-01-03,002825.SZ,1
2023-01-03,002826.SZ,1
2023-01-03,002827.SZ,1
2023-01-03,002828.SZ,1
2023-01-03,002829.SZ,1
2023-01-03,002830.SZ,1
2023-01-03,002831.SZ,1
2023-01-03,002832.SZ,1
2023-01-03,002833.SZ,1
2023-01-03,002835.SZ,1
2023-01-03,002836.SZ,1
2023-01-03,002837.SZ,1
2023-01-03,002838.SZ,1
2023-01-03,002839.SZ,1
2023-01-03,002840.SZ,1
2023-01-03,002841.SZ,1
2023-01-03,002842.SZ,1
2023-01-03,002843.SZ,1
2023-01-03,002845.SZ,1
2023-01-03,002846.SZ,1
2023-01-03,002847.SZ,1
2023-01-03,002848.SZ,1
2023-01-03,002849.SZ,1
2023-01-03,002850.SZ,1
2023-01-03,002851.SZ,1
2023-01-03,002852.SZ,1
2023-01-03,002853.SZ,1
2023-01-03,002855.SZ,1
2023-01-03,002856.SZ,1
2023-01-03,002857.SZ,1
2023-01-03,002858.SZ,1
2023-01-03,002859.SZ,1
2023-01-03,002860.SZ,1
2023-01-03,002861.SZ,1
2023-01-03,002862.SZ,1
2023-01-03,002863.SZ,1
2023-01-03,002864.SZ,1
2023-01-03,002865.SZ,1
2023-01-03,002866.SZ,1
2023-01-03,002867.SZ,1
2023-01-03,002868.SZ,1
2023-01-03,002869.SZ,1
2023-01-03,002870.SZ,1
2023-01-03,002871.SZ,1
2023-01-03,002872.SZ,1
2023-01-03,002873.SZ,1
2023-01-03,002875.SZ,1
2023-01-03,002876.SZ,1
2023-01-03,002877.SZ,1
2023-01-03,002878.SZ,1
2023-01-03,002879.SZ,1
2023-01-03,002880.SZ,1
2023-01-03,002881.SZ,1
2023-01-03,002882.SZ,1
2023-01-03,002883.SZ,1
2023-01-03,002884.SZ,1
2023-01-03,002885.SZ,1
2023-01-03,002886.SZ,1
2023-01-03,002887.SZ,1
2023-01-03,002888.SZ,1
2023-01-03,002889.SZ,1
2023-01-03,002890.SZ,1
2023-01-03,002891.SZ,1
2023-01-03,002892.SZ,1
2023-01-03,002893.SZ,1
2023-01-03,002895.SZ,1
2023-01-03,002896.SZ,1
2023-01-03,002897.SZ,1
2023-01-03,002898.SZ,1
2023-01-03,002899.SZ,1
2023-01-03,002900.SZ,1
2023-01-03,002901.SZ,1
2023-01-03,002902.SZ,1
2023-01-03,002903.SZ,1
2023-01-03,002905.SZ,1
2023-01-03,002906.SZ,1
2023-01-03,002907.SZ,1
2023-01-03,002908.SZ,1
2023-01-03,002909.SZ,1
2023-01-03,002910.SZ,1
2023-01-03,002911.SZ,1
2023-01-03,002912.SZ,1
2023-01-03,002913.SZ,1
2023-01-03,002915.SZ,1
2023-01-03,002916.SZ,1
2023-01-03,002917.SZ,1
2023-01-03,002918.SZ,1
2023-01-03,002919.SZ,1
2023-01-03,002920.SZ,1
2023-01-03,002921.SZ,1
2023-01-03,002922.SZ,1
2023-01-03,002923.SZ,1
2023-01-03,002925.SZ,1
2023-01-03,002926.SZ,1
2023-01-03,002927.SZ,1
2023-01-03,002928.SZ,1
2023-01-03,002929.SZ,1
2023-01-03,002930.SZ,1
2023-01-03,002931.SZ,1
2023-01-03,002932.SZ,1
2023-01-03,002933.SZ,1
2023-01-03,002935.SZ,1
2023-01-03,002936.SZ,1
2023-01-03,002937.SZ,1
2023-01-03,002938.SZ,1
2023-01-03,002939.SZ,1
2023-01-03,002940.SZ,1
2023-01-03,002941.SZ,1
2023-01-03,002942.SZ,1
2023-01-03,002943.SZ,1
2023-01-03,002945.SZ,1
2023-01-03,002946.SZ,1
2023-01-03,002947.SZ,1
2023-01-03,002948.SZ,1
2023-01-03,002949.SZ,1
2023-01-03,002950.SZ,1
2023-01-03,002951.SZ,1
2023-01-03,002952.SZ,1
2023-01-03,002953.SZ,1
2023-01-03,002955.SZ,1
2023-01-03,002956.SZ,1
2023-01-03,002957.SZ,1
2023-01-03,002958.SZ,1
2023-01-03,002959.SZ,1
2023-01-03,002960.SZ,1
2023-01-03,002961.SZ,1
2023-01-03,002962.SZ,1
2023-01-03,002963.SZ,1
2023-01-03,002965.SZ,1
2023-01-03,002966.SZ,1
2023-01-03,002967.SZ,1
2023-01-03,002968.SZ,1
2023-01-03,002969.SZ,1
2023-01-03,002970.SZ,1
2023-01-03,002971.SZ,1
2023-01-03,002972.SZ,1
2023-01-03,002973.SZ,1
2023-01-03,002975.SZ,1
2023-01-03,002976.SZ,1
2023-01-03,002977.SZ,1
2023-01-03,002978.SZ,1
2023-01-03,002979.SZ,1
2023-01-03,002980.SZ,1
2023-01-03,002981.SZ,1
2023-01-03,002982.SZ,1
2023-01-03,002983.SZ,1
2023-01-03,002984.SZ,1
2023-01-03,002985.SZ,1
2023-01-03,002986.SZ,1
2023-01-03,002987.SZ,1
2023-01-03,002988.SZ,1
2023-01-03,002989.SZ,1
2023-01-03,002990.SZ,1
2023-01-03,002991.SZ,1
2023-01-03,002992.SZ,1
2023-01-03,002993.SZ,1
2023-01-03,002995.SZ,1
2023-01-03,002996.SZ,1
2023-01-03,002997.SZ,1
2023-01-03,002998.SZ,1
2023-01-03,002999.SZ,1
2023-01-03,003000.SZ,1
2023-01-03,003001.SZ,1
2023-01-03,003002.SZ,1
2023-01-03,003003.SZ,1
2023-01-03,003004.SZ,1
2023-01-03,003005.SZ,1
2023-01-03,003006.SZ,1
2023-01-03,003007.SZ,1
2023-01-03,003008.SZ,1
2023-01-03,003009.SZ,1
2023-01-03,003010.SZ,1
2023-01-03,003011.SZ,1
2023-01-03,003012.SZ,1
2023-01-03,003013.SZ,1
2023-01-03,003015.SZ,1
2023-01-03,003016.SZ,1
2023-01-03,003017.SZ,1
2023-01-03,003018.SZ,1
2023-01-03,003019.SZ,1
2023-01-03,003020.SZ,1
2023-01-03,003021.SZ,1
2023-01-03,003022.SZ,1
2023-01-03,003023.SZ,1
2023-01-03,003025.SZ,1
2023-01-03,003026.SZ,1
2023-01-03,003027.SZ,1
2023-01-03,003028.SZ,1
2023-01-03,003029.SZ,1
2023-01-03,003030.SZ,1
2023-01-03,003031.SZ,1
2023-01-03,003032.SZ,1
2023-01-03,003033.SZ,1
2023-01-03,003035.SZ,1
2023-01-03,003036.SZ,1
2023-01-03,003037.SZ,1
2023-01-03,003038.SZ,1
2023-01-03,003039.SZ,1
2023-01-03,003040.SZ,1
2023-01-03,003041.SZ,1
2023-01-03,003042.SZ,1
2023-01-03,003043.SZ,1
2023-01-03,003816.SZ,1
2023-01-03,600000.SH,1
2023-01-03,600004.SH,1
2023-01-03,600006.SH,1
2023-01-03,600007.SH,1
2023-01-03,600008.SH,1
2023-01-03,600009.SH,1
2023-01-03,600010.SH,1
2023-01-03,600011.SH,1
2023-01-03,600012.SH,1
2023-01-03,600015.SH,1
2023-01-03,600016.SH,1
2023-01-03,600017.SH,1
2023-01-03,600018.SH,1
2023-01-03,600019.SH,1
2023-01-03,600020.SH,1
2023-01-03,600021.SH,1
2023-01-03,600022.SH,1
2023-01-03,600023.SH,1
2023-01-03,600025.SH,1
2023-01-03,600026.SH,1
2023-01-03,600027.SH,1
2023-01-03,600028.SH,1
2023-01-03,600029.SH,1
2023-01-03,600030.SH,1
2023-01-03,600031.SH,1
2023-01-03,600032.SH,1
2023-01-03,600033.SH,1
2023-01-03,600035.SH,1
2023-01-03,600036.SH,1
2023-01-03,600037.SH,1
2023-01-03,600038.SH,0
2023-01-03,600039.SH,1
2023-01-03,600048.SH,1
2023-01-03,600050.SH,1
2023-01-03,600051.SH,1
2023-01-03,600052.SH,1
2023-01-03,600053.SH,1
2023-01-03,600054.SH,1
2023-01-03,600055.SH,1
2023-01-03,600056.SH,1
2023-01-03,600057.SH,1
2023-01-03,600058.SH,1
2023-01-03,600059.SH,1
2023-01-03,600060.SH,1
2023-01-03,600061.SH,1
2023-01-03,600062.SH,1
2023-01-03,600063.SH,1
2023-01-03,600064.SH,1
2023-01-03,600066.SH,1
2023-01-03,600067.SH,1
2023-01-03,600070.SH,1
2023-01-03,600071.SH,1
2023-01-03,600072.SH,1
2023-01-03,600073.SH,1
2023-01-03,600075.SH,1
2023-01-03,600076.SH,1
2023-01-03,600077.SH,1
2023-01-03,600078.SH,1
2023-01-03,600079.SH,1
2023-01-03,600080.SH,1
2023-01-03,600081.SH,1
2023-01-03,600082.SH,1
2023-01-03,600083.SH,1
2023-01-03,600084.SH,1
2023-01-03,600085.SH,1
2023-01-03,600088.SH,1
2023-01-03,600089.SH,1
2023-01-03,600094.SH,1
2023-01-03,600095.SH,1
2023-01-03,600096.SH,1
2023-01-03,600097.SH,1
2023-01-03,600098.SH,1
2023-01-03,600099.SH,1
2023-01-03,600100.SH,1
2023-01-03,600101.SH,1
2023-01-03,600103.SH,1
2023-01-03,600104.SH,1
2023-01-03,600105.SH,1
2023-01-03,600106.SH,1
2023-01-03,600107.SH,1
2023-01-03,600108.SH,1
2023-01-03,600109.SH,1
2023-01-03,600110.SH,1
2023-01-03,600111.SH,1
2023-01-03,600112.SH,1
2023-01-03,600113.SH,1
2023-01-03,600114.SH,1
2023-01-03,600115.SH,1
2023-01-03,600116.SH,1
2023-01-03,600117.SH,1
2023-01-03,600118.SH,1
2023-01-03,600119.SH,1
2023-01-03,600120.SH,1
2023-01-03,600121.SH,1
2023-01-03,600122.SH,1
2023-01-03,600123.SH,1
2023-01-03,600125.SH,1
2023-01-03,600126.SH,1
2023-01-03,600127.SH,1
2023-01-03,600128.SH,1
2023-01-03,600129.SH,1
2023-01-03,600130.SH,1
2023-01-03,600131.SH,1
2023-01-03,600132.SH,1
2023-01-03,600133.SH,1
2023-01-03,600135.SH,1
2023-01-03,600136.SH,1
2023-01-03,600137.SH,1
2023-01-03,600138.SH,1
2023-01-03,600139.SH,1
2023-01-03,600141.SH,1
2023-01-03,600143.SH,1
2023-01-03,600148.SH,1
2023-01-03,600149.SH,1
2023-01-03,600150.SH,1
2023-01-03,600151.SH,1
2023-01-03,600152.SH,1
2023-01-03,600153.SH,1
2023-01-03,600155.SH,1
2023-01-03,600156.SH,1
2023-01-03,600157.SH,1
2023-01-03,600158.SH,1
2023-01-03,600159.SH,1
2023-01-03,600160.SH,1
2023-01-03,600161.SH,1
2023-01-03,600162.SH,1
2023-01-03,600163.SH,1
2023-01-03,600165.SH,1
2023-01-03,600166.SH,1
2023-01-03,600167.SH,1
2023-01-03,600168.SH,1
2023-01-03,600169.SH,1
2023-01-03,600170.SH,1
2023-01-03,600171.SH,1
2023-01-03,600172.SH,1
2023-01-03,600173.SH,1
2023-01-03,600176.SH,1
2023-01-03,600177.SH,1
2023-01-03,600178.SH,1
2023-01-03,600179.SH,1
2023-01-03,600180.SH,1
2023-01-03,600182.SH,1
2023-01-03,600183.SH,1
2023-01-03,600184.SH,1
2023-01-03,600185.SH,1
2023-01-03,600186.SH,1
2023-01-03,600187.SH,1
2023-01-03,600188.SH,1
2023-01-03,600189.SH,1
2023-01-03,600190.SH,1
2023-01-03,600191.SH,1
2023-01-03,600192.SH,1
2023-01-03,600193.SH,1
2023-01-03,600195.SH,1
2023-01-03,600196.SH,1
2023-01-03,600197.SH,1
2023-01-03,600198.SH,1
2023-01-03,600199.SH,1
2023-01-03,600200.SH,1
2023-01-03,600201.SH,1
2023-01-03,600202.SH,1
2023-01-03,600203.SH,1
2023-01-03,600206.SH,1
2023-01-03,600207.SH,1
2023-01-03,600208.SH,1
2023-01-03,600210.SH,1
2023-01-03,600211.SH,1
2023-01-03,600212.SH,1
2023-01-03,600213.SH,1
2023-01-03,600215.SH,1
2023-01-03,600216.SH,1
2023-01-03,600217.SH,1
2023-01-03,600218.SH,1
2023-01-03,600219.SH,1
2023-01-03,600220.SH,1
2023-01-03,600221.SH,1
2023-01-03,600222.SH,1
2023-01-03,600223.SH,1
2023-01-03,600225.SH,1
2023-01-03,600226.SH,1
2023-01-03,600227.SH,1
2023-01-03,600228.SH,1
2023-01-03,600229.SH,1
2023-01-03,600230.SH,1
2023-01-03,600231.SH,1
2023-01-03,600232.SH,1
2023-01-03,600233.SH,1
2023-01-03,600234.SH,1
2023-01-03,600235.SH,1
2023-01-03,600236.SH,1
2023-01-03,600237.SH,1
2023-01-03,600238.SH,1
2023-01-03,600239.SH,1
2023-01-03,600241.SH,1
2023-01-03,600242.SH,1
2023-01-03,600243.SH,1
2023-01-03,600246.SH,1
2023-01-03,600248.SH,1
2023-01-03,600249.SH,1
2023-01-03,600250.SH,1
2023-01-03,600251.SH,1
2023-01-03,600252.SH,1
2023-01-03,600255.SH,1
2023-01-03,600256.SH,1
2023-01-03,600257.SH,1
2023-01-03,600258.SH,1
2023-01-03,600259.SH,1
2023-01-03,600260.SH,1
2023-01-03,600261.SH,1
2023-01-03,600262.SH,1
2023-01-03,600265.SH,1
2023-01-03,600266.SH,1
2023-01-03,600267.SH,1
2023-01-03,600268.SH,1
2023-01-03,600269.SH,1
2023-01-03,600271.SH,1
2023-01-03,600272.SH,1
2023-01-03,600273.SH,1
2023-01-03,600276.SH,1
2023-01-03,600277.SH,1
2023-01-03,600278.SH,1
2023-01-03,600279.SH,1
2023-01-03,600280.SH,1
2023-01-03,600281.SH,1
2023-01-03,600282.SH,1
2023-01-03,600283.SH,1
2023-01-03,600284.SH,1
2023-01-03,600285.SH,1
2023-01-03,600287.SH,1
2023-01-03,600288.SH,1
2023-01-03,600289.SH,1
2023-01-03,600290.SH,1
2023-01-03,600292.SH,1
2023-01-03,600293.SH,1
2023-01-03,600295.SH,1
2023-01-03,600297.SH,1
2023-01-03,600298.SH,1
2023-01-03,600299.SH,1
2023-01-03,600300.SH,1
2023-01-03,600301.SH,1
2023-01-03,600302.SH,1
2023-01-03,600303.SH,1
2023-01-03,600305.SH,1
2023-01-03,600306.SH,1
2023-01-03,600307.SH,1
2023-01-03,600308.SH,1
2023-01-03,600309.SH,1
2023-01-03,600310.SH,1
2023-01-03,600311.SH,1
2023-01-03,600312.SH,1
2023-01-03,600313.SH,1
2023-01-03,600315.SH,1
2023-01-03,600316.SH,1
2023-01-03,600318.SH,1
2023-01-03,600319.SH,1
2023-01-03,600320.SH,1
2023-01-03,600321.SH,1
2023-01-03,600322.SH,1
2023-01-03,600323.SH,1
2023-01-03,600325.SH,1
2023-01-03,600326.SH,1
2023-01-03,600327.SH,1
2023-01-03,600328.SH,1
2023-01-03,600329.SH,1
2023-01-03,600330.SH,1
2023-01-03,600331.SH,1
2023-01-03,600332.SH,1
2023-01-03,600333.SH,1
2023-01-03,600335.SH,1
2023-01-03,600336.SH,1
2023-01-03,600337.SH,1
2023-01-03,600338.SH,1
2023-01-03,600339.SH,1
2023-01-03,600340.SH,1
2023-01-03,600343.SH,1
2023-01-03,600345.SH,1
2023-01-03,600346.SH,1
2023-01-03,600348.SH,1
2023-01-03,600350.SH,1
2023-01-03,600351.SH,1
2023-01-03,600352.SH,1
2023-01-03,600353.SH,1
2023-01-03,600354.SH,1
2023-01-03,600355.SH,1
2023-01-03,600356.SH,1
2023-01-03,600358.SH,1
2023-01-03,600359.SH,1
2023-01-03,600360.SH,1
2023-01-03,600361.SH,1
2023-01-03,600362.SH,1
2023-01-03,600363.SH,1
2023-01-03,600365.SH,1
2023-01-03,600366.SH,1
2023-01-03,600367.SH,1
2023-01-03,600368.SH,1
2023-01-03,600369.SH,1
2023-01-03,600370.SH,1
2023-01-03,600371.SH,1
2023-01-03,600372.SH,1
2023-01-03,600373.SH,1
2023-01-03,600375.SH,1
2023-01-03,600376.SH,1
2023-01-03,600377.SH,1
2023-01-03,600378.SH,1
2023-01-03,600379.SH,1
2023-01-03,600380.SH,1
2023-01-03,600381.SH,1
2023-01-03,600382.SH,1
2023-01-03,600383.SH,1
2023-01-03,600386.SH,1
2023-01-03,600387.SH,1
2023-01-03,600388.SH,1
2023-01-03,600389.SH,1
2023-01-03,600390.SH,1
2023-01-03,600391.SH,1
2023-01-03,600392.SH,1
2023-01-03,600393.SH,1
2023-01-03,600395.SH,1
2023-01-03,600396.SH,1
2023-01-03,600397.SH,1
2023-01-03,600398.SH,1
2023-01-03,600399.SH,1
2023-01-03,600400.SH,1
2023-01-03,600403.SH,1
2023-01-03,600405.SH,1
2023-01-03,600406.SH,1
2023-01-03,600408.SH,1
2023-01-03,600409.SH,1
2023-01-03,600410.SH,1
2023-01-03,600415.SH,1
2023-01-03,600416.SH,1
2023-01-03,600418.SH,1
2023-01-03,600419.SH,1
2023-01-03,600420.SH,1
2023-01-03,600421.SH,1
2023-01-03,600422.SH,1
2023-01-03,600423.SH,1
2023-01-03,600425.SH,1
2023-01-03,600426.SH,1
2023-01-03,600428.SH,1
2023-01-03,600429.SH,1
2023-01-03,600433.SH,1
2023-01-03,600435.SH,1
2023-01-03,600436.SH,1
2023-01-03,600438.SH,1
2023-01-03,600439.SH,1
2023-01-03,600444.SH,1
2023-01-03,600446.SH,1
2023-01-03,600448.SH,1
2023-01-03,600449.SH,1
2023-01-03,600452.SH,1
2023-01-03,600455.SH,1
2023-01-03,600456.SH,1
2023-01-03,600458.SH,1
2023-01-03,600459.SH,1
2023-01-03,600460.SH,1
2023-01-03,600461.SH,1
2023-01-03,600462.SH,1
2023-01-03,600463.SH,1
2023-01-03,600466.SH,1
2023-01-03,600467.SH,1
2023-01-03,600468.SH,1
2023-01-03,600469.SH,1
2023-01-03,600470.SH,1
2023-01-03,600475.SH,1
2023-01-03,600476.SH,1
2023-01-03,600477.SH,1
2023-01-03,600478.SH,1
2023-01-03,600479.SH,1
2023-01-03,600480.SH,1
2023-01-03,600481.SH,1
2023-01-03,600482.SH,1
2023-01-03,600483.SH,1
2023-01-03,600486.SH,1
2023-01-03,600487.SH,1
2023-01-03,600488.SH,1
2023-01-03,600489.SH,1
2023-01-03,600490.SH,1
2023-01-03,600491.SH,1
2023-01-03,600493.SH,1
2023-01-03,600495.SH,1
2023-01-03,600496.SH,1
2023-01-03,600497.SH,1
2023-01-03,600498.SH,1
2023-01-03,600499.SH,1
2023-01-03,600500.SH,1
2023-01-03,600501.SH,1
2023-01-03,600502.SH,1
2023-01-03,600503.SH,1
2023-01-03,600505.SH,1
2023-01-03,600506.SH,1
2023-01-03,600507.SH,1
2023-01-03,600508.SH,1
2023-01-03,600509.SH,1
2023-01-03,600510.SH,1
2023-01-03,600511.SH,1
2023-01-03,600512.SH,1
2023-01-03,600513.SH,1
2023-01-03,600515.SH,1
2023-01-03,600516.SH,1
2023-01-03,600517.SH,1
2023-01-03,600518.SH,1
2023-01-03,600519.SH,1
2023-01-03,600520.SH,1
2023-01-03,600521.SH,1
2023-01-03,600522.SH,1
2023-01-03,600523.SH,1
2023-01-03,600525.SH,1
2023-01-03,600526.SH,1
2023-01-03,600527.SH,1
2023-01-03,600528.SH,1
2023-01-03,600529.SH,1
2023-01-03,600530.SH,1
2023-01-03,600531.SH,1
2023-01-03,600532.SH,1
2023-01-03,600533.SH,1
2023-01-03,600535.SH,1
2023-01-03,600536.SH,1
2023-01-03,600537.SH,1
2023-01-03,600538.SH,1
2023-01-03,600539.SH,1
2023-01-03,600540.SH,1
2023-01-03,600543.SH,1
2023-01-03,600545.SH,1
2023-01-03,600546.SH,1
2023-01-03,600547.SH,1
2023-01-03,600548.SH,1
2023-01-03,600549.SH,1
2023-01-03,600550.SH,1
2023-01-03,600551.SH,1
2023-01-03,600552.SH,1
2023-01-03,600556.SH,1
2023-01-03,600557.SH,1
2023-01-03,600558.SH,1
2023-01-03,600559.SH,1
2023-01-03,600560.SH,1
2023-01-03,600561.SH,1
2023-01-03,600562.SH,1
2023-01-03,600563.SH,1
2023-01-03,600565.SH,1
2023-01-03,600566.SH,1
2023-01-03,600567.SH,1
2023-01-03,600568.SH,1
2023-01-03,600569.SH,1
2023-01-03,600570.SH,1
2023-01-03,600571.SH,1
2023-01-03,600572.SH,1
2023-01-03,600573.SH,1
2023-01-03,600575.SH,1
2023-01-03,600576.SH,1
2023-01-03,600577.SH,1
2023-01-03,600578.SH,1
2023-01-03,600579.SH,1
2023-01-03,600580.SH,1
2023-01-03,600581.SH,1
2023-01-03,600582.SH,1
2023-01-03,600583.SH,1
2023-01-03,600584.SH,1
2023-01-03,600585.SH,1
2023-01-03,600586.SH,1
2023-01-03,600587.SH,1
2023-01-03,600588.SH,1
2023-01-03,600589.SH,1
2023-01-03,600590.SH,1
2023-01-03,600592.SH,1
2023-01-03,600593.SH,1
2023-01-03,600594.SH,1
2023-01-03,600595.SH,1
2023-01-03,600596.SH,1
2023-01-03,600597.SH,1
2023-01-03,600598.SH,1
2023-01-03,600599.SH,1
2023-01-03,600600.SH,1
2023-01-03,600601.SH,1
2023-01-03,600602.SH,1
2023-01-03,600603.SH,1
2023-01-03,600604.SH,1
2023-01-03,600605.SH,1
2023-01-03,600606.SH,1
2023-01-03,600608.SH,1
2023-01-03,600609.SH,1
2023-01-03,600610.SH,1
2023-01-03,600611.SH,1
2023-01-03,600612.SH,1
2023-01-03,600613.SH,1
2023-01-03,600615.SH,1
2023-01-03,600616.SH,1
2023-01-03,600617.SH,1
2023-01-03,600618.SH,1
2023-01-03,600619.SH,1
2023-01-03,600620.SH,1
2023-01-03,600621.SH,1
2023-01-03,600622.SH,1
2023-01-03,600623.SH,1
2023-01-03,600624.SH,1
2023-01-03,600626.SH,1
2023-01-03,600628.SH,1
2023-01-03,600629.SH,1
2023-01-03,600630.SH,1
2023-01-03,600633.SH,1
2023-01-03,600635.SH,1
2023-01-03,600636.SH,1
2023-01-03,600637.SH,1
2023-01-03,600638.SH,1
2023-01-03,600639.SH,1
2023-01-03,600640.SH,1
2023-01-03,600641.SH,1
2023-01-03,600642.SH,1
2023-01-03,600643.SH,1
2023-01-03,600644.SH,1
2023-01-03,600645.SH,1
2023-01-03,600647.SH,1
2023-01-03,600648.SH,1
2023-01-03,600649.SH,1
2023-01-03,600650.SH,1
2023-01-03,600651.SH,1
2023-01-03,600653.SH,1
2023-01-03,600654.SH,1
2023-01-03,600655.SH,1
2023-01-03,600657.SH,1
2023-01-03,600658.SH,1
2023-01-03,600660.SH,1
2023-01-03,600661.SH,1
2023-01-03,600662.SH,1
2023-01-03,600663.SH,1
2023-01-03,600664.SH,1
2023-01-03,600665.SH,1
2023-01-03,600666.SH,1
2023-01-03,600667.SH,1
2023-01-03,600668.SH,1
2023-01-03,600671.SH,1
2023-01-03,600673.SH,1
2023-01-03,600674.SH,1
2023-01-03,600675.SH,1
2023-01-03,600676.SH,1
2023-01-03,600678.SH,1
2023-01-03,600679.SH,1
2023-01-03,600681.SH,1
2023-01-03,600682.SH,1
2023-01-03,600683.SH,1
2023-01-03,600684.SH,1
2023-01-03,600685.SH,1
2023-01-03,600686.SH,1
2023-01-03,600688.SH,1
2023-01-03,600689.SH,1
2023-01-03,600690.SH,1
2023-01-03,600691.SH,1
2023-01-03,600692.SH,1
2023-01-03,600693.SH,1
2023-01-03,600694.SH,1
2023-01-03,600696.SH,1
2023-01-03,600697.SH,1
2023-01-03,600698.SH,1
2023-01-03,600699.SH,1
2023-01-03,600702.SH,1
2023-01-03,600703.SH,1
2023-01-03,600704.SH,1
2023-01-03,600705.SH,1
2023-01-03,600706.SH,1
2023-01-03,600707.SH,1
2023-01-03,600708.SH,1
2023-01-03,600710.SH,1
2023-01-03,600711.SH,1
2023-01-03,600712.SH,1
2023-01-03,600713.SH,1
2023-01-03,600714.SH,1
2023-01-03,600715.SH,1
2023-01-03,600716.SH,1
2023-01-03,600717.SH,1
2023-01-03,600718.SH,1
2023-01-03,600719.SH,1
2023-01-03,600720.SH,1
2023-01-03,600721.SH,1
2023-01-03,600722.SH,1
2023-01-03,600724.SH,1
2023-01-03,600725.SH,1
2023-01-03,600726.SH,1
2023-01-03,600727.SH,1
2023-01-03,600728.SH,1
2023-01-03,600729.SH,1
2023-01-03,600730.SH,1
2023-01-03,600731.SH,1
2023-01-03,600732.SH,1
2023-01-03,600733.SH,1
2023-01-03,600734.SH,1
2023-01-03,600735.SH,1
2023-01-03,600736.SH,1
2023-01-03,600737.SH,1
2023-01-03,600738.SH,1
2023-01-03,600739.SH,1
2023-01-03,600740.SH,1
2023-01-03,600741.SH,1
2023-01-03,600742.SH,1
2023-01-03,600743.SH,1
2023-01-03,600744.SH,1
2023-01-03,600745.SH,1
2023-01-03,600746.SH,1
2023-01-03,600748.SH,1
2023-01-03,600749.SH,1
2023-01-03,600750.SH,1
2023-01-03,600751.SH,1
2023-01-03,600753.SH,1
2023-01-03,600754.SH,1
2023-01-03,600755.SH,1
2023-01-03,600756.SH,1
2023-01-03,600757.SH,1
2023-01-03,600758.SH,1
2023-01-03,600759.SH,1
2023-01-03,600760.SH,1
2023-01-03,600761.SH,1
2023-01-03,600763.SH,1
2023-01-03,600764.SH,1
2023-01-03,600765.SH,1
2023-01-03,600766.SH,1
2023-01-03,600767.SH,1
2023-01-03,600768.SH,1
2023-01-03,600769.SH,1
2023-01-03,600770.SH,1
2023-01-03,600771.SH,1
2023-01-03,600773.SH,1
2023-01-03,600774.SH,1
2023-01-03,600775.SH,1
2023-01-03,600776.SH,1
2023-01-03,600777.SH,1
2023-01-03,600778.SH,1
2023-01-03,600779.SH,1
2023-01-03,600780.SH,1
2023-01-03,600781.SH,1
2023-01-03,600782.SH,1
2023-01-03,600783.SH,1
2023-01-03,600784.SH,1
2023-01-03,600785.SH,1
2023-01-03,600787.SH,1
2023-01-03,600789.SH,1
2023-01-03,600790.SH,1
2023-01-03,600791.SH,1
2023-01-03,600792.SH,1
2023-01-03,600793.SH,1
2023-01-03,600794.SH,1
2023-01-03,600795.SH,1
2023-01-03,600796.SH,1
2023-01-03,600797.SH,1
2023-01-03,600798.SH,1
2023-01-03,600800.SH,1
2023-01-03,600801.SH,1
2023-01-03,600802.SH,1
2023-01-03,600803.SH,1
2023-01-03,600804.SH,1
2023-01-03,600805.SH,1
2023-01-03,600807.SH,1
2023-01-03,600808.SH,1
2023-01-03,600809.SH,1
2023-01-03,600810.SH,1
2023-01-03,600811.SH,1
2023-01-03,600812.SH,1
2023-01-03,600814.SH,1
2023-01-03,600815.SH,1
2023-01-03,600816.SH,1
2023-01-03,600817.SH,1
2023-01-03,600818.SH,1
2023-01-03,600819.SH,1
2023-01-03,600820.SH,1
2023-01-03,600821.SH,1
2023-01-03,600822.SH,1
2023-01-03,600823.SH,1
2023-01-03,600824.SH,1
2023-01-03,600825.SH,1
2023-01-03,600826.SH,1
2023-01-03,600827.SH,1
2023-01-03,600828.SH,1
2023-01-03,600829.SH,1
2023-01-03,600830.SH,1
2023-01-03,600831.SH,1
2023-01-03,600833.SH,1
2023-01-03,600834.SH,1
2023-01-03,600835.SH,1
2023-01-03,600836.SH,1
2023-01-03,600837.SH,1
2023-01-03,600838.SH,1
2023-01-03,600839.SH,1
2023-01-03,600841.SH,1
2023-01-03,600843.SH,1
2023-01-03,600844.SH,1
2023-01-03,600845.SH,1
2023-01-03,600846.SH,1
2023-01-03,600847.SH,1
2023-01-03,600848.SH,1
2023-01-03,600850.SH,1
2023-01-03,600851.SH,1
2023-01-03,600853.SH,1
2023-01-03,600854.SH,1
2023-01-03,600855.SH,1
2023-01-03,600857.SH,1
2023-01-03,600858.SH,1
2023-01-03,600859.SH,1
2023-01-03,600860.SH,1
2023-01-03,600861.SH,1
2023-01-03,600862.SH,1
2023-01-03,600863.SH,1
2023-01-03,600864.SH,1
2023-01-03,600865.SH,1
2023-01-03,600866.SH,1
2023-01-03,600867.SH,1
2023-01-03,600868.SH,1
2023-01-03,600869.SH,1
2023-01-03,600871.SH,1
2023-01-03,600872.SH,1
2023-01-03,600873.SH,1
2023-01-03,600874.SH,1
2023-01-03,600875.SH,1
2023-01-03,600876.SH,1
2023-01-03,600877.SH,1
2023-01-03,600879.SH,1
2023-01-03,600880.SH,1
2023-01-03,600881.SH,1
2023-01-03,600882.SH,1
2023-01-03,600883.SH,1
2023-01-03,600884.SH,1
2023-01-03,600885.SH,1
2023-01-03,600886.SH,1
2023-01-03,600887.SH,1
2023-01-03,600888.SH,1
2023-01-03,600889.SH,1
2023-01-03,600892.SH,1
2023-01-03,600893.SH,1
2023-01-03,600894.SH,1
2023-01-03,600895.SH,1
2023-01-03,600897.SH,1
2023-01-03,600898.SH,1
2023-01-03,600900.SH,1
2023-01-03,600901.SH,1
2023-01-03,600903.SH,1
2023-01-03,600905.SH,1
2023-01-03,600906.SH,1
2023-01-03,600908.SH,1
2023-01-03,600909.SH,1
2023-01-03,600916.SH,1
2023-01-03,600917.SH,1
2023-01-03,600918.SH,1
2023-01-03,600919.SH,1
2023-01-03,600926.SH,1
2023-01-03,600927.SH,1
2023-01-03,600928.SH,1
2023-01-03,600929.SH,1
2023-01-03,600933.SH,1
2023-01-03,600935.SH,1
2023-01-03,600936.SH,1
2023-01-03,600938.SH,1
2023-01-03,600939.SH,1
2023-01-03,600941.SH,1
2023-01-03,600955.SH,1
2023-01-03,600956.SH,1
2023-01-03,600958.SH,1
2023-01-03,600959.SH,1
2023-01-03,600960.SH,1
2023-01-03,600961.SH,1
2023-01-03,600962.SH,1
2023-01-03,600963.SH,1
2023-01-03,600965.SH,1
2023-01-03,600966.SH,1
2023-01-03,600967.SH,1
2023-01-03,600968.SH,1
2023-01-03,600969.SH,1
2023-01-03,600970.SH,1
2023-01-03,600971.SH,1
2023-01-03,600973.SH,1
2023-01-03,600975.SH,1
2023-01-03,600976.SH,1
2023-01-03,600977.SH,1
2023-01-03,600979.SH,1
2023-01-03,600980.SH,1
2023-01-03,600981.SH,1
2023-01-03,600982.SH,1
2023-01-03,600983.SH,1
2023-01-03,600984.SH,1
2023-01-03,600985.SH,1
2023-01-03,600986.SH,1
2023-01-03,600987.SH,1
2023-01-03,600988.SH,1
2023-01-03,600989.SH,1
2023-01-03,600990.SH,1
2023-01-03,600992.SH,1
2023-01-03,600993.SH,1
2023-01-03,600995.SH,1
2023-01-03,600996.SH,1
2023-01-03,600997.SH,1
2023-01-03,600998.SH,1
2023-01-03,600999.SH,1
2023-01-03,601000.SH,1
2023-01-03,601001.SH,1
2023-01-03,601002.SH,1
2023-01-03,601003.SH,1
2023-01-03,601005.SH,1
2023-01-03,601006.SH,1
2023-01-03,601007.SH,1
2023-01-03,601008.SH,1
2023-01-03,601009.SH,1
2023-01-03,601010.SH,1
2023-01-03,601011.SH,1
2023-01-03,601012.SH,1
2023-01-03,601015.SH,1
2023-01-03,601016.SH,1
2023-01-03,601018.SH,1
2023-01-03,601019.SH,1
2023-01-03,601020.SH,1
2023-01-03,601021.SH,1
2023-01-03,601022.SH,1
2023-01-03,601028.SH,1
2023-01-03,601038.SH,1
2023-01-03,601058.SH,1
2023-01-03,601066.SH,1
2023-01-03,601068.SH,1
2023-01-03,601069.SH,1
2023-01-03,601077.SH,1
2023-01-03,601086.SH,1
2023-01-03,601088.SH,1
2023-01-03,601089.SH,1
2023-01-03,601098.SH,1
2023-01-03,601099.SH,1
2023-01-03,601100.SH,1
2023-01-03,601101.SH,1
2023-01-03,601106.SH,1
2023-01-03,601107.SH,1
2023-01-03,601108.SH,1
2023-01-03,601111.SH,1
2023-01-03,601113.SH,1
2023-01-03,601116.SH,1
2023-01-03,601117.SH,1
2023-01-03,601118.SH,1
2023-01-03,601126.SH,1
2023-01-03,601127.SH,1
2023-01-03,601128.SH,1
2023-01-03,601136.SH,1
2023-01-03,601137.SH,1
2023-01-03,601138.SH,1
2023-01-03,601139.SH,1
2023-01-03,601155.SH,1
2023-01-03,601156.SH,1
2023-01-03,601158.SH,1
2023-01-03,601162.SH,1
2023-01-03,601163.SH,1
2023-01-03,601166.SH,1
2023-01-03,601168.SH,1
2023-01-03,601169.SH,1
2023-01-03,601177.SH,1
2023-01-03,601179.SH,1
2023-01-03,601186.SH,1
2023-01-03,601187.SH,1
2023-01-03,601188.SH,1
2023-01-03,601198.SH,1
2023-01-03,601199.SH,1
2023-01-03,601200.SH,1
2023-01-03,601208.SH,1
2023-01-03,601211.SH,1
2023-01-03,601212.SH,1
2023-01-03,601216.SH,1
2023-01-03,601218.SH,1
2023-01-03,601222.SH,1
2023-01-03,601225.SH,1
2023-01-03,601226.SH,1
2023-01-03,601228.SH,1
2023-01-03,601229.SH,1
2023-01-03,601231.SH,1
2023-01-03,601233.SH,1
2023-01-03,601236.SH,1
2023-01-03,601238.SH,1
2023-01-03,601258.SH,1
2023-01-03,601279.SH,1
2023-01-03,601288.SH,1
2023-01-03,601298.SH,1
2023-01-03,601311.SH,1
2023-01-03,601318.SH,1
2023-01-03,601319.SH,1
2023-01-03,601326.SH,1
2023-01-03,601328.SH,1
2023-01-03,601330.SH,1
2023-01-03,601333.SH,1
2023-01-03,601336.SH,1
2023-01-03,601339.SH,1
2023-01-03,601360.SH,1
2023-01-03,601366.SH,1
2023-01-03,601368.SH,1
2023-01-03,601369.SH,1
2023-01-03,601375.SH,1
2023-01-03,601377.SH,1
2023-01-03,601388.SH,1
2023-01-03,601390.SH,1
2023-01-03,601398.SH,1
2023-01-03,601399.SH,1
2023-01-03,601456.SH,1
2023-01-03,601500.SH,1
2023-01-03,601512.SH,1
2023-01-03,601515.SH,1
2023-01-03,601518.SH,1
2023-01-03,601519.SH,1
2023-01-03,601528.SH,1
2023-01-03,601555.SH,1
2023-01-03,601566.SH,1
2023-01-03,601567.SH,1
2023-01-03,601568.SH,1
2023-01-03,601577.SH,1
2023-01-03,601579.SH,1
2023-01-03,601588.SH,1
2023-01-03,601595.SH,1
2023-01-03,601598.SH,1
2023-01-03,601599.SH,1
2023-01-03,601600.SH,1
2023-01-03,601601.SH,1
2023-01-03,601606.SH,1
2023-01-03,601607.SH,1
2023-01-03,601608.SH,1
2023-01-03,601609.SH,1
2023-01-03,601611.SH,1
2023-01-03,601615.SH,1
2023-01-03,601616.SH,1
2023-01-03,601618.SH,1
2023-01-03,601619.SH,1
2023-01-03,601628.SH,1
2023-01-03,601633.SH,1
2023-01-03,601636.SH,1
2023-01-03,601658.SH,1
2023-01-03,601665.SH,1
2023-01-03,601666.SH,1
2023-01-03,601668.SH,1
2023-01-03,601669.SH,1
2023-01-03,601677.SH,1
2023-01-03,601678.SH,1
2023-01-03,601686.SH,1
2023-01-03,601688.SH,1
2023-01-03,601689.SH,1
2023-01-03,601696.SH,1
2023-01-03,601698.SH,1
2023-01-03,601699.SH,1
2023-01-03,601700.SH,1
2023-01-03,601702.SH,1
2023-01-03,601717.SH,1
2023-01-03,601718.SH,1
2023-01-03,601727.SH,1
2023-01-03,601728.SH,1
2023-01-03,601766.SH,1
2023-01-03,601777.SH,1
2023-01-03,601778.SH,1
2023-01-03,601788.SH,1
2023-01-03,601789.SH,1
2023-01-03,601798.SH,1
2023-01-03,601799.SH,1
2023-01-03,601800.SH,1
2023-01-03,601801.SH,1
2023-01-03,601808.SH,1
2023-01-03,601811.SH,1
2023-01-03,601816.SH,1
2023-01-03,601818.SH,1
2023-01-03,601825.SH,1
2023-01-03,601827.SH,1
2023-01-03,601828.SH,1
2023-01-03,601838.SH,1
2023-01-03,601857.SH,1
2023-01-03,601858.SH,1
2023-01-03,601860.SH,1
2023-01-03,601865.SH,1
2023-01-03,601866.SH,1
2023-01-03,601868.SH,1
2023-01-03,601869.SH,1
2023-01-03,601872.SH,1
2023-01-03,601877.SH,1
2023-01-03,601878.SH,1
2023-01-03,601880.SH,1
2023-01-03,601881.SH,1
2023-01-03,601882.SH,1
2023-01-03,601886.SH,1
2023-01-03,601888.SH,1
2023-01-03,601890.SH,1
2023-01-03,601898.SH,1
2023-01-03,601899.SH,1
2023-01-03,601900.SH,1
2023-01-03,601901.SH,1
2023-01-03,601908.SH,1
2023-01-03,601916.SH,1
2023-01-03,601918.SH,1
2023-01-03,601919.SH,1
2023-01-03,601921.SH,1
2023-01-03,601928.SH,1
2023-01-03,601929.SH,1
2023-01-03,601933.SH,1
2023-01-03,601939.SH,1
2023-01-03,601949.SH,1
2023-01-03,601952.SH,1
2023-01-03,601956.SH,1
2023-01-03,601958.SH,1
2023-01-03,601963.SH,1
2023-01-03,601965.SH,1
2023-01-03,601966.SH,1
2023-01-03,601968.SH,1
2023-01-03,601969.SH,1
2023-01-03,601975.SH,1
2023-01-03,601985.SH,1
2023-01-03,601988.SH,1
2023-01-03,601989.SH,1
2023-01-03,601990.SH,1
2023-01-03,601991.SH,1
2023-01-03,601992.SH,1
2023-01-03,601995.SH,1
2023-01-03,601996.SH,1
2023-01-03,601997.SH,1
2023-01-03,601998.SH,1
2023-01-03,601999.SH,1
2023-01-03,603000.SH,1
2023-01-03,603001.SH,1
2023-01-03,603002.SH,1
2023-01-03,603003.SH,1
2023-01-03,603005.SH,1
2023-01-03,603006.SH,1
2023-01-03,603007.SH,1
2023-01-03,603008.SH,1
2023-01-03,603009.SH,1
2023-01-03,603010.SH,1
2023-01-03,603011.SH,1
2023-01-03,603012.SH,1
2023-01-03,603013.SH,1
2023-01-03,603015.SH,1
2023-01-03,603016.SH,1
2023-01-03,603017.SH,1
2023-01-03,603018.SH,1
2023-01-03,603019.SH,1
2023-01-03,603020.SH,1
2023-01-03,603021.SH,1
2023-01-03,603022.SH,1
2023-01-03,603023.SH,1
2023-01-03,603025.SH,1
2023-01-03,603026.SH,1
2023-01-03,603027.SH,1
2023-01-03,603028.SH,1
2023-01-03,603029.SH,1
2023-01-03,603030.SH,1
2023-01-03,603031.SH,1
2023-01-03,603032.SH,1
2023-01-03,603033.SH,1
2023-01-03,603035.SH,1
2023-01-03,603036.SH,1
2023-01-03,603037.SH,1
2023-01-03,603038.SH,1
2023-01-03,603039.SH,1
2023-01-03,603040.SH,1
2023-01-03,603041.SH,1
2023-01-03,603042.SH,1
2023-01-03,603043.SH,1
2023-01-03,603045.SH,1
2023-01-03,603048.SH,1
2023-01-03,603050.SH,1
2023-01-03,603051.SH,1
2023-01-03,603052.SH,1
2023-01-03,603053.SH,1
2023-01-03,603055.SH,1
2023-01-03,603056.SH,1
2023-01-03,603057.SH,1
2023-01-03,603058.SH,1
2023-01-03,603059.SH,1
2023-01-03,603060.SH,1
2023-01-03,603063.SH,1
2023-01-03,603066.SH,1
2023-01-03,603067.SH,1
2023-01-03,603068.SH,1
2023-01-03,603069.SH,1
2023-01-03,603070.SH,1
2023-01-03,603071.SH,1
2023-01-03,603076.SH,1
2023-01-03,603077.SH,1
2023-01-03,603078.SH,1
2023-01-03,603079.SH,1
2023-01-03,603080.SH,1
2023-01-03,603081.SH,1
2023-01-03,603083.SH,1
2023-01-03,603085.SH,1
2023-01-03,603086.SH,1
2023-01-03,603087.SH,1
2023-01-03,603088.SH,1
2023-01-03,603089.SH,1
2023-01-03,603090.SH,1
2023-01-03,603093.SH,1
2023-01-03,603095.SH,1
2023-01-03,603096.SH,1
2023-01-03,603097.SH,1
2023-01-03,603098.SH,1
2023-01-03,603099.SH,1
2023-01-03,603100.SH,1
2023-01-03,603101.SH,1
2023-01-03,603102.SH,1
2023-01-03,603103.SH,1
2023-01-03,603105.SH,1
2023-01-03,603106.SH,1
2023-01-03,603108.SH,1
2023-01-03,603109.SH,1
2023-01-03,603110.SH,1
2023-01-03,603111.SH,1
2023-01-03,603112.SH,1
2023-01-03,603113.SH,1
2023-01-03,603115.SH,1
2023-01-03,603116.SH,1
2023-01-03,603117.SH,1
2023-01-03,603118.SH,1
2023-01-03,603121.SH,1
2023-01-03,603122.SH,1
2023-01-03,603123.SH,1
2023-01-03,603126.SH,1
2023-01-03,603127.SH,1
2023-01-03,603128.SH,1
2023-01-03,603129.SH,1
2023-01-03,603130.SH,1
2023-01-03,603131.SH,1
2023-01-03,603132.SH,1
2023-01-03,603133.SH,1
2023-01-03,603136.SH,1
2023-01-03,603138.SH,1
2023-01-03,603139.SH,1
2023-01-03,603150.SH,1
2023-01-03,603151.SH,1
2023-01-03,603155.SH,1
2023-01-03,603156.SH,1
2023-01-03,603158.SH,1
2023-01-03,603159.SH,1
2023-01-03,603160.SH,1
2023-01-03,603161.SH,1
2023-01-03,603163.SH,1
2023-01-03,603165.SH,1
2023-01-03,603166.SH,1
2023-01-03,603167.SH,1
2023-01-03,603168.SH,1
2023-01-03,603169.SH,1
2023-01-03,603170.SH,1
2023-01-03,603171.SH,1
2023-01-03,603176.SH,1
2023-01-03,603177.SH,1
2023-01-03,603178.SH,1
2023-01-03,603179.SH,1
2023-01-03,603180.SH,1
2023-01-03,603181.SH,1
2023-01-03,603182.SH,1
2023-01-03,603183.SH,1
2023-01-03,603185.SH,1
2023-01-03,603186.SH,1
2023-01-03,603187.SH,1
2023-01-03,603188.SH,1
2023-01-03,603189.SH,1
2023-01-03,603191.SH,1
2023-01-03,603192.SH,1
2023-01-03,603195.SH,1
2023-01-03,603196.SH,1
2023-01-03,603197.SH,1
2023-01-03,603198.SH,1
2023-01-03,603199.SH,1
2023-01-03,603200.SH,1
2023-01-03,603201.SH,1
2023-01-03,603203.SH,1
2023-01-03,603206.SH,1
2023-01-03,603208.SH,1
2023-01-03,603209.SH,1
2023-01-03,603211.SH,1
2023-01-03,603212.SH,1
2023-01-03,603213.SH,1
2023-01-03,603214.SH,1
2023-01-03,603215.SH,1
2023-01-03,603216.SH,1
2023-01-03,603217.SH,1
2023-01-03,603218.SH,1
2023-01-03,603219.SH,1
2023-01-03,603220.SH,1
2023-01-03,603221.SH,1
2023-01-03,603222.SH,1
2023-01-03,603223.SH,1
2023-01-03,603225.SH,1
2023-01-03,603226.SH,1
2023-01-03,603227.SH,1
2023-01-03,603228.SH,1
2023-01-03,603229.SH,1
2023-01-03,603230.SH,1
2023-01-03,603232.SH,1
2023-01-03,603233.SH,1
2023-01-03,603235.SH,1
2023-01-03,603236.SH,1
2023-01-03,603237.SH,1
2023-01-03,603238.SH,1
2023-01-03,603239.SH,1
2023-01-03,603255.SH,1
2023-01-03,603256.SH,1
2023-01-03,603258.SH,1
2023-01-03,603259.SH,1
2023-01-03,603260.SH,1
2023-01-03,603261.SH,1
2023-01-03,603266.SH,1
2023-01-03,603267.SH,1
2023-01-03,603268.SH,1
2023-01-03,603269.SH,1
2023-01-03,603272.SH,1
2023-01-03,603277.SH,1
2023-01-03,603278.SH,1
2023-01-03,603279.SH,1
2023-01-03,603280.SH,1
2023-01-03,603283.SH,1
2023-01-03,603286.SH,1
2023-01-03,603288.SH,1
2023-01-03,603289.SH,1
2023-01-03,603290.SH,1
2023-01-03,603297.SH,1
2023-01-03,603298.SH,1
2023-01-03,603299.SH,1
2023-01-03,603300.SH,1
2023-01-03,603301.SH,1
2023-01-03,603303.SH,1
2023-01-03,603305.SH,1
2023-01-03,603306.SH,1
2023-01-03,603308.SH,1
2023-01-03,603309.SH,1
2023-01-03,603311.SH,1
2023-01-03,603313.SH,1
2023-01-03,603315.SH,1
2023-01-03,603316.SH,1
2023-01-03,603317.SH,1
2023-01-03,603318.SH,1
2023-01-03,603319.SH,1
2023-01-03,603320.SH,1
2023-01-03,603321.SH,1
2023-01-03,603322.SH,1
2023-01-03,603323.SH,1
2023-01-03,603324.SH,1
2023-01-03,603326.SH,1
2023-01-03,603327.SH,1
2023-01-03,603328.SH,1
2023-01-03,603329.SH,1
2023-01-03,603330.SH,1
2023-01-03,603331.SH,1
2023-01-03,603332.SH,1
2023-01-03,603333.SH,1
2023-01-03,603335.SH,1
2023-01-03,603336.SH,1
2023-01-03,603337.SH,1
2023-01-03,603338.SH,1
2023-01-03,603339.SH,1
2023-01-03,603345.SH,1
2023-01-03,603348.SH,1
2023-01-03,603351.SH,1
2023-01-03,603353.SH,1
2023-01-03,603355.SH,1
2023-01-03,603356.SH,1
2023-01-03,603357.SH,1
2023-01-03,603358.SH,1
2023-01-03,603359.SH,1
2023-01-03,603360.SH,1
2023-01-03,603363.SH,1
2023-01-03,603365.SH,1
2023-01-03,603366.SH,1
2023-01-03,603367.SH,1
2023-01-03,603368.SH,1
2023-01-03,603369.SH,1
2023-01-03,603377.SH,1
2023-01-03,603378.SH,1
2023-01-03,603379.SH,1
2023-01-03,603380.SH,1
2023-01-03,603383.SH,1
2023-01-03,603385.SH,1
2023-01-03,603386.SH,1
2023-01-03,603387.SH,1
2023-01-03,603388.SH,1
2023-01-03,603389.SH,1
2023-01-03,603390.SH,1
2023-01-03,603392.SH,1
2023-01-03,603393.SH,1
2023-01-03,603396.SH,1
2023-01-03,603398.SH,1
2023-01-03,603399.SH,1
2023-01-03,603408.SH,1
2023-01-03,603416.SH,1
2023-01-03,603421.SH,1
2023-01-03,603429.SH,1
2023-01-03,603439.SH,1
2023-01-03,603444.SH,1
2023-01-03,603456.SH,1
2023-01-03,603458.SH,1
2023-01-03,603466.SH,1
2023-01-03,603477.SH,1
2023-01-03,603486.SH,1
2023-01-03,603488.SH,1
2023-01-03,603489.SH,1
2023-01-03,603496.SH,1
2023-01-03,603499.SH,1
2023-01-03,603500.SH,1
2023-01-03,603501.SH,1
2023-01-03,603505.SH,1
2023-01-03,603506.SH,1
2023-01-03,603507.SH,1
2023-01-03,603508.SH,1
2023-01-03,603511.SH,1
2023-01-03,603515.SH,1
2023-01-03,603516.SH,1
2023-01-03,603517.SH,1
2023-01-03,603518.SH,1
2023-01-03,603519.SH,1
2023-01-03,603520.SH,1
2023-01-03,603527.SH,1
2023-01-03,603528.SH,1
2023-01-03,603529.SH,1
2023-01-03,603530.SH,1
2023-01-03,603533.SH,1
2023-01-03,603535.SH,1
2023-01-03,603536.SH,1
2023-01-03,603538.SH,1
2023-01-03,603551.SH,1
2023-01-03,603555.SH,1
2023-01-03,603556.SH,1
2023-01-03,603557.SH,1
2023-01-03,603558.SH,1
2023-01-03,603559.SH,1
2023-01-03,603565.SH,1
2023-01-03,603566.SH,1
2023-01-03,603567.SH,1
2023-01-03,603568.SH,1
2023-01-03,603569.SH,1
2023-01-03,603577.SH,1
2023-01-03,603578.SH,1
2023-01-03,603579.SH,1
2023-01-03,603580.SH,1
2023-01-03,603583.SH,1
2023-01-03,603585.SH,1
2023-01-03,603586.SH,1
2023-01-03,603587.SH,1
2023-01-03,603588.SH,1
2023-01-03,603589.SH,1
2023-01-03,603590.SH,1
2023-01-03,603595.SH,1
2023-01-03,603596.SH,1
2023-01-03,603598.SH,1
2023-01-03,603599.SH,1
2023-01-03,603600.SH,1
2023-01-03,603601.SH,1
2023-01-03,603602.SH,1
2023-01-03,603603.SH,1
2023-01-03,603605.SH,1
2023-01-03,603606.SH,1
2023-01-03,603607.SH,1
2023-01-03,603608.SH,1
2023-01-03,603609.SH,1
2023-01-03,603610.SH,1
2023-01-03,603611.SH,1
2023-01-03,603612.SH,1
2023-01-03,603613.SH,1
2023-01-03,603615.SH,1
2023-01-03,603616.SH,1
2023-01-03,603617.SH,1
2023-01-03,603618.SH,1
2023-01-03,603619.SH,1
2023-01-03,603626.SH,1
2023-01-03,603628.SH,1
2023-01-03,603629.SH,1
2023-01-03,603630.SH,1
2023-01-03,603633.SH,1
2023-01-03,603636.SH,1
2023-01-03,603637.SH,1
2023-01-03,603638.SH,1
2023-01-03,603639.SH,1
2023-01-03,603648.SH,1
2023-01-03,603650.SH,1
2023-01-03,603655.SH,1
2023-01-03,603656.SH,1
2023-01-03,603657.SH,1
2023-01-03,603658.SH,1
2023-01-03,603659.SH,1
2023-01-03,603660.SH,1
2023-01-03,603661.SH,1
2023-01-03,603662.SH,1
2023-01-03,603663.SH,1
2023-01-03,603665.SH,1
2023-01-03,603666.SH,1
2023-01-03,603667.SH,1
2023-01-03,603668.SH,1
2023-01-03,603669.SH,1
2023-01-03,603676.SH,1
2023-01-03,603677.SH,1
2023-01-03,603678.SH,1
2023-01-03,603679.SH,1
2023-01-03,603680.SH,1
2023-01-03,603681.SH,1
2023-01-03,603682.SH,1
2023-01-03,603683.SH,1
2023-01-03,603685.SH,1
2023-01-03,603686.SH,1
2023-01-03,603687.SH,1
2023-01-03,603688.SH,1
2023-01-03,603689.SH,1
2023-01-03,603690.SH,1
2023-01-03,603693.SH,1
2023-01-03,603696.SH,1
2023-01-03,603697.SH,1
2023-01-03,603698.SH,1
2023-01-03,603699.SH,1
2023-01-03,603700.SH,1
2023-01-03,603701.SH,1
2023-01-03,603703.SH,1
2023-01-03,603706.SH,1
2023-01-03,603707.SH,1
2023-01-03,603708.SH,1
2023-01-03,603709.SH,1
2023-01-03,603711.SH,1
2023-01-03,603712.SH,1
2023-01-03,603713.SH,1
2023-01-03,603716.SH,1
2023-01-03,603717.SH,1
2023-01-03,603718.SH,1
2023-01-03,603719.SH,1
2023-01-03,603721.SH,1
2023-01-03,603722.SH,1
2023-01-03,603725.SH,1
2023-01-03,603726.SH,1
2023-01-03,603727.SH,1
2023-01-03,603728.SH,1
2023-01-03,603729.SH,1
2023-01-03,603730.SH,1
2023-01-03,603733.SH,1
2023-01-03,603737.SH,1
2023-01-03,603738.SH,1
2023-01-03,603739.SH,1
2023-01-03,603755.SH,1
2023-01-03,603757.SH,1
2023-01-03,603758.SH,1
2023-01-03,603759.SH,1
2023-01-03,603766.SH,1
2023-01-03,603767.SH,1
2023-01-03,603768.SH,1
2023-01-03,603773.SH,1
2023-01-03,603776.SH,1
2023-01-03,603777.SH,1
2023-01-03,603778.SH,1
2023-01-03,603779.SH,1
2023-01-03,603786.SH,1
2023-01-03,603787.SH,1
2023-01-03,603788.SH,1
2023-01-03,603789.SH,1
2023-01-03,603790.SH,1
2023-01-03,603797.SH,1
2023-01-03,603798.SH,1
2023-01-03,603799.SH,1
2023-01-03,603800.SH,1
2023-01-03,603801.SH,1
2023-01-03,603803.SH,1
2023-01-03,603806.SH,1
2023-01-03,603808.SH,1
2023-01-03,603809.SH,1
2023-01-03,603810.SH,1
2023-01-03,603811.SH,1
2023-01-03,603813.SH,1
2023-01-03,603815.SH,1
2023-01-03,603816.SH,1
2023-01-03,603817.SH,1
2023-01-03,603818.SH,1
2023-01-03,603819.SH,1
2023-01-03,603822.SH,1
2023-01-03,603823.SH,1
2023-01-03,603825.SH,1
2023-01-03,603826.SH,1
2023-01-03,603828.SH,1
2023-01-03,603829.SH,1
2023-01-03,603833.SH,1
2023-01-03,603836.SH,1
2023-01-03,603838.SH,1
2023-01-03,603839.SH,1
2023-01-03,603843.SH,1
2023-01-03,603848.SH,1
2023-01-03,603855.SH,1
2023-01-03,603856.SH,1
2023-01-03,603858.SH,1
2023-01-03,603859.SH,1
2023-01-03,603860.SH,1
2023-01-03,603861.SH,1
2023-01-03,603863.SH,1
2023-01-03,603866.SH,1
2023-01-03,603867.SH,1
2023-01-03,603868.SH,1
2023-01-03,603869.SH,1
2023-01-03,603871.SH,1
2023-01-03,603876.SH,1
2023-01-03,603877.SH,1
2023-01-03,603878.SH,1
2023-01-03,603879.SH,1
2023-01-03,603880.SH,1
2023-01-03,603881.SH,1
2023-01-03,603882.SH,1
2023-01-03,603883.SH,1
2023-01-03,603885.SH,1
2023-01-03,603886.SH,1
2023-01-03,603887.SH,1
2023-01-03,603888.SH,1
2023-01-03,603889.SH,1
2023-01-03,603890.SH,1
2023-01-03,603893.SH,1
2023-01-03,603895.SH,1
2023-01-03,603896.SH,1
2023-01-03,603897.SH,1
2023-01-03,603898.SH,1
2023-01-03,603899.SH,1
2023-01-03,603900.SH,1
2023-01-03,603901.SH,1
2023-01-03,603903.SH,1
2023-01-03,603906.SH,1
2023-01-03,603908.SH,1
2023-01-03,603909.SH,1
2023-01-03,603912.SH,1
2023-01-03,603915.SH,1
2023-01-03,603916.SH,1
2023-01-03,603917.SH,1
2023-01-03,603918.SH,1
2023-01-03,603919.SH,1
2023-01-03,603920.SH,1
2023-01-03,603922.SH,1
2023-01-03,603926.SH,1
2023-01-03,603927.SH,1
2023-01-03,603928.SH,1
2023-01-03,603929.SH,1
2023-01-03,603931.SH,1
2023-01-03,603933.SH,1
2023-01-03,603936.SH,1
2023-01-03,603937.SH,1
2023-01-03,603938.SH,1
2023-01-03,603939.SH,1
2023-01-03,603948.SH,1
2023-01-03,603949.SH,1
2023-01-03,603950.SH,1
2023-01-03,603955.SH,1
2023-01-03,603956.SH,1
2023-01-03,603958.SH,1
2023-01-03,603959.SH,1
2023-01-03,603960.SH,1
2023-01-03,603963.SH,1
2023-01-03,603966.SH,1
2023-01-03,603967.SH,1
2023-01-03,603968.SH,1
2023-01-03,603969.SH,1
2023-01-03,603970.SH,1
2023-01-03,603976.SH,1
2023-01-03,603977.SH,1
2023-01-03,603978.SH,1
2023-01-03,603979.SH,1
2023-01-03,603980.SH,1
2023-01-03,603982.SH,1
2023-01-03,603983.SH,1
2023-01-03,603985.SH,1
2023-01-03,603986.SH,1
2023-01-03,603987.SH,1
2023-01-03,603988.SH,1
2023-01-03,603989.SH,1
2023-01-03,603990.SH,1
2023-01-03,603991.SH,1
2023-01-03,603992.SH,1
2023-01-03,603993.SH,1
2023-01-03,603995.SH,1
2023-01-03,603997.SH,1
2023-01-03,603998.SH,1
2023-01-03,603999.SH,1
2023-01-03,605001.SH,1
2023-01-03,605003.SH,1
2023-01-03,605005.SH,1
2023-01-03,605006.SH,1
2023-01-03,605007.SH,1
2023-01-03,605008.SH,1
2023-01-03,605009.SH,1
2023-01-03,605011.SH,1
2023-01-03,605016.SH,1
2023-01-03,605018.SH,1
2023-01-03,605020.SH,1
2023-01-03,605028.SH,1
2023-01-03,605033.SH,1
2023-01-03,605050.SH,1
2023-01-03,605055.SH,1
2023-01-03,605056.SH,1
2023-01-03,605058.SH,1
2023-01-03,605060.SH,1
2023-01-03,605066.SH,1
2023-01-03,605068.SH,1
2023-01-03,605069.SH,1
2023-01-03,605077.SH,1
2023-01-03,605080.SH,1
2023-01-03,605081.SH,1
2023-01-03,605086.SH,1
2023-01-03,605088.SH,1
2023-01-03,605089.SH,1
2023-01-03,605090.SH,1
2023-01-03,605098.SH,1
2023-01-03,605099.SH,1
2023-01-03,605100.SH,1
2023-01-03,605108.SH,1
2023-01-03,605111.SH,1
2023-01-03,605116.SH,1
2023-01-03,605117.SH,1
2023-01-03,605118.SH,1
2023-01-03,605122.SH,1
2023-01-03,605123.SH,1
2023-01-03,605128.SH,1
2023-01-03,605133.SH,1
2023-01-03,605136.SH,1
2023-01-03,605138.SH,1
2023-01-03,605151.SH,1
2023-01-03,605155.SH,1
2023-01-03,605158.SH,1
2023-01-03,605162.SH,1
2023-01-03,605166.SH,1
2023-01-03,605167.SH,1
2023-01-03,605168.SH,1
2023-01-03,605169.SH,1
2023-01-03,605177.SH,1
2023-01-03,605178.SH,1
2023-01-03,605179.SH,1
2023-01-03,605180.SH,1
2023-01-03,605183.SH,1
2023-01-03,605186.SH,1
2023-01-03,605188.SH,1
2023-01-03,605189.SH,1
2023-01-03,605196.SH,1
2023-01-03,605198.SH,1
2023-01-03,605199.SH,1
2023-01-03,605208.SH,1
2023-01-03,605218.SH,1
2023-01-03,605222.SH,1
2023-01-03,605228.SH,1
2023-01-03,605255.SH,1
2023-01-03,605258.SH,1
2023-01-03,605259.SH,1
2023-01-03,605266.SH,1
2023-01-03,605268.SH,1
2023-01-03,605277.SH,1
2023-01-03,605286.SH,1
2023-01-03,605287.SH,1
2023-01-03,605288.SH,1
2023-01-03,605289.SH,1
2023-01-03,605296.SH,1
2023-01-03,605298.SH,1
2023-01-03,605299.SH,1
2023-01-03,605300.SH,1
2023-01-03,605303.SH,1
2023-01-03,605305.SH,1
2023-01-03,605318.SH,1
2023-01-03,605319.SH,1
2023-01-03,605333.SH,1
2023-01-03,605336.SH,1
2023-01-03,605337.SH,1
2023-01-03,605338.SH,1
2023-01-03,605339.SH,1
2023-01-03,605358.SH,1
2023-01-03,605365.SH,1
2023-01-03,605366.SH,1
2023-01-03,605368.SH,1
2023-01-03,605369.SH,1
2023-01-03,605376.SH,1
2023-01-03,605377.SH,1
2023-01-03,605378.SH,1
2023-01-03,605388.SH,1
2023-01-03,605389.SH,1
2023-01-03,605398.SH,1
2023-01-03,605399.SH,1
2023-01-03,605488.SH,1
2023-01-03,605499.SH,1
2023-01-03,605500.SH,1
2023-01-03,605507.SH,1
2023-01-03,605555.SH,1
2023-01-03,605566.SH,1
2023-01-03,605567.SH,1
2023-01-03,605577.SH,1
2023-01-03,605580.SH,1
2023-01-03,605588.SH,1
2023-01-03,605589.SH,1
2023-01-03,605598.SH,1
2023-01-03,605599.SH,1
