index,code,trade_date,open,high,low,close,volume_shares,amount_yuan,trade_status
SSE_COMPOSITE,sh.000001,2019-01-02,2497.8800,2500.2780,2456.4230,2465.2910,10993201408,97592573952.0000,1
SSE_COMPOSITE,sh.000001,2019-01-03,2461.7820,2488.4790,2455.9250,2464.3620,12439749632,106922790912.0000,1
SSE_COMPOSITE,sh.000001,2019-01-04,2446.0190,2515.3160,2440.9060,2514.8680,16887766784,139298676736.0000,1
SSE_COMPOSITE,sh.000001,2019-01-07,2528.6980,2536.9770,2515.5080,2533.0880,17730501120,145513242624.0000,1
SSE_COMPOSITE,sh.000001,2019-01-08,2530.3000,2531.3450,2520.1640,2526.4620,15809918208,123379040256.0000,1
SSE_COMPOSITE,sh.000001,2019-01-09,2536.4170,2574.4070,2536.1570,2544.3440,19188793088,160812527616.0000,1
SSE_COMPOSITE,sh.000001,2019-01-10,2543.8530,2551.8250,2531.6630,2535.0980,15987432704,132692332544.0000,1
SSE_COMPOSITE,sh.000001,2019-01-11,2539.5480,2554.7860,2533.3580,2553.8310,14944410112,122375663616.0000,1
SSE_COMPOSITE,sh.000001,2019-01-14,2553.3280,2556.2930,2533.0100,2535.7650,14482546432,116243415040.0000,1
SSE_COMPOSITE,sh.000001,2019-01-15,2537.3690,2571.5010,2532.4330,2570.3440,16026553088,137374982144.0000,1
SSE_COMPOSITE,sh.000001,2019-01-16,2569.0690,2574.2360,2563.0060,2570.4220,14930153984,126876315648.0000,1
SSE_COMPOSITE,sh.000001,2019-01-17,2573.5750,2582.5560,2557.7110,2559.6370,16246813440,127546126336.0000,1
SSE_COMPOSITE,sh.000001,2019-01-18,2567.7380,2598.8830,2565.9040,2596.0050,19076723712,151270432768.0000,1
SSE_COMPOSITE,sh.000001,2019-01-21,2599.0570,2618.9800,2599.0570,2610.5090,16342511616,139915485184.0000,1
SSE_COMPOSITE,sh.000001,2019-01-22,2609.6420,2609.6420,2573.0610,2579.7040,15253777408,122995437568.0000,1
SSE_COMPOSITE,sh.000001,2019-01-23,2575.2580,2589.5120,2572.4050,2581.0040,13142679808,105101324288.0000,1
SSE_COMPOSITE,sh.000001,2019-01-24,2584.6480,2597.2890,2569.7000,2591.6930,15404204544,131575042048.0000,1
SSE_COMPOSITE,sh.000001,2019-01-25,2596.2610,2617.0020,2595.6290,2601.7230,15939402496,135415169024.0000,1
SSE_COMPOSITE,sh.000001,2019-01-28,2615.7110,2630.3180,2591.1000,2596.9760,14698176512,127465635840.0000,1
SSE_COMPOSITE,sh.000001,2019-01-29,2592.3540,2601.7350,2559.9820,2594.2530,15558111232,126749048832.0000,1
SSE_COMPOSITE,sh.000001,2019-01-30,2584.7450,2598.8150,2575.4090,2575.5750,12050257152,101103927296.0000,1
SSE_COMPOSITE,sh.000001,2019-01-31,2581.3310,2606.6280,2571.5780,2584.5720,15430386944,126013247488.0000,1
SSE_COMPOSITE,sh.000001,2019-02-01,2597.7770,2618.4760,2590.5540,2618.2320,13198684928,111522627584.0000,1
SSE_COMPOSITE,sh.000001,2019-02-11,2613.1740,2654.0960,2613.1740,2653.8960,15489885696,137307189248.0000,1
SSE_COMPOSITE,sh.000001,2019-02-12,2654.0340,2674.4770,2648.8290,2671.8930,18410117888,156741541888.0000,1
SSE_COMPOSITE,sh.000001,2019-02-13,2674.5190,2727.0750,2666.5220,2721.0680,24379400960,207125315584.0000,1
SSE_COMPOSITE,sh.000001,2019-02-14,2715.5350,2729.4550,2707.4860,2719.6990,19703734784,170330836992.0000,1
SSE_COMPOSITE,sh.000001,2019-02-15,2712.7860,2715.6320,2679.7840,2682.3850,19600426496,169823260672.0000,1
SSE_COMPOSITE,sh.000001,2019-02-18,2699.8170,2754.3560,2699.8170,2754.3560,26043600640,224184078336.0000,1
SSE_COMPOSITE,sh.000001,2019-02-19,2759.4960,2780.7830,2737.5860,2755.6450,28804627200,247121051648.0000,1
SSE_COMPOSITE,sh.000001,2019-02-20,2761.0580,2767.4100,2739.9780,2761.2180,24597252608,205446930432.0000,1
SSE_COMPOSITE,sh.000001,2019-02-21,2759.9380,2794.0130,2744.9760,2751.8010,29864996864,253033377792.0000,1
SSE_COMPOSITE,sh.000001,2019-02-22,2749.4610,2804.2260,2736.3320,2804.2260,30148141056,264518881280.0000,1
SSE_COMPOSITE,sh.000001,2019-02-25,2838.3890,2961.7950,2838.3890,2961.2830,52865859072,465991434240.0000,1
SSE_COMPOSITE,sh.000001,2019-02-26,2969.0970,2995.6760,2938.6220,2941.5160,56555796736,492396544000.0000,1
SSE_COMPOSITE,sh.000001,2019-02-27,2939.9280,2997.4880,2924.6430,2953.8240,47497645312,411837620224.0000,1
SSE_COMPOSITE,sh.000001,2019-02-28,2950.0540,2965.3030,2930.1950,2940.9530,35020660224,298763952128.0000,1
SSE_COMPOSITE,sh.000001,2019-03-01,2954.4020,2994.0050,2930.8340,2994.0050,34578619904,307337666560.0000,1
SSE_COMPOSITE,sh.000001,2019-03-04,3015.9420,3090.7950,3006.9410,3027.5750,52564943616,480603656192.0000,1
SSE_COMPOSITE,sh.000001,2019-03-05,3019.8790,3054.9610,3009.4470,3054.2460,42414252800,382768537600.0000,1
SSE_COMPOSITE,sh.000001,2019-03-06,3060.4320,3103.8250,3050.1110,3102.0990,55500636416,485478322176.0000,1
SSE_COMPOSITE,sh.000001,2019-03-07,3103.6670,3129.9390,3074.9780,3106.4170,58381706496,525725224960.0000,1
SSE_COMPOSITE,sh.000001,2019-03-08,3038.3360,3075.0460,2969.5810,2969.8610,57785547264,525598244864.0000,1
SSE_COMPOSITE,sh.000001,2019-03-11,2969.0800,3028.2540,2963.5830,3026.9920,42621302784,404368420864.0000,1
SSE_COMPOSITE,sh.000001,2019-03-12,3049.0840,3093.3910,3029.8990,3060.3070,51117315840,487066632192.0000,1
SSE_COMPOSITE,sh.000001,2019-03-13,3062.3260,3065.2880,3013.9310,3026.9510,45321462528,451247304704.0000,1
SSE_COMPOSITE,sh.000001,2019-03-14,3013.5970,3041.1550,2968.8230,2990.6850,37314179840,356240351232.0000,1
SSE_COMPOSITE,sh.000001,2019-03-15,3000.8780,3048.1210,2999.4310,3021.7510,34120613888,344721502208.0000,1
SSE_COMPOSITE,sh.000001,2019-03-18,3027.8010,3096.4170,3009.5070,3096.4170,39779717888,398469603328.0000,1
SSE_COMPOSITE,sh.000001,2019-03-19,3099.8970,3113.4320,3076.3620,3090.9750,35090885888,353216790528.0000,1
SSE_COMPOSITE,sh.000001,2019-03-20,3084.1700,3102.5200,3053.4510,3090.6400,35855750400,349295407104.0000,1
SSE_COMPOSITE,sh.000001,2019-03-21,3094.1240,3125.0190,3086.8500,3101.4550,41425118208,403939835904.0000,1
SSE_COMPOSITE,sh.000001,2019-03-22,3100.7260,3107.2750,3064.8840,3104.1480,36484834560,356678336512.0000,1
SSE_COMPOSITE,sh.000001,2019-03-25,3058.8010,3086.9960,3041.9500,3043.0310,38027876096,375375663104.0000,1
SSE_COMPOSITE,sh.000001,2019-03-26,3057.5590,3062.6890,2988.4900,2997.0950,35349801984,341444825088.0000,1
SSE_COMPOSITE,sh.000001,2019-03-27,3012.2570,3022.7620,2987.7710,3022.7190,29139035648,295075954688.0000,1
SSE_COMPOSITE,sh.000001,2019-03-28,3009.7980,3025.7780,2991.7780,2994.9430,28810642432,289554567168.0000,1
SSE_COMPOSITE,sh.000001,2019-03-29,3000.6780,3093.0320,2999.9860,3090.7580,37508299008,386699608064.0000,1
SSE_COMPOSITE,sh.000001,2019-04-01,3111.6610,3176.6220,3111.6610,3170.3610,46612469248,480085938176.0000,1
SSE_COMPOSITE,sh.000001,2019-04-02,3183.2730,3193.2710,3164.9060,3176.8220,44706898176,462662082560.0000,1
SSE_COMPOSITE,sh.000001,2019-04-03,3159.1460,3219.2560,3152.3310,3216.2950,43054863616,442622042112.0000,1
SSE_COMPOSITE,sh.000001,2019-04-04,3233.6880,3254.1400,3216.8540,3246.5710,46911766784,475156381696.0000,1
SSE_COMPOSITE,sh.000001,2019-04-08,3271.2720,3288.4530,3210.5150,3244.8100,50451840256,506431238144.0000,1
SSE_COMPOSITE,sh.000001,2019-04-09,3240.3930,3251.6450,3215.7040,3239.6630,36416999680,380272975872.0000,1
SSE_COMPOSITE,sh.000001,2019-04-10,3224.6450,3264.7770,3204.8780,3241.9290,38013440768,395669975040.0000,1
SSE_COMPOSITE,sh.000001,2019-04-11,3241.5470,3254.1250,3185.5460,3189.9610,35303187968,360684556288.0000,1
SSE_COMPOSITE,sh.000001,2019-04-12,3184.8590,3199.2780,3168.0420,3188.6250,28978899712,288908972032.0000,1
SSE_COMPOSITE,sh.000001,2019-04-15,3233.4580,3253.9760,3177.2690,3177.7860,34880978432,355666128896.0000,1
SSE_COMPOSITE,sh.000001,2019-04-16,3164.3960,3253.5970,3153.2060,3253.5970,35791875328,360166633472.0000,1
SSE_COMPOSITE,sh.000001,2019-04-17,3250.1510,3275.3330,3239.8040,3263.1170,35754179584,354509889536.0000,1
SSE_COMPOSITE,sh.000001,2019-04-18,3261.0740,3271.3870,3241.8250,3250.2010,32553994240,323508178944.0000,1
SSE_COMPOSITE,sh.000001,2019-04-19,3250.1450,3274.3340,3226.8120,3270.7970,31519800320,315131920384.0000,1
SSE_COMPOSITE,sh.000001,2019-04-22,3278.4900,3279.4890,3206.8780,3215.0420,35321738752,359154298880.0000,1
SSE_COMPOSITE,sh.000001,2019-04-23,3211.8710,3231.5810,3186.7560,3198.5930,32836120832,324870184960.0000,1
SSE_COMPOSITE,sh.000001,2019-04-24,3203.5580,3210.6500,3156.6070,3201.6130,27487216384,278410854400.0000,1
SSE_COMPOSITE,sh.000001,2019-04-25,3190.5850,3193.7490,3123.0250,3123.8260,32587912960,309076082688.0000,1
SSE_COMPOSITE,sh.000001,2019-04-26,3108.1630,3129.2130,3085.8040,3086.3980,28087385344,274776403968.0000,1
SSE_COMPOSITE,sh.000001,2019-04-29,3090.6330,3107.7600,3050.0260,3062.4980,29211488512,289063280640.0000,1
SSE_COMPOSITE,sh.000001,2019-04-30,3052.6220,3088.4070,3052.6220,3078.3380,22230251776,225498128384.0000,1
SSE_COMPOSITE,sh.000001,2019-05-06,2984.7270,2986.5390,2876.4680,2906.4640,32697227008,314336518144.0000,1
SSE_COMPOSITE,sh.000001,2019-05-07,2914.2910,2937.2830,2889.0730,2926.3900,25328176896,245444214784.0000,1
SSE_COMPOSITE,sh.000001,2019-05-08,2873.1430,2929.4300,2866.7040,2893.7560,23153051904,218892619776.0000,1
SSE_COMPOSITE,sh.000001,2019-05-09,2871.1960,2888.8590,2845.0370,2850.9530,20004113408,197446881280.0000,1
SSE_COMPOSITE,sh.000001,2019-05-10,2878.2340,2941.4530,2838.3840,2939.2100,28230680832,274176262144.0000,1
SSE_COMPOSITE,sh.000001,2019-05-13,2905.0670,2921.4100,2892.1740,2903.7130,21202988288,202624126976.0000,1
SSE_COMPOSITE,sh.000001,2019-05-14,2872.8330,2909.2040,2872.8330,2883.6100,20834535424,201223315456.0000,1
SSE_COMPOSITE,sh.000001,2019-05-15,2902.6420,2945.3940,2902.6420,2938.6780,23051970048,226262786048.0000,1
SSE_COMPOSITE,sh.000001,2019-05-16,2933.4950,2956.1710,2929.0640,2955.7110,24838569984,226203070464.0000,1
SSE_COMPOSITE,sh.000001,2019-05-17,2955.7660,2956.7830,2873.7990,2882.2960,26630164224,247875178496.0000,1
SSE_COMPOSITE,sh.000001,2019-05-20,2874.8010,2882.6290,2838.4530,2870.6040,20947244288,199210774528.0000,1
SSE_COMPOSITE,sh.000001,2019-05-21,2867.7060,2919.2370,2862.4950,2905.9680,21138702336,202777776128.0000,1
SSE_COMPOSITE,sh.000001,2019-05-22,2905.5240,2912.3950,2879.6430,2891.7040,20002690560,193629368320.0000,1
SSE_COMPOSITE,sh.000001,2019-05-23,2880.8420,2885.1380,2846.9560,2852.5150,19734030848,192869486592.0000,1
SSE_COMPOSITE,sh.000001,2019-05-24,2847.8350,2871.8550,2846.0210,2852.9940,16720549120,162689314816.0000,1
SSE_COMPOSITE,sh.000001,2019-05-27,2851.2800,2898.1290,2833.0360,2892.3780,19672090112,193768714240.0000,1
SSE_COMPOSITE,sh.000001,2019-05-28,2890.2650,2924.0390,2887.0830,2909.9100,22331055616,227253813248.0000,1
SSE_COMPOSITE,sh.000001,2019-05-29,2894.8290,2934.9760,2890.6640,2914.6960,19895881984,202855038976.0000,1
SSE_COMPOSITE,sh.000001,2019-05-30,2903.4240,2907.8460,2881.3800,2905.8050,20575878912,197105557504.0000,1
SSE_COMPOSITE,sh.000001,2019-05-31,2904.4970,2922.9070,2895.5770,2898.6960,19523057920,191280402432.0000,1
SSE_COMPOSITE,sh.000001,2019-06-03,2901.7420,2920.8290,2875.9010,2890.0800,21594355456,208073322496.0000,1
SSE_COMPOSITE,sh.000001,2019-06-04,2887.6400,2888.3860,2851.9720,2862.2800,18846354176,181118914560.0000,1
SSE_COMPOSITE,sh.000001,2019-06-05,2882.9360,2888.7670,2858.5710,2861.4180,18156104704,175200845824.0000,1
SSE_COMPOSITE,sh.000001,2019-06-06,2862.3320,2862.3320,2822.1850,2827.7970,17706441216,164850548736.0000,1
SSE_COMPOSITE,sh.000001,2019-06-10,2833.0140,2861.1310,2824.3550,2852.1300,16658591744,162489831424.0000,1
SSE_COMPOSITE,sh.000001,2019-06-11,2854.0700,2927.4300,2854.0700,2925.7160,26052579584,254479986688.0000,1
SSE_COMPOSITE,sh.000001,2019-06-12,2917.2230,2924.7010,2903.8830,2909.3790,24025577472,223063953408.0000,1
SSE_COMPOSITE,sh.000001,2019-06-13,2905.2870,2918.4220,2885.9230,2910.7400,21295779072,191748206592.0000,1
SSE_COMPOSITE,sh.000001,2019-06-14,2912.9980,2924.3190,2879.6570,2881.9740,21543579648,194303111168.0000,1
SSE_COMPOSITE,sh.000001,2019-06-17,2880.4220,2902.4800,2877.3940,2887.6220,15396496128,143141638144.0000,1
SSE_COMPOSITE,sh.000001,2019-06-18,2891.0910,2898.3300,2874.3120,2890.1580,14770532096,136935231488.0000,1
SSE_COMPOSITE,sh.000001,2019-06-19,2944.1150,2953.3350,2916.2140,2917.8020,23075697408,225567256576.0000,1
SSE_COMPOSITE,sh.000001,2019-06-20,2917.3310,2997.3880,2915.0890,2987.1180,29101153792,288296546304.0000,1
SSE_COMPOSITE,sh.000001,2019-06-21,2990.3680,3010.3490,2989.2450,3001.9800,28697383424,276662460416.0000,1
SSE_COMPOSITE,sh.000001,2019-06-24,3004.2890,3012.8260,2994.4210,3008.1470,21049389312,211237183488.0000,1
SSE_COMPOSITE,sh.000001,2019-06-25,3004.9090,3004.9090,2948.9900,2982.0730,24369924352,244315078656.0000,1
SSE_COMPOSITE,sh.000001,2019-06-26,2964.6150,2986.9130,2958.4630,2976.2830,17444953344,172516057088.0000,1
SSE_COMPOSITE,sh.000001,2019-06-27,2982.6120,3011.5380,2981.0450,2996.7920,19539704832,208618647552.0000,1
SSE_COMPOSITE,sh.000001,2019-06-28,2992.2420,2992.2420,2961.2220,2978.8780,18143152384,183641767936.0000,1
SSE_COMPOSITE,sh.000001,2019-07-01,3024.6230,3045.3660,3014.6870,3044.9020,25084043264,266541056000.0000,1
SSE_COMPOSITE,sh.000001,2019-07-02,3042.5800,3048.4830,3033.7800,3043.9420,21452062464,229566615552.0000,1
SSE_COMPOSITE,sh.000001,2019-07-03,3031.8320,3031.8320,3006.3240,3015.2630,21229617408,218657992704.0000,1
SSE_COMPOSITE,sh.000001,2019-07-04,3015.6780,3024.5020,2991.9070,3005.2480,19441513216,202266390528.0000,1
SSE_COMPOSITE,sh.000001,2019-07-05,3004.7380,3014.8470,2990.9240,3011.0580,15675542784,163180843008.0000,1
SSE_COMPOSITE,sh.000001,2019-07-08,2997.8060,2997.8060,2918.7150,2933.3630,21154126848,205568815104.0000,1
SSE_COMPOSITE,sh.000001,2019-07-09,2928.8180,2937.7620,2912.8060,2928.2290,14511060480,154251423744.0000,1
SSE_COMPOSITE,sh.000001,2019-07-10,2935.1850,2936.7510,2908.1620,2915.3020,13548353792,141236256768.0000,1
SSE_COMPOSITE,sh.000001,2019-07-11,2928.0550,2945.8020,2907.8850,2917.7600,14369252096,152181407744.0000,1
SSE_COMPOSITE,sh.000001,2019-07-12,2915.3400,2938.5310,2905.8090,2930.5460,13779475968,142918868992.0000,1
SSE_COMPOSITE,sh.000001,2019-07-15,2921.5460,2955.0000,2886.6990,2942.1850,16764339712,176533200896.0000,1
SSE_COMPOSITE,sh.000001,2019-07-16,2938.6410,2944.8210,2931.2920,2937.6160,13181175040,140766388224.0000,1
SSE_COMPOSITE,sh.000001,2019-07-17,2933.0220,2942.0660,2924.4590,2931.6920,14963161600,152162963456.0000,1
SSE_COMPOSITE,sh.000001,2019-07-18,2921.7380,2921.7380,2901.1760,2901.1760,14988882688,149088841728.0000,1
SSE_COMPOSITE,sh.000001,2019-07-19,2909.6790,2939.5970,2909.6790,2924.2000,14946955264,149071212544.0000,1
SSE_COMPOSITE,sh.000001,2019-07-22,2925.7880,2927.1600,2879.6900,2886.9740,18067495936,204289433600.0000,1
SSE_COMPOSITE,sh.000001,2019-07-23,2886.9040,2901.3590,2883.0450,2899.9440,12931050752,148077350912.0000,1
SSE_COMPOSITE,sh.000001,2019-07-24,2907.9270,2936.4520,2907.7860,2923.2770,15524576256,178858102784.0000,1
SSE_COMPOSITE,sh.000001,2019-07-25,2923.1880,2937.3600,2916.1490,2937.3600,14568438528,175356383232.0000,1
SSE_COMPOSITE,sh.000001,2019-07-26,2928.0610,2948.3260,2924.4510,2944.5410,13934338816,158774665216.0000,1
SSE_COMPOSITE,sh.000001,2019-07-29,2943.9180,2948.4660,2932.9770,2941.0070,12799184640,147439132672.0000,1
SSE_COMPOSITE,sh.000001,2019-07-30,2946.2560,2965.6320,2946.2560,2952.3380,14831646208,170866348032.0000,1
SSE_COMPOSITE,sh.000001,2019-07-31,2944.3970,2944.3970,2926.4850,2932.5050,14105234688,164607873024.0000,1
SSE_COMPOSITE,sh.000001,2019-08-01,2920.8500,2927.3420,2901.7500,2908.7660,14238981376,171115634688.0000,1
SSE_COMPOSITE,sh.000001,2019-08-02,2861.3320,2872.4730,2851.4400,2867.8370,18488844288,216327401472.0000,1
SSE_COMPOSITE,sh.000001,2019-08-05,2854.5780,2863.6890,2821.4950,2821.4950,16741942272,196891484160.0000,1
SSE_COMPOSITE,sh.000001,2019-08-06,2776.9880,2787.4180,2733.9240,2777.5550,23112372736,255209230336.0000,1
SSE_COMPOSITE,sh.000001,2019-08-07,2789.0180,2792.6930,2768.6790,2768.6790,15771675136,176475729920.0000,1
SSE_COMPOSITE,sh.000001,2019-08-08,2784.1830,2799.6850,2782.2440,2794.5520,14953956352,178156146688.0000,1
SSE_COMPOSITE,sh.000001,2019-08-09,2805.5850,2808.3280,2770.4770,2774.7530,14824029184,171140337664.0000,1
SSE_COMPOSITE,sh.000001,2019-08-12,2781.9810,2814.9940,2776.6190,2814.9940,13156343296,162523258880.0000,1
SSE_COMPOSITE,sh.000001,2019-08-13,2798.0510,2802.0410,2790.6080,2797.2590,13091650560,153957511168.0000,1
SSE_COMPOSITE,sh.000001,2019-08-14,2824.4860,2829.8900,2807.7190,2808.9140,14401464064,173944885248.0000,1
SSE_COMPOSITE,sh.000001,2019-08-15,2762.3390,2815.8960,2756.8340,2815.7970,15277215232,173670539264.0000,1
SSE_COMPOSITE,sh.000001,2019-08-16,2817.5700,2840.3160,2811.8010,2823.8230,14858234368,186139369472.0000,1
SSE_COMPOSITE,sh.000001,2019-08-19,2835.5180,2883.0960,2829.8540,2883.0960,21454666752,247092215808.0000,1
SSE_COMPOSITE,sh.000001,2019-08-20,2879.0810,2892.0790,2874.9980,2880.0010,18967720704,209774346240.0000,1
SSE_COMPOSITE,sh.000001,2019-08-21,2875.4700,2885.5860,2872.5570,2880.3300,15901966592,183187275776.0000,1
SSE_COMPOSITE,sh.000001,2019-08-22,2887.6640,2888.4960,2867.5520,2883.4350,14920621568,169662169088.0000,1
SSE_COMPOSITE,sh.000001,2019-08-23,2885.1510,2902.4560,2878.7440,2897.4250,15915682560,192567132160.0000,1
SSE_COMPOSITE,sh.000001,2019-08-26,2851.0150,2870.4930,2849.2380,2863.5670,16989536256,191036669952.0000,1
SSE_COMPOSITE,sh.000001,2019-08-27,2879.5150,2919.6440,2879.4060,2902.1930,20814179328,230999691264.0000,1
SSE_COMPOSITE,sh.000001,2019-08-28,2901.6260,2905.4350,2887.0110,2893.7560,18309790208,201805049856.0000,1
SSE_COMPOSITE,sh.000001,2019-08-29,2895.9990,2898.6040,2878.5870,2890.9190,17861308160,196332769280.0000,1
SSE_COMPOSITE,sh.000001,2019-08-30,2907.3820,2914.5760,2874.1020,2886.2360,19395995136,224751169536.0000,1
SSE_COMPOSITE,sh.000001,2019-09-02,2886.9410,2928.4790,2883.6820,2924.1060,20278680832,226043695104.0000,1
SSE_COMPOSITE,sh.000001,2019-09-03,2925.9420,2930.1530,2915.1970,2930.1530,18900121600,225070157824.0000,1
SSE_COMPOSITE,sh.000001,2019-09-04,2927.7470,2957.4110,2925.8820,2957.4110,22549590784,251212693504.0000,1
SSE_COMPOSITE,sh.000001,2019-09-05,2972.6610,3015.8440,2972.6610,2985.8640,30543870720,340200665088.0000,1
SSE_COMPOSITE,sh.000001,2019-09-06,2996.6210,2999.9430,2981.5980,2999.6010,21682603520,258318745600.0000,1
SSE_COMPOSITE,sh.000001,2019-09-09,3023.7780,3026.2390,3005.6940,3024.7380,24337775104,286236532736.0000,1
SSE_COMPOSITE,sh.000001,2019-09-10,3027.4100,3027.4100,3005.3820,3021.2020,24001294592,275321753600.0000,1
SSE_COMPOSITE,sh.000001,2019-09-11,3029.9330,3030.5570,3004.2150,3008.8110,22983736320,263389556736.0000,1
SSE_COMPOSITE,sh.000001,2019-09-12,3016.6260,3033.4730,3005.1940,3031.2350,19696870144,224576024576.0000,1
SSE_COMPOSITE,sh.000001,2019-09-16,3041.9220,3042.9280,3020.0490,3030.7540,22187895808,237442265088.0000,1
SSE_COMPOSITE,sh.000001,2019-09-17,3023.7100,3023.7100,2970.5700,2978.1170,22333806080,237738934272.0000,1
SSE_COMPOSITE,sh.000001,2019-09-18,2984.0830,2996.4020,2982.4000,2985.6580,16804669952,199953633280.0000,1
SSE_COMPOSITE,sh.000001,2019-09-19,2992.9220,2999.2780,2975.3970,2999.2780,16269061632,193206550528.0000,1
SSE_COMPOSITE,sh.000001,2019-09-20,3004.8140,3011.3400,2996.1920,3006.4460,18214530304,218390585344.0000,1
SSE_COMPOSITE,sh.000001,2019-09-23,2998.3990,2998.3990,2960.8270,2977.0760,16813945088,199130550272.0000,1
SSE_COMPOSITE,sh.000001,2019-09-24,2979.4750,3002.8960,2973.7600,2985.3400,16390276096,206245806080.0000,1
SSE_COMPOSITE,sh.000001,2019-09-25,2977.6670,2977.6670,2955.4320,2955.4320,16854313472,203782754304.0000,1
SSE_COMPOSITE,sh.000001,2019-09-26,2964.4770,2970.0350,2928.2580,2929.0870,18893254144,216277561344.0000,1
SSE_COMPOSITE,sh.000001,2019-09-27,2929.4860,2939.0780,2920.9300,2932.1670,13290577664,153311002624.0000,1
SSE_COMPOSITE,sh.000001,2019-09-30,2927.9160,2936.4820,2905.1890,2905.1890,11664681216,142591700992.0000,1
SSE_COMPOSITE,sh.000001,2019-10-08,2905.7550,2933.0160,2905.7550,2913.5700,12553581312,151980793856.0000,1
SSE_COMPOSITE,sh.000001,2019-10-09,2902.0750,2924.8560,2891.5390,2924.8560,13042414336,150940229632.0000,1
SSE_COMPOSITE,sh.000001,2019-10-10,2923.7060,2949.2400,2918.2280,2947.7100,13423975168,157159976960.0000,1
SSE_COMPOSITE,sh.000001,2019-10-11,2954.8180,2980.7870,2943.0130,2973.6550,16120374528,182747394048.0000,1
SSE_COMPOSITE,sh.000001,2019-10-14,2993.9610,3026.3830,2989.8120,3007.8830,20861480192,221201756160.0000,1
SSE_COMPOSITE,sh.000001,2019-10-15,3005.6640,3005.6640,2986.3030,2991.0450,15537690368,169531932672.0000,1
SSE_COMPOSITE,sh.000001,2019-10-16,2992.6100,3010.4240,2975.9230,2978.7120,14988549632,166791548928.0000,1
SSE_COMPOSITE,sh.000001,2019-10-17,2979.9920,2986.7190,2969.5680,2977.3340,12252761344,136051253248.0000,1
SSE_COMPOSITE,sh.000001,2019-10-18,2982.3410,2987.2030,2933.2420,2938.1410,14999067904,162018271232.0000,1
SSE_COMPOSITE,sh.000001,2019-10-21,2933.8960,2940.3240,2917.6880,2939.6170,13247510784,145685880832.0000,1
SSE_COMPOSITE,sh.000001,2019-10-22,2945.6000,2954.6410,2934.3870,2954.3790,11748204800,130381742080.0000,1
SSE_COMPOSITE,sh.000001,2019-10-23,2952.9690,2957.2990,2934.6270,2941.6180,12381288192,139653652480.0000,1
SSE_COMPOSITE,sh.000001,2019-10-24,2944.0060,2953.0440,2927.0610,2940.9210,12654029056,141667233792.0000,1
SSE_COMPOSITE,sh.000001,2019-10-25,2940.4740,2958.2400,2920.5190,2954.9320,13686070528,160224092160.0000,1
SSE_COMPOSITE,sh.000001,2019-10-28,2958.6860,2980.1280,2956.9600,2980.0490,17373148160,198817013760.0000,1
SSE_COMPOSITE,sh.000001,2019-10-29,2979.0360,2979.0360,2954.1760,2954.1760,16611005696,195288080384.0000,1
SSE_COMPOSITE,sh.000001,2019-10-30,2949.4630,2953.2980,2934.8270,2939.3200,15879811072,181529501696.0000,1
SSE_COMPOSITE,sh.000001,2019-10-31,2944.8420,2946.7520,2923.5160,2929.0560,16157148416,181801938944.0000,1
SSE_COMPOSITE,sh.000001,2019-11-01,2924.3400,2959.8330,2917.1450,2958.1990,15990737408,175630839808.0000,1
SSE_COMPOSITE,sh.000001,2019-11-04,2964.5760,2983.0580,2964.5760,2975.4910,16724836352,188710096896.0000,1
SSE_COMPOSITE,sh.000001,2019-11-05,2977.7040,3008.3140,2968.0320,2991.5620,17989159424,203691630592.0000,1
SSE_COMPOSITE,sh.000001,2019-11-06,2992.0390,2995.5620,2969.7240,2978.5950,16526354688,183985238016.0000,1
SSE_COMPOSITE,sh.000001,2019-11-07,2978.1530,2988.9550,2969.1200,2978.7140,13695267840,155834875904.0000,1
SSE_COMPOSITE,sh.000001,2019-11-08,2993.9770,2998.7590,2962.8440,2964.1840,14974210816,173867229184.0000,1
SSE_COMPOSITE,sh.000001,2019-11-11,2949.9610,2949.9610,2906.7690,2909.9740,15791610624,166285139968.0000,1
SSE_COMPOSITE,sh.000001,2019-11-12,2912.9950,2918.3030,2891.5100,2914.8230,12972915456,139060727808.0000,1
SSE_COMPOSITE,sh.000001,2019-11-13,2913.0190,2913.8610,2893.9710,2905.2400,12976584192,146943635456.0000,1
SSE_COMPOSITE,sh.000001,2019-11-14,2907.7350,2917.3740,2899.6180,2909.8690,12914544896,151576182784.0000,1
SSE_COMPOSITE,sh.000001,2019-11-15,2911.3500,2917.8290,2891.2040,2891.3430,13551946240,152576393216.0000,1
SSE_COMPOSITE,sh.000001,2019-11-18,2889.5490,2911.3780,2884.0880,2909.2000,12443317760,144677412864.0000,1
SSE_COMPOSITE,sh.000001,2019-11-19,2904.2780,2933.9900,2902.8550,2933.9900,13541760512,155770740736.0000,1
SSE_COMPOSITE,sh.000001,2019-11-20,2928.1060,2930.4920,2907.4220,2911.0530,13735752960,158543196160.0000,1
SSE_COMPOSITE,sh.000001,2019-11-21,2902.5520,2910.3600,2891.5310,2903.6370,12345860608,139851206656.0000,1
SSE_COMPOSITE,sh.000001,2019-11-22,2906.2430,2925.0170,2873.9900,2885.2880,15862336512,180593827840.0000,1
SSE_COMPOSITE,sh.000001,2019-11-25,2885.6130,2906.6090,2880.6540,2906.1680,17858742784,174234583040.0000,1
SSE_COMPOSITE,sh.000001,2019-11-26,2912.5200,2915.0410,2897.9270,2907.0600,17000466432,165496766464.0000,1
SSE_COMPOSITE,sh.000001,2019-11-27,2905.3950,2914.4860,2893.4170,2903.1940,13386220544,137449697280.0000,1
SSE_COMPOSITE,sh.000001,2019-11-28,2902.3640,2909.8390,2883.4330,2889.6930,11952246784,122616545280.0000,1
SSE_COMPOSITE,sh.000001,2019-11-29,2885.9740,2892.3880,2858.5800,2871.9810,12261296896,140371316736.0000,1
SSE_COMPOSITE,sh.000001,2019-12-02,2874.4480,2888.8890,2870.2420,2875.8070,12875580672,139351760896.0000,1
SSE_COMPOSITE,sh.000001,2019-12-03,2869.8820,2884.8550,2857.3200,2884.6980,12377874176,135278612480.0000,1
SSE_COMPOSITE,sh.000001,2019-12-04,2876.9070,2882.4980,2869.4210,2878.1150,12554365184,135879221248.0000,1
SSE_COMPOSITE,sh.000001,2019-12-05,2886.5160,2902.0020,2885.0790,2899.4680,14316309504,159736594432.0000,1
SSE_COMPOSITE,sh.000001,2019-12-06,2902.2780,2912.0130,2894.7510,2912.0130,13412887808,149507334144.0000,1
SSE_COMPOSITE,sh.000001,2019-12-09,2914.4570,2919.5880,2905.2500,2914.4770,16079652608,174546477056.0000,1
SSE_COMPOSITE,sh.000001,2019-12-10,2908.9430,2919.2010,2902.7890,2917.3150,17012399872,180617289728.0000,1
SSE_COMPOSITE,sh.000001,2019-12-11,2922.6020,2928.2560,2915.0000,2924.4170,16554108672,175716089856.0000,1
SSE_COMPOSITE,sh.000001,2019-12-12,2926.3410,2926.3410,2913.4750,2915.6980,15176080384,166044164096.0000,1
SSE_COMPOSITE,sh.000001,2019-12-13,2937.7760,2969.9800,2935.8490,2967.6760,21197858560,234036543488.0000,1
SSE_COMPOSITE,sh.000001,2019-12-16,2970.9690,2984.6410,2958.7060,2984.3920,21186211840,237666762752.0000,1
SSE_COMPOSITE,sh.000001,2019-12-17,2985.2610,3039.3830,2982.4950,3022.4210,29303225344,302090899456.0000,1
SSE_COMPOSITE,sh.000001,2019-12-18,3021.4650,3033.2330,3011.7200,3017.0440,24408969216,259173629952.0000,1
SSE_COMPOSITE,sh.000001,2019-12-19,3017.1530,3021.4170,3007.9920,3017.0650,20862426368,220688293888.0000,1
SSE_COMPOSITE,sh.000001,2019-12-20,3019.6390,3027.4830,3002.2600,3004.9370,21507575552,223305035776.0000,1
SSE_COMPOSITE,sh.000001,2019-12-23,2999.0350,3009.3380,2960.4350,2962.7510,20571661824,218484273152.0000,1
SSE_COMPOSITE,sh.000001,2019-12-24,2965.8250,2983.8190,2960.6830,2982.6800,16303024896,167366668288.0000,1
SSE_COMPOSITE,sh.000001,2019-12-25,2980.4270,2988.2920,2970.6570,2981.8800,17565402880,189608562688.0000,1
SSE_COMPOSITE,sh.000001,2019-12-26,2981.2480,3007.3540,2980.3960,3007.3540,18244042496,195586080768.0000,1
SSE_COMPOSITE,sh.000001,2019-12-27,3006.8510,3036.1120,3003.6300,3005.0350,24710277888,258118737920.0000,1
SSE_COMPOSITE,sh.000001,2019-12-30,2998.1680,3041.3960,2983.3430,3040.0230,24806652928,267382992896.0000,1
SSE_COMPOSITE,sh.000001,2019-12-31,3036.3850,3051.6770,3030.5120,3050.1240,21742902272,226763993088.0000,1
SSE_COMPOSITE,sh.000001,2020-01-02,3066.3350,3098.1000,3066.3350,3085.1970,29247020800,327197122560.0000,1
SSE_COMPOSITE,sh.000001,2020-01-03,3089.0220,3093.8190,3074.5170,3083.7850,26149666816,289991708672.0000,1
SSE_COMPOSITE,sh.000001,2020-01-06,3070.9080,3107.2030,3065.3080,3083.4080,31257584128,331182551040.0000,1
SSE_COMPOSITE,sh.000001,2020-01-07,3085.4880,3105.4500,3084.3290,3104.8010,27658311168,288159227904.0000,1
SSE_COMPOSITE,sh.000001,2020-01-08,3094.2380,3094.2380,3059.1310,3066.8920,29787255296,306517393408.0000,1
SSE_COMPOSITE,sh.000001,2020-01-09,3082.6390,3097.3290,3080.1310,3094.8810,24343564800,271716020224.0000,1
SSE_COMPOSITE,sh.000001,2020-01-10,3102.2930,3105.2240,3081.3960,3092.2900,21044246272,241555668992.0000,1
SSE_COMPOSITE,sh.000001,2020-01-13,3091.4930,3115.5690,3075.3830,3115.5690,21062100480,258524057600.0000,1
SSE_COMPOSITE,sh.000001,2020-01-14,3120.6660,3127.1690,3105.6040,3106.8200,22997377024,271542439936.0000,1
SSE_COMPOSITE,sh.000001,2020-01-15,3103.1740,3107.9420,3082.0420,3090.0370,20231302400,232913444864.0000,1
SSE_COMPOSITE,sh.000001,2020-01-16,3095.7340,3096.3710,3070.8840,3074.0810,20337547520,236843360256.0000,1
SSE_COMPOSITE,sh.000001,2020-01-17,3081.4640,3091.9510,3067.2520,3075.4950,19030429952,242273046528.0000,1
SSE_COMPOSITE,sh.000001,2020-01-20,3082.1130,3096.3100,3070.4800,3095.7870,21049334016,271122456576.0000,1
SSE_COMPOSITE,sh.000001,2020-01-21,3085.7890,3085.7890,3051.2300,3052.1410,23483073792,286268096512.0000,1
SSE_COMPOSITE,sh.000001,2020-01-22,3038.4860,3069.2520,3006.2670,3060.7540,22385286400,278456922112.0000,1
SSE_COMPOSITE,sh.000001,2020-01-23,3037.9520,3045.0400,2955.3460,2976.5280,27276323328,327490359296.0000,1
SSE_COMPOSITE,sh.000001,2020-02-03,2716.6970,2766.5770,2716.6970,2746.6050,21591210240,257019596800.0000,1
SSE_COMPOSITE,sh.000001,2020-02-04,2685.2690,2786.1640,2685.2690,2783.2870,36404620032,374068465664.0000,1
SSE_COMPOSITE,sh.000001,2020-02-05,2792.3710,2842.7420,2778.8640,2818.0870,30976182272,349184114688.0000,1
SSE_COMPOSITE,sh.000001,2020-02-06,2826.8850,2876.5870,2807.6090,2866.5090,31639214336,358582591488.0000,1
SSE_COMPOSITE,sh.000001,2020-02-07,2858.9320,2875.9630,2838.7700,2875.9630,30947964160,362384162816.0000,1
SSE_COMPOSITE,sh.000001,2020-02-10,2860.4990,2891.8470,2851.0500,2890.4870,29492978432,341520400384.0000,1
SSE_COMPOSITE,sh.000001,2020-02-11,2894.5410,2913.8150,2882.2420,2901.6740,26916833536,302956847104.0000,1
SSE_COMPOSITE,sh.000001,2020-02-12,2895.5560,2926.8990,2892.4240,2926.8990,24873342976,297534418944.0000,1
SSE_COMPOSITE,sh.000001,2020-02-13,2927.1440,2935.4060,2901.2420,2906.0730,27480484352,334526328832.0000,1
SSE_COMPOSITE,sh.000001,2020-02-14,2899.8650,2926.9420,2899.5730,2917.0070,25065062656,308080369664.0000,1
SSE_COMPOSITE,sh.000001,2020-02-17,2924.9910,2983.6370,2924.9910,2983.6220,31319800832,367014338560.0000,1
SSE_COMPOSITE,sh.000001,2020-02-18,2981.4090,2990.6000,2960.7750,2984.9710,31166591232,374998560768.0000,1
SSE_COMPOSITE,sh.000001,2020-02-19,2979.5220,2998.2710,2971.8210,2975.4010,31514115072,381331161088.0000,1
SSE_COMPOSITE,sh.000001,2020-02-20,2981.8800,3031.3700,2968.4450,3030.1540,34573288192,413761363968.0000,1
SSE_COMPOSITE,sh.000001,2020-02-21,3022.2450,3058.8980,3020.1410,3039.6690,36455727616,445062078464.0000,1
SSE_COMPOSITE,sh.000001,2020-02-24,3027.8920,3042.1820,3007.3550,3031.2330,37043004416,451601362944.0000,1
SSE_COMPOSITE,sh.000001,2020-02-25,2982.0690,3016.9450,2943.7160,3013.0500,44162276096,513128644608.0000,1
SSE_COMPOSITE,sh.000001,2020-02-26,2978.4190,3028.7780,2974.9420,2987.9280,46904955136,495341449216.0000,1
SSE_COMPOSITE,sh.000001,2020-02-27,2992.4910,3009.4570,2980.4770,2991.3280,35052365824,395955642368.0000,1
SSE_COMPOSITE,sh.000001,2020-02-28,2924.6400,2948.1260,2878.5440,2880.3030,40121691392,432657776640.0000,1
SSE_COMPOSITE,sh.000001,2020-03-02,2899.3100,2982.5060,2899.3100,2970.9310,36733336832,397244203008.0000,1
SSE_COMPOSITE,sh.000001,2020-03-03,3006.8880,3026.8420,2976.6230,2992.8960,41010804736,447053680640.0000,1
SSE_COMPOSITE,sh.000001,2020-03-04,2981.8060,3012.0030,2974.3580,3011.6650,35333827840,389893918720.0000,1
SSE_COMPOSITE,sh.000001,2020-03-05,3036.1540,3074.2570,3022.9260,3071.6770,44542580736,482770472960.0000,1
SSE_COMPOSITE,sh.000001,2020-03-06,3039.9390,3052.4430,3029.4630,3034.5110,36206153216,377388544000.0000,1
SSE_COMPOSITE,sh.000001,2020-03-09,2987.1805,2989.2051,2940.7138,2943.2907,41456073600,438143854609.8000,1
SSE_COMPOSITE,sh.000001,2020-03-10,2918.9347,3000.2963,2904.7989,2996.7618,39329664800,425017184790.9000,1
SSE_COMPOSITE,sh.000001,2020-03-11,3001.7616,3010.0286,2968.5174,2968.5174,35247097000,378766618968.3000,1
SSE_COMPOSITE,sh.000001,2020-03-12,2936.0163,2944.4651,2906.2838,2923.4856,30777845700,328209202377.8000,1
SSE_COMPOSITE,sh.000001,2020-03-13,2804.2322,2910.8812,2799.9841,2887.4265,36645043600,393019665228.0000,1
SSE_COMPOSITE,sh.000001,2020-03-16,2897.3009,2898.0349,2784.6616,2789.2537,35187866500,375627000794.2000,1
SSE_COMPOSITE,sh.000001,2020-03-17,2796.2840,2826.9068,2715.2213,2779.6407,30614967700,323012822799.1000,1
SSE_COMPOSITE,sh.000001,2020-03-18,2792.3221,2815.8737,2728.7563,2728.7563,29115985200,318611391559.4000,1
SSE_COMPOSITE,sh.000001,2020-03-19,2719.4063,2736.8200,2646.8048,2702.1296,30230274700,330518008489.8000,1
SSE_COMPOSITE,sh.000001,2020-03-20,2727.0186,2751.8964,2702.4933,2745.6182,25201950700,281583369664.4000,1
SSE_COMPOSITE,sh.000001,2020-03-23,2677.5910,2703.3295,2656.5008,2660.1674,24982025000,268423241973.7000,1
SSE_COMPOSITE,sh.000001,2020-03-24,2703.0193,2723.4066,2667.1333,2722.4381,25702193000,278999306643.2000,1
SSE_COMPOSITE,sh.000001,2020-03-25,2775.3032,2788.6354,2757.8016,2781.5913,27314446600,293191204398.7000,1
SSE_COMPOSITE,sh.000001,2020-03-26,2761.8961,2788.5038,2753.4282,2764.9109,23408402200,248279785000.7000,1
SSE_COMPOSITE,sh.000001,2020-03-27,2792.9843,2805.5479,2771.7563,2772.2033,24076406600,253630725892.3000,1
SSE_COMPOSITE,sh.000001,2020-03-30,2739.7191,2759.0989,2723.0543,2747.2138,23970660400,250687144232.8000,1
SSE_COMPOSITE,sh.000001,2020-03-31,2767.3072,2771.1683,2743.1154,2750.2962,21859867400,224271061569.1000,1
SSE_COMPOSITE,sh.000001,2020-04-01,2743.5409,2773.3641,2731.0794,2734.5215,21725342700,225624646571.6000,1
SSE_COMPOSITE,sh.000001,2020-04-02,2720.2284,2780.6379,2719.9043,2780.6379,21786460000,233111575711.2000,1
SSE_COMPOSITE,sh.000001,2020-04-03,2773.5764,2780.5868,2754.0731,2763.9874,20083740400,214062212038.2000,1
SSE_COMPOSITE,sh.000001,2020-04-07,2806.9676,2823.2767,2801.8386,2820.7634,27019818600,286627794328.1000,1
SSE_COMPOSITE,sh.000001,2020-04-08,2805.9166,2823.2139,2800.2963,2815.3686,24351530500,253159668052.3000,1
SSE_COMPOSITE,sh.000001,2020-04-09,2825.8393,2832.3950,2820.4326,2825.9036,23818484300,247392988028.6000,1
SSE_COMPOSITE,sh.000001,2020-04-10,2827.1873,2833.0148,2789.9756,2796.6312,23345476800,246376307236.7000,1
SSE_COMPOSITE,sh.000001,2020-04-13,2784.5979,2792.8906,2774.0808,2783.0476,17712455400,184120284139.7000,1
SSE_COMPOSITE,sh.000001,2020-04-14,2794.8010,2827.2981,2789.4279,2827.2830,20269656900,223605697288.9000,1
SSE_COMPOSITE,sh.000001,2020-04-15,2826.6618,2829.7503,2808.7039,2811.1741,20562114600,231631632235.0000,1
SSE_COMPOSITE,sh.000001,2020-04-16,2798.4295,2823.3382,2796.8388,2819.9350,20300377300,222432600865.7000,1
SSE_COMPOSITE,sh.000001,2020-04-17,2835.5581,2854.9599,2830.0217,2838.4945,24573675000,280025229139.5000,1
SSE_COMPOSITE,sh.000001,2020-04-20,2840.4085,2852.9900,2833.2615,2852.5528,21184707800,233759313193.0000,1
SSE_COMPOSITE,sh.000001,2020-04-21,2842.2372,2842.2372,2808.0214,2827.0133,23323587000,248688585735.6000,1
SSE_COMPOSITE,sh.000001,2020-04-22,2814.0661,2843.9804,2808.4819,2843.9804,21732000000,232796777750.0000,1
SSE_COMPOSITE,sh.000001,2020-04-23,2850.5104,2853.6357,2835.8961,2838.4994,24877903700,262662040531.8000,1
SSE_COMPOSITE,sh.000001,2020-04-24,2834.9387,2834.9387,2802.4989,2808.5293,23518507600,244122291476.8000,1
SSE_COMPOSITE,sh.000001,2020-04-27,2812.2422,2832.6662,2802.9579,2815.4947,21013098100,225293706288.5000,1
SSE_COMPOSITE,sh.000001,2020-04-28,2819.9914,2821.7450,2758.2459,2810.0243,25387274500,270534752615.1000,1
SSE_COMPOSITE,sh.000001,2020-04-29,2801.3830,2831.7642,2800.7379,2822.4424,20206180700,222720221727.9000,1
SSE_COMPOSITE,sh.000001,2020-04-30,2832.3843,2865.5900,2832.3843,2860.0822,24245527800,277440934007.1000,1
SSE_COMPOSITE,sh.000001,2020-05-06,2831.6326,2879.2634,2830.6536,2878.1402,24982661600,303890031004.9000,1
SSE_COMPOSITE,sh.000001,2020-05-07,2876.4727,2882.0222,2864.5813,2871.5232,22673695700,268607485283.6000,1
SSE_COMPOSITE,sh.000001,2020-05-08,2882.7078,2903.7967,2879.2034,2895.3444,22682207500,276562716950.3000,1
SSE_COMPOSITE,sh.000001,2020-05-11,2901.5739,2914.2838,2884.3806,2894.8020,22512041000,271930641512.4000,1
SSE_COMPOSITE,sh.000001,2020-05-12,2894.6171,2897.9018,2871.2300,2891.5564,19708298500,238476218839.0000,1
SSE_COMPOSITE,sh.000001,2020-05-13,2882.9552,2900.2587,2875.5354,2898.0495,18506131000,223866906923.5000,1
SSE_COMPOSITE,sh.000001,2020-05-14,2887.0577,2887.0577,2869.1832,2870.3422,19777620200,237336974703.0000,1
SSE_COMPOSITE,sh.000001,2020-05-15,2880.7067,2884.2199,2863.3698,2868.4587,18898359200,246878191080.5000,1
SSE_COMPOSITE,sh.000001,2020-05-18,2872.5244,2889.9795,2862.2709,2875.4176,22602288200,289089595543.4000,1
SSE_COMPOSITE,sh.000001,2020-05-19,2897.6867,2900.2187,2887.5768,2898.5760,19722240500,256277803071.8000,1
SSE_COMPOSITE,sh.000001,2020-05-20,2896.4657,2896.4657,2876.1766,2883.7378,21051998500,269176553624.7000,1
SSE_COMPOSITE,sh.000001,2020-05-21,2890.7213,2891.5177,2864.2073,2867.9237,20353203800,250569937552.8000,1
SSE_COMPOSITE,sh.000001,2020-05-22,2863.0462,2863.0462,2808.0177,2813.7654,20906371200,245229603697.9000,1
SSE_COMPOSITE,sh.000001,2020-05-25,2816.2410,2821.4978,2802.4653,2817.9697,17288555700,202115352627.3000,1
SSE_COMPOSITE,sh.000001,2020-05-26,2827.8967,2848.3371,2825.9010,2846.5473,17456236900,207427833710.6000,1
SSE_COMPOSITE,sh.000001,2020-05-27,2847.3198,2848.9965,2831.9281,2836.8036,19814934300,227934395739.0000,1
SSE_COMPOSITE,sh.000001,2020-05-28,2838.2072,2861.9241,2820.1455,2846.2217,20754601900,239234260636.0000,1
SSE_COMPOSITE,sh.000001,2020-05-29,2835.5840,2855.3756,2829.6271,2852.3512,20679280400,233798996642.7000,1
SSE_COMPOSITE,sh.000001,2020-06-01,2871.9641,2917.1508,2871.9641,2915.4311,26019605000,307416215147.8000,1
SSE_COMPOSITE,sh.000001,2020-06-02,2916.3168,2926.3588,2909.1277,2921.3980,25610804900,294402745887.8000,1
SSE_COMPOSITE,sh.000001,2020-06-03,2930.3906,2942.7597,2922.6612,2923.3711,25566398000,300447817007.3000,1
SSE_COMPOSITE,sh.000001,2020-06-04,2931.8376,2932.9677,2910.7516,2919.2506,22660587300,254345984480.0000,1
SSE_COMPOSITE,sh.000001,2020-06-05,2923.1891,2930.7993,2909.1181,2930.7993,21736067300,253141142477.6000,1
SSE_COMPOSITE,sh.000001,2020-06-08,2941.9816,2950.0656,2934.2103,2937.7712,23112436000,274611815611.0000,1
SSE_COMPOSITE,sh.000001,2020-06-09,2939.5351,2957.1186,2932.9385,2956.1116,20904858500,251414696240.0000,1
SSE_COMPOSITE,sh.000001,2020-06-10,2951.2784,2951.3298,2934.8428,2943.7525,20792596900,243968496538.1000,1
SSE_COMPOSITE,sh.000001,2020-06-11,2939.7914,2952.6510,2912.1932,2920.8968,23372294700,289023256107.0000,1
SSE_COMPOSITE,sh.000001,2020-06-12,2876.8029,2930.2550,2872.6165,2919.7408,23600864200,274321726179.0000,1
SSE_COMPOSITE,sh.000001,2020-06-15,2908.2767,2922.5364,2890.0306,2890.0306,24320504600,293361556833.6000,1
SSE_COMPOSITE,sh.000001,2020-06-16,2912.8251,2931.7791,2909.1341,2931.7493,22331306500,270948558455.0000,1
SSE_COMPOSITE,sh.000001,2020-06-17,2932.6708,2936.6162,2919.0353,2935.8730,23465439100,278007110729.6000,1
SSE_COMPOSITE,sh.000001,2020-06-18,2929.8799,2942.8983,2920.1054,2939.3151,25869137700,289367727804.2000,1
SSE_COMPOSITE,sh.000001,2020-06-19,2938.7887,2973.3164,2935.8239,2967.6341,26431396100,319089106631.7000,1
SSE_COMPOSITE,sh.000001,2020-06-22,2966.9008,2983.4382,2959.0350,2965.2717,26788383400,346028748359.1000,1
SSE_COMPOSITE,sh.000001,2020-06-23,2960.8875,2972.4025,2949.8469,2970.6203,22521220800,305378770529.9000,1
SSE_COMPOSITE,sh.000001,2020-06-24,2972.9827,2982.9425,2971.2235,2979.5505,21320073200,297008784132.4000,1
SSE_COMPOSITE,sh.000001,2020-06-29,2973.0757,2977.9122,2951.7702,2961.5164,22062272900,293886016005.3000,1
SSE_COMPOSITE,sh.000001,2020-06-30,2965.1054,2990.8253,2965.1054,2984.6741,21495721400,297312328413.8000,1
SSE_COMPOSITE,sh.000001,2020-07-01,2991.1813,3026.1862,2984.9841,3025.9810,27331314000,369883802297.0000,1
SSE_COMPOSITE,sh.000001,2020-07-02,3023.7189,3092.4432,3021.6736,3090.5693,39112799600,478216482346.4000,1
SSE_COMPOSITE,sh.000001,2020-07-03,3103.9952,3152.8126,3103.9952,3152.8126,45879385100,535489334735.2000,1
SSE_COMPOSITE,sh.000001,2020-07-06,3187.8393,3337.2723,3187.8393,3332.8807,64387890600,724153675701.0000,1
SSE_COMPOSITE,sh.000001,2020-07-07,3380.9536,3407.0811,3336.2416,3345.3369,65784015900,793638372424.8000,1
SSE_COMPOSITE,sh.000001,2020-07-08,3337.5518,3421.5312,3327.7062,3403.4401,58708168500,696807634537.9000,1
SSE_COMPOSITE,sh.000001,2020-07-09,3403.4832,3456.9721,3393.6379,3450.5935,62000182300,751406830395.1000,1
SSE_COMPOSITE,sh.000001,2020-07-10,3418.9347,3433.1085,3372.5066,3383.3222,55612001100,703197550444.5000,1
SSE_COMPOSITE,sh.000001,2020-07-13,3379.3867,3458.7914,3369.0378,3443.2863,55800687500,717397053099.2000,1
SSE_COMPOSITE,sh.000001,2020-07-14,3435.0237,3451.2224,3366.0828,3414.6186,54321149200,707327005157.3000,1
SSE_COMPOSITE,sh.000001,2020-07-15,3422.0778,3432.4506,3345.7488,3361.3044,49203054200,674727409786.3000,1
SSE_COMPOSITE,sh.000001,2020-07-16,3356.3590,3373.5317,3209.7272,3210.0986,49061312300,679468340648.5000,1
SSE_COMPOSITE,sh.000001,2020-07-17,3214.4022,3252.7786,3181.2745,3214.1287,35965241300,486536118269.0000,1
SSE_COMPOSITE,sh.000001,2020-07-20,3243.9105,3314.1490,3220.6840,3314.1490,41855530600,544045656232.3000,1
SSE_COMPOSITE,sh.000001,2020-07-21,3330.5467,3336.6791,3300.5719,3320.8947,35925202900,488862180370.5000,1
SSE_COMPOSITE,sh.000001,2020-07-22,3315.1816,3381.9757,3311.7862,3333.1635,39333533500,540577040593.6000,1
SSE_COMPOSITE,sh.000001,2020-07-23,3306.1489,3336.3002,3257.8269,3325.1102,40704249900,546887089707.7000,1
SSE_COMPOSITE,sh.000001,2020-07-24,3310.6449,3319.1268,3184.9645,3196.7684,42705402600,584311865016.6000,1
SSE_COMPOSITE,sh.000001,2020-07-27,3210.3863,3221.9846,3174.6583,3205.2268,29931902100,402231919288.9000,1
SSE_COMPOSITE,sh.000001,2020-07-28,3226.1329,3245.2967,3208.4939,3227.9604,28937786100,389873696214.7000,1
SSE_COMPOSITE,sh.000001,2020-07-29,3221.9883,3294.5521,3209.9902,3294.5521,32492406200,453094399515.5000,1
SSE_COMPOSITE,sh.000001,2020-07-30,3299.5718,3312.4508,3282.1617,3286.8220,34070412100,476974005608.8000,1
SSE_COMPOSITE,sh.000001,2020-07-31,3280.7959,3333.7859,3261.6135,3310.0065,35375897900,495778040702.2000,1
SSE_COMPOSITE,sh.000001,2020-08-03,3332.1826,3368.1028,3327.6773,3367.9658,40746086700,572430759824.7000,1
SSE_COMPOSITE,sh.000001,2020-08-04,3376.4402,3391.0743,3352.5017,3371.6875,44232855100,604942141521.3000,1
SSE_COMPOSITE,sh.000001,2020-08-05,3363.3324,3383.6365,3333.8770,3377.5648,38582302700,526515054657.5000,1
SSE_COMPOSITE,sh.000001,2020-08-06,3380.7621,3392.7048,3334.3341,3386.4631,41530251000,570488248065.2000,1
SSE_COMPOSITE,sh.000001,2020-08-07,3370.5878,3374.1330,3307.7127,3354.0352,40392963300,561435649551.0000,1
SSE_COMPOSITE,sh.000001,2020-08-10,3341.5276,3399.9323,3335.0427,3379.2524,38137963000,527083944584.7000,1
SSE_COMPOSITE,sh.000001,2020-08-11,3379.4874,3409.0589,3336.0945,3340.2900,40045270600,514020764101.4000,1
SSE_COMPOSITE,sh.000001,2020-08-12,3327.4929,3335.7290,3263.2653,3319.2656,37832895900,480731246079.0000,1
SSE_COMPOSITE,sh.000001,2020-08-13,3328.1754,3338.1518,3309.4629,3320.7261,32429127800,387162288598.3000,1
SSE_COMPOSITE,sh.000001,2020-08-14,3315.6687,3362.0267,3302.7357,3360.0988,30599837600,367467421740.0000,1
SSE_COMPOSITE,sh.000001,2020-08-17,3373.9018,3450.8987,3369.3742,3438.8010,43459826000,537425075053.0000,1
SSE_COMPOSITE,sh.000001,2020-08-18,3441.9337,3456.7206,3432.6402,3451.0894,38072927500,493052155326.1000,1
SSE_COMPOSITE,sh.000001,2020-08-19,3444.5646,3454.4613,3406.1642,3408.1288,40572221400,498262158316.3000,1
SSE_COMPOSITE,sh.000001,2020-08-20,3385.9645,3394.5570,3352.7767,3363.8988,33560098200,401815550096.0000,1
SSE_COMPOSITE,sh.000001,2020-08-21,3380.2269,3393.9175,3358.0005,3380.6825,28748834000,361281752664.8000,1
SSE_COMPOSITE,sh.000001,2020-08-24,3391.1132,3396.5663,3368.0258,3385.6383,26622784100,345683380014.8000,1
SSE_COMPOSITE,sh.000001,2020-08-25,3392.8797,3408.8697,3364.1602,3373.5781,27711342100,355997790768.0000,1
SSE_COMPOSITE,sh.000001,2020-08-26,3371.8083,3382.6032,3320.1355,3329.7388,29445103600,381928906554.3000,1
SSE_COMPOSITE,sh.000001,2020-08-27,3333.4909,3351.8324,3312.9859,3350.1128,23709935300,317153391524.5000,1
SSE_COMPOSITE,sh.000001,2020-08-28,3346.2893,3405.8768,3339.6494,3403.8066,27132554900,379367046371.3000,1
SSE_COMPOSITE,sh.000001,2020-08-31,3416.5497,3442.7363,3395.4675,3395.6775,32347389000,436930125416.2000,1
SSE_COMPOSITE,sh.000001,2020-09-01,3389.7424,3410.6068,3381.7108,3410.6068,24699924900,326850955347.9000,1
SSE_COMPOSITE,sh.000001,2020-09-02,3420.4693,3421.3959,3377.2111,3404.8017,26154631900,345638982329.5000,1
SSE_COMPOSITE,sh.000001,2020-09-03,3404.0319,3425.6294,3374.2634,3384.9806,25534627900,350706563899.6000,1
SSE_COMPOSITE,sh.000001,2020-09-04,3336.4076,3360.1061,3328.5518,3355.3666,22163655000,308179657648.7000,1
SSE_COMPOSITE,sh.000001,2020-09-07,3349.9184,3368.2446,3285.6326,3292.5907,26061656700,357726463915.0000,1
SSE_COMPOSITE,sh.000001,2020-09-08,3301.2173,3324.3929,3276.4431,3316.4170,27106627800,320229901328.0000,1
SSE_COMPOSITE,sh.000001,2020-09-09,3280.9974,3289.6148,3238.5606,3254.6279,35150974700,341054534059.1000,1
SSE_COMPOSITE,sh.000001,2020-09-10,3282.2320,3285.4731,3227.6435,3234.8234,31247280400,309676743626.3000,1
SSE_COMPOSITE,sh.000001,2020-09-11,3225.7836,3262.4976,3220.5363,3260.3461,22169883000,254844994260.0000,1
SSE_COMPOSITE,sh.000001,2020-09-14,3275.9181,3283.5325,3261.1479,3278.8138,21392413700,269219919654.1000,1
SSE_COMPOSITE,sh.000001,2020-09-15,3277.1284,3297.6904,3263.7522,3295.6795,19768440000,251763868533.5000,1
SSE_COMPOSITE,sh.000001,2020-09-16,3293.1678,3302.4556,3271.0750,3283.9244,20044336400,242270893454.5000,1
SSE_COMPOSITE,sh.000001,2020-09-17,3277.3238,3290.4094,3248.4990,3270.4350,20293197200,279311053428.2000,1
SSE_COMPOSITE,sh.000001,2020-09-18,3270.9110,3338.3243,3268.5260,3338.0897,25626078800,337025892904.0000,1
SSE_COMPOSITE,sh.000001,2020-09-21,3348.8988,3350.5893,3313.0714,3316.9351,21650309300,287691308070.7000,1
SSE_COMPOSITE,sh.000001,2020-09-22,3290.6656,3320.2278,3265.7025,3274.3015,21401506500,269113293656.5000,1
SSE_COMPOSITE,sh.000001,2020-09-23,3278.8358,3289.7624,3264.8907,3279.7105,16917806800,240742428786.7000,1
SSE_COMPOSITE,sh.000001,2020-09-24,3262.8790,3265.3451,3221.2365,3223.1764,20673601100,258259919724.5000,1
SSE_COMPOSITE,sh.000001,2020-09-25,3234.3739,3239.4662,3208.0349,3219.4179,16482241900,220674476958.0000,1
SSE_COMPOSITE,sh.000001,2020-09-28,3224.9769,3238.1825,3210.8925,3217.5346,15598278300,209672387616.8000,1
SSE_COMPOSITE,sh.000001,2020-09-29,3231.8551,3242.7937,3219.7902,3224.3593,15134987000,207307813843.5000,1
SSE_COMPOSITE,sh.000001,2020-09-30,3232.7104,3244.9134,3202.3435,3218.0521,15350445700,205762857294.2000,1
SSE_COMPOSITE,sh.000001,2020-10-09,3262.6105,3280.5124,3260.1873,3272.0762,18832564800,264171043762.6000,1
SSE_COMPOSITE,sh.000001,2020-10-12,3287.3281,3359.1526,3286.1111,3358.4652,25962240800,355700113686.6000,1
SSE_COMPOSITE,sh.000001,2020-10-13,3353.1213,3361.8315,3334.4989,3359.7499,20492610300,288505837527.6000,1
SSE_COMPOSITE,sh.000001,2020-10-14,3353.6247,3353.6247,3332.9635,3340.7782,19865938200,281159984704.8000,1
SSE_COMPOSITE,sh.000001,2020-10-15,3342.9222,3354.5784,3330.0014,3332.1832,19103128200,263848674025.0000,1
SSE_COMPOSITE,sh.000001,2020-10-16,3334.4568,3348.9543,3319.1100,3336.3582,19429542100,253448029476.6000,1
SSE_COMPOSITE,sh.000001,2020-10-19,3351.0961,3371.0862,3307.8407,3312.6671,21230354000,283882790191.0000,1
SSE_COMPOSITE,sh.000001,2020-10-20,3307.1498,3328.1029,3293.7662,3328.1029,16508476200,227823367094.4000,1
SSE_COMPOSITE,sh.000001,2020-10-21,3332.1470,3332.1470,3304.1693,3325.0247,17763211500,246848139010.5000,1
SSE_COMPOSITE,sh.000001,2020-10-22,3315.8206,3320.8787,3281.3662,3312.5005,16594998700,236428248945.4000,1
SSE_COMPOSITE,sh.000001,2020-10-23,3308.1581,3326.0489,3276.6197,3277.9972,17420898200,249912883287.6000,1
SSE_COMPOSITE,sh.000001,2020-10-26,3258.7028,3264.4464,3226.6018,3251.1188,16773179500,235462468392.9000,1
SSE_COMPOSITE,sh.000001,2020-10-27,3240.7395,3258.3369,3235.5443,3254.3157,14911556600,217487420943.6000,1
SSE_COMPOSITE,sh.000001,2020-10-28,3256.2225,3275.8714,3238.3820,3269.2380,17318196500,256213458182.0000,1
SSE_COMPOSITE,sh.000001,2020-10-29,3235.7647,3289.7655,3231.1243,3272.7274,18470358900,278605665230.0000,1
SSE_COMPOSITE,sh.000001,2020-10-30,3278.6312,3279.8563,3219.4216,3224.5325,23018880300,328917241624.7000,1
SSE_COMPOSITE,sh.000001,2020-11-02,3228.7150,3242.8041,3209.9094,3225.1196,22677913700,325321869127.4000,1
SSE_COMPOSITE,sh.000001,2020-11-03,3239.8063,3278.3806,3237.8539,3271.0744,21529786400,303730147810.2000,1
SSE_COMPOSITE,sh.000001,2020-11-04,3273.4326,3286.6212,3254.1113,3277.4402,18851412800,270723846522.5000,1
SSE_COMPOSITE,sh.000001,2020-11-05,3305.5798,3320.4080,3291.6000,3320.1333,22680146200,316292709979.0000,1
SSE_COMPOSITE,sh.000001,2020-11-06,3326.4645,3326.4645,3292.1507,3312.1590,23486413200,325485056730.6000,1
SSE_COMPOSITE,sh.000001,2020-11-09,3329.4285,3380.8235,3329.4285,3373.7337,31021977100,429948921889.8000,1
SSE_COMPOSITE,sh.000001,2020-11-10,3387.6219,3387.6219,3346.1715,3360.1485,27870111300,390008391730.0000,1
SSE_COMPOSITE,sh.000001,2020-11-11,3354.0247,3365.8360,3339.0407,3342.2025,27120465300,355802065547.2000,1
SSE_COMPOSITE,sh.000001,2020-11-12,3344.4562,3350.2848,3329.4850,3338.6788,21650130900,286927436428.6000,1
SSE_COMPOSITE,sh.000001,2020-11-13,3327.2293,3327.2293,3291.6425,3310.1046,22789836400,301527966899.0000,1
SSE_COMPOSITE,sh.000001,2020-11-16,3325.6209,3346.9692,3313.6469,3346.9692,27959376100,333750600125.3000,1
SSE_COMPOSITE,sh.000001,2020-11-17,3347.1513,3347.6979,3323.9506,3339.8950,28363247900,353623369912.0000,1
SSE_COMPOSITE,sh.000001,2020-11-18,3337.3315,3358.8938,3333.9916,3347.3034,28753125900,358745367424.6000,1
SSE_COMPOSITE,sh.000001,2020-11-19,3339.0864,3367.3328,3330.4496,3363.0876,25326299200,319520194519.5000,1
SSE_COMPOSITE,sh.000001,2020-11-20,3359.5966,3380.1489,3356.3086,3377.7267,26127121900,312659789107.0000,1
SSE_COMPOSITE,sh.000001,2020-11-23,3384.1039,3431.6529,3377.9862,3414.4899,37387204700,431504375645.3000,1
SSE_COMPOSITE,sh.000001,2020-11-24,3407.4087,3413.9263,3396.2436,3402.8225,30099414400,359505804879.5000,1
SSE_COMPOSITE,sh.000001,2020-11-25,3417.5150,3423.4853,3362.3274,3362.3274,32211020700,383477785169.9000,1
SSE_COMPOSITE,sh.000001,2020-11-26,3360.0609,3371.4537,3344.2822,3369.7334,25588682200,317308634999.9000,1
SSE_COMPOSITE,sh.000001,2020-11-27,3373.8434,3408.3071,3364.4919,3408.3071,28064989400,326069547157.5000,1
SSE_COMPOSITE,sh.000001,2020-11-30,3418.1583,3456.7365,3391.7551,3391.7551,38498996800,454500571790.1000,1
SSE_COMPOSITE,sh.000001,2020-12-01,3388.9867,3457.6354,3386.9113,3451.9384,31618898000,385250751317.3000,1
SSE_COMPOSITE,sh.000001,2020-12-02,3453.5181,3465.7288,3435.8712,3449.3805,31281111400,383340845066.5000,1
SSE_COMPOSITE,sh.000001,2020-12-03,3448.5403,3452.1612,3428.8044,3442.1359,29845993000,352422286605.3000,1
SSE_COMPOSITE,sh.000001,2020-12-04,3436.7291,3448.4036,3417.0484,3444.5814,25627670500,329393208345.0000,1
SSE_COMPOSITE,sh.000001,2020-12-07,3446.6478,3449.5782,3414.3142,3416.6037,25452250800,336836800332.2000,1
SSE_COMPOSITE,sh.000001,2020-12-08,3417.6936,3428.6618,3403.0263,3410.1771,22690732800,304635033509.6000,1
SSE_COMPOSITE,sh.000001,2020-12-09,3416.0782,3422.5360,3371.9156,3371.9640,26074742400,339317806321.2000,1
SSE_COMPOSITE,sh.000001,2020-12-10,3365.7310,3384.8875,3357.7531,3373.2758,24730830400,321616357218.9000,1
SSE_COMPOSITE,sh.000001,2020-12-11,3381.0080,3383.1783,3325.1720,3347.1910,29861715800,379848803590.6000,1
SSE_COMPOSITE,sh.000001,2020-12-14,3349.5340,3371.1291,3338.6263,3369.1201,23980792600,316229132862.0000,1
SSE_COMPOSITE,sh.000001,2020-12-15,3366.5813,3373.5579,3348.4192,3367.2326,22566740200,315289741293.4000,1
SSE_COMPOSITE,sh.000001,2020-12-16,3371.2632,3378.6626,3359.1705,3366.9832,22081397600,308823385266.9000,1
SSE_COMPOSITE,sh.000001,2020-12-17,3367.2770,3406.1547,3354.0112,3404.8732,27546363100,364740477233.0000,1
SSE_COMPOSITE,sh.000001,2020-12-18,3400.4855,3413.8134,3382.7508,3394.8960,28099264100,354027376853.1000,1
SSE_COMPOSITE,sh.000001,2020-12-21,3394.3945,3423.6088,3381.1158,3420.5693,28375979400,383898951602.5000,1
SSE_COMPOSITE,sh.000001,2020-12-22,3410.9678,3415.7538,3353.8581,3356.7822,32303765400,432199556488.2000,1
SSE_COMPOSITE,sh.000001,2020-12-23,3362.4721,3394.2089,3360.2019,3382.3195,29952352700,413254779061.7000,1
SSE_COMPOSITE,sh.000001,2020-12-24,3382.1930,3394.0746,3354.0215,3363.1133,27504445000,363321144328.2000,1
SSE_COMPOSITE,sh.000001,2020-12-25,3351.7901,3397.0066,3348.3453,3396.5626,29454689500,359094444683.1000,1
SSE_COMPOSITE,sh.000001,2020-12-28,3396.3590,3412.5193,3383.6540,3397.2854,31618154200,398159968832.7000,1
SSE_COMPOSITE,sh.000001,2020-12-29,3399.2939,3407.0884,3376.0876,3379.0362,31176918500,382102563807.2000,1
SSE_COMPOSITE,sh.000001,2020-12-30,3375.0086,3414.4539,3374.4156,3414.4527,29102354300,377542350937.2000,1
SSE_COMPOSITE,sh.000001,2020-12-31,3419.7267,3474.9182,3419.7267,3473.0693,33567392600,450482318883.5000,1
SSE_COMPOSITE,sh.000001,2021-01-04,3474.6793,3511.6554,3457.2061,3502.9584,38079080000,523367700848.6000,1
SSE_COMPOSITE,sh.000001,2021-01-05,3492.1912,3528.6767,3484.7151,3528.6767,40799593400,568019462188.0000,1
SSE_COMPOSITE,sh.000001,2021-01-06,3530.9072,3556.8022,3513.1262,3550.8767,37023092600,521799529791.8000,1
SSE_COMPOSITE,sh.000001,2021-01-07,3552.9087,3576.2046,3526.6174,3576.2046,40534822600,545709628110.3000,1
SSE_COMPOSITE,sh.000001,2021-01-08,3577.6923,3588.0625,3544.8912,3570.1082,34555789600,502170815613.8000,1
SSE_COMPOSITE,sh.000001,2021-01-11,3571.3212,3597.7022,3516.9862,3531.4978,36247915400,526895927277.3000,1
SSE_COMPOSITE,sh.000001,2021-01-12,3518.0106,3608.3389,3517.4689,3608.3389,32340615300,485771186330.7000,1
SSE_COMPOSITE,sh.000001,2021-01-13,3613.2810,3622.3475,3575.5945,3598.6518,38812779100,554853439062.3000,1
SSE_COMPOSITE,sh.000001,2021-01-14,3584.9324,3599.0584,3559.6001,3565.9046,34766681900,511325103695.8000,1
SSE_COMPOSITE,sh.000001,2021-01-15,3566.2847,3589.2655,3533.7882,3566.3778,32461274400,480343780955.9000,1
SSE_COMPOSITE,sh.000001,2021-01-18,3554.7977,3608.7665,3544.2614,3596.2237,30165256500,451740700449.5000,1
SSE_COMPOSITE,sh.000001,2021-01-19,3596.3564,3603.1477,3553.0236,3566.3814,32343954100,467402582397.1000,1
SSE_COMPOSITE,sh.000001,2021-01-20,3564.1210,3589.9624,3556.4425,3583.0920,27227166100,397144766184.5000,1
SSE_COMPOSITE,sh.000001,2021-01-21,3590.9247,3636.2444,3585.8017,3621.2641,32746699500,469855226645.9000,1
SSE_COMPOSITE,sh.000001,2021-01-22,3616.5401,3616.5401,3585.0339,3606.7496,32446308400,485452192409.9000,1
SSE_COMPOSITE,sh.000001,2021-01-25,3605.3611,3637.1002,3591.0204,3624.2381,32734107000,527257347652.8000,1
SSE_COMPOSITE,sh.000001,2021-01-26,3610.9686,3610.9686,3564.7415,3569.4290,27813988400,436326664645.8000,1
SSE_COMPOSITE,sh.000001,2021-01-27,3567.5485,3578.7968,3546.4920,3573.3412,26410716100,396270389618.8000,1
SSE_COMPOSITE,sh.000001,2021-01-28,3534.6685,3549.5440,3496.8788,3505.1759,27086246100,391574388026.6000,1
SSE_COMPOSITE,sh.000001,2021-01-29,3521.7175,3531.5981,3446.5471,3483.0692,29366266400,416528620977.0000,1
SSE_COMPOSITE,sh.000001,2021-02-01,3477.1715,3506.3889,3469.8750,3505.2836,27756790100,371473066288.8000,1
SSE_COMPOSITE,sh.000001,2021-02-02,3510.8084,3535.5020,3495.5681,3533.6849,26454063000,384127851092.3000,1
SSE_COMPOSITE,sh.000001,2021-02-03,3531.1490,3544.0092,3508.5069,3517.3080,29735171600,413731471970.7000,1
SSE_COMPOSITE,sh.000001,2021-02-04,3503.7785,3524.7219,3465.7706,3501.8592,29883485400,418742552801.5000,1
SSE_COMPOSITE,sh.000001,2021-02-05,3509.4874,3536.5417,3492.9624,3496.3329,29014617400,397391919559.0000,1
SSE_COMPOSITE,sh.000001,2021-02-08,3504.5631,3542.2075,3492.1286,3532.4467,24979961900,359187319179.3000,1
SSE_COMPOSITE,sh.000001,2021-02-09,3539.7726,3604.0112,3528.6755,3603.4890,25382176000,371567972460.7000,1
SSE_COMPOSITE,sh.000001,2021-02-10,3612.6125,3662.7655,3612.5049,3655.0880,25794082400,392643389630.2000,1
SSE_COMPOSITE,sh.000001,2021-02-18,3721.0865,3731.6870,3663.6637,3675.3571,34030906500,483546564601.1000,1
SSE_COMPOSITE,sh.000001,2021-02-19,3661.7834,3699.6502,3634.0149,3696.1680,36105980400,484990205753.6000,1
SSE_COMPOSITE,sh.000001,2021-02-22,3707.1912,3717.2669,3642.4449,3642.4449,48882147800,599323102080.9000,1
SSE_COMPOSITE,sh.000001,2021-02-23,3617.7013,3672.1511,3617.7013,3636.3573,39887317400,479631810240.2000,1
SSE_COMPOSITE,sh.000001,2021-02-24,3638.9359,3645.6474,3531.5936,3564.0799,36215895200,484430414619.7000,1
SSE_COMPOSITE,sh.000001,2021-02-25,3595.5424,3608.5568,3568.4735,3585.0458,36623229900,444735017112.4000,1
SSE_COMPOSITE,sh.000001,2021-02-26,3514.5648,3550.4055,3500.7036,3509.0804,33328006700,424485913919.4000,1
SSE_COMPOSITE,sh.000001,2021-03-01,3531.4802,3552.5665,3511.9888,3551.3998,31548752600,402477044217.4000,1
SSE_COMPOSITE,sh.000001,2021-03-02,3566.8520,3566.8520,3485.3635,3508.5912,33983048600,427680453057.6000,1
SSE_COMPOSITE,sh.000001,2021-03-03,3500.1576,3577.6218,3498.7192,3576.9045,34765684600,415490345736.0000,1
SSE_COMPOSITE,sh.000001,2021-03-04,3546.6406,3552.2024,3487.3757,3503.4916,39361612000,462233734230.9000,1
SSE_COMPOSITE,sh.000001,2021-03-05,3463.3086,3523.5682,3456.6668,3501.9867,35640922300,408849901855.9000,1
SSE_COMPOSITE,sh.000001,2021-03-08,3524.9830,3542.3039,3421.2153,3421.4141,38704795400,453859203341.8000,1
SSE_COMPOSITE,sh.000001,2021-03-09,3415.3391,3429.1503,3328.3119,3359.2920,40765253900,456196190297.0000,1
SSE_COMPOSITE,sh.000001,2021-03-10,3389.8388,3397.0251,3354.8230,3357.7372,29974916600,339571691506.0000,1
SSE_COMPOSITE,sh.000001,2021-03-11,3369.9024,3436.8313,3369.9024,3436.8313,32211204400,369805365528.1000,1
SSE_COMPOSITE,sh.000001,2021-03-12,3447.2033,3454.5064,3417.2389,3453.0777,35802703500,381964281221.5000,1
SSE_COMPOSITE,sh.000001,2021-03-15,3441.8820,3457.4892,3392.5089,3419.9456,36781329300,381646491324.5000,1
SSE_COMPOSITE,sh.000001,2021-03-16,3424.6524,3448.8829,3406.1746,3446.7334,31666874700,332388484730.3000,1
SSE_COMPOSITE,sh.000001,2021-03-17,3435.7319,3454.0562,3410.2815,3445.5509,28005981800,306630472148.0000,1
SSE_COMPOSITE,sh.000001,2021-03-18,3449.6413,3478.1447,3449.3774,3463.0681,28440389100,316529174115.7000,1
SSE_COMPOSITE,sh.000001,2021-03-19,3423.8733,3439.5236,3389.2929,3404.6634,30916171600,339992292814.0000,1
SSE_COMPOSITE,sh.000001,2021-03-22,3406.1227,3443.6596,3404.2341,3443.4392,31255908400,332535035841.3000,1
SSE_COMPOSITE,sh.000001,2021-03-23,3445.3408,3445.4159,3390.0477,3411.5088,32638940900,343477167707.1000,1
SSE_COMPOSITE,sh.000001,2021-03-24,3394.1283,3415.2949,3362.1847,3367.0606,31739869700,344800038245.8000,1
SSE_COMPOSITE,sh.000001,2021-03-25,3355.0706,3382.2260,3344.9695,3363.5915,27067609700,290223442604.1000,1
SSE_COMPOSITE,sh.000001,2021-03-26,3373.3171,3423.2231,3373.3171,3418.3267,27461498700,322408619946.0000,1
SSE_COMPOSITE,sh.000001,2021-03-29,3429.6322,3449.8338,3409.8868,3435.2958,28482424300,327944119662.4000,1
SSE_COMPOSITE,sh.000001,2021-03-30,3432.5288,3457.6345,3423.3154,3456.6766,28542308100,331625651218.5000,1
SSE_COMPOSITE,sh.000001,2021-03-31,3452.2078,3452.2078,3420.8321,3441.9115,28304926100,314174120171.9000,1
SSE_COMPOSITE,sh.000001,2021-04-01,3444.8102,3470.0311,3438.8255,3466.3315,27524429500,292651912290.5000,1
SSE_COMPOSITE,sh.000001,2021-04-02,3472.6276,3487.5862,3462.8321,3484.3924,26265487300,317953200767.5000,1
SSE_COMPOSITE,sh.000001,2021-04-06,3491.6336,3493.2806,3471.7610,3482.9674,23474667100,286329672740.3000,1
SSE_COMPOSITE,sh.000001,2021-04-07,3483.4211,3483.4211,3453.1947,3479.6256,29578697800,323650987028.2000,1
SSE_COMPOSITE,sh.000001,2021-04-08,3467.4871,3495.9086,3459.3246,3482.5548,33175532900,348011326769.4000,1
SSE_COMPOSITE,sh.000001,2021-04-09,3475.4434,3475.4467,3442.1392,3450.6772,28008519600,306422226254.5000,1
SSE_COMPOSITE,sh.000001,2021-04-12,3445.9696,3456.1581,3403.9012,3412.9477,30957723900,338890339564.4000,1
SSE_COMPOSITE,sh.000001,2021-04-13,3411.2928,3425.3945,3387.9020,3396.4700,27062605400,290539879926.0000,1
SSE_COMPOSITE,sh.000001,2021-04-14,3397.0210,3420.0278,3392.9751,3416.7212,23324232700,269010070613.9000,1
SSE_COMPOSITE,sh.000001,2021-04-15,3409.6139,3409.6139,3373.0939,3398.9875,23400505400,272569196767.4000,1
SSE_COMPOSITE,sh.000001,2021-04-16,3407.1880,3432.6286,3394.1344,3426.6178,25857967200,295951094704.6000,1
SSE_COMPOSITE,sh.000001,2021-04-19,3427.5480,3479.0099,3414.3564,3477.5485,30273581900,368472467524.5000,1
SSE_COMPOSITE,sh.000001,2021-04-20,3467.1481,3494.2983,3463.4637,3472.9427,28530008200,358982768197.6000,1
SSE_COMPOSITE,sh.000001,2021-04-21,3456.2991,3481.2511,3450.1113,3472.9298,25377785900,323914146231.9000,1
SSE_COMPOSITE,sh.000001,2021-04-22,3482.8328,3485.3585,3456.3156,3465.1138,25111451000,317081034873.3000,1
SSE_COMPOSITE,sh.000001,2021-04-23,3462.0858,3482.3587,3456.3329,3474.1660,24936043300,323015935279.5000,1
SSE_COMPOSITE,sh.000001,2021-04-26,3484.1072,3497.1208,3438.5724,3441.1658,27697077100,388161675553.7000,1
SSE_COMPOSITE,sh.000001,2021-04-27,3440.0911,3443.8538,3417.2647,3442.6111,25303239300,327046020017.7000,1
SSE_COMPOSITE,sh.000001,2021-04-28,3432.1612,3457.0683,3423.3250,3457.0683,24738112000,349669207298.3000,1
SSE_COMPOSITE,sh.000001,2021-04-29,3458.0819,3478.2278,3447.5878,3474.9011,27663138700,371611589910.9000,1
SSE_COMPOSITE,sh.000001,2021-04-30,3468.3022,3469.0872,3426.9023,3446.8564,31266035400,401442334677.1000,1
SSE_COMPOSITE,sh.000001,2021-05-06,3446.0743,3471.2396,3426.8487,3441.2826,31042419200,400525169566.4000,1
SSE_COMPOSITE,sh.000001,2021-05-07,3446.4070,3457.8924,3416.7755,3418.8741,35378538900,411078841642.7000,1
SSE_COMPOSITE,sh.000001,2021-05-10,3423.5896,3429.7359,3401.9346,3427.9909,37417088400,399717549009.4000,1
SSE_COMPOSITE,sh.000001,2021-05-11,3406.5980,3448.0959,3384.6966,3441.8454,35093411200,390326273819.7000,1
SSE_COMPOSITE,sh.000001,2021-05-12,3429.7544,3466.3708,3428.3944,3462.7513,31144454700,343860406432.6000,1
SSE_COMPOSITE,sh.000001,2021-05-13,3432.1380,3448.0169,3418.3846,3429.5361,31932532700,356376917818.6000,1
SSE_COMPOSITE,sh.000001,2021-05-14,3436.0919,3490.6437,3422.5649,3490.3762,33698230900,411116942849.1000,1
SSE_COMPOSITE,sh.000001,2021-05-17,3490.4091,3530.5055,3490.1438,3517.6158,32213596900,424476783398.0000,1
SSE_COMPOSITE,sh.000001,2021-05-18,3520.6488,3529.0144,3510.8620,3529.0144,27130855800,336028774653.5000,1
SSE_COMPOSITE,sh.000001,2021-05-19,3521.1097,3521.1097,3503.8151,3510.9647,27832111700,349973152293.4000,1
SSE_COMPOSITE,sh.000001,2021-05-20,3500.8773,3517.7399,3486.0662,3506.9444,32600933300,390355321486.4000,1
SSE_COMPOSITE,sh.000001,2021-05-21,3510.8353,3518.3769,3479.6744,3486.5569,28382628500,356025931292.5000,1
SSE_COMPOSITE,sh.000001,2021-05-24,3486.2711,3498.3037,3469.8746,3497.2821,28950924200,367181627934.0000,1
SSE_COMPOSITE,sh.000001,2021-05-25,3502.5390,3584.5774,3502.4429,3581.3418,34124112700,472213531433.2000,1
SSE_COMPOSITE,sh.000001,2021-05-26,3586.8388,3603.4881,3585.3695,3593.3570,34198028800,455831256660.6000,1
SSE_COMPOSITE,sh.000001,2021-05-27,3585.7337,3626.3584,3579.2601,3608.8507,30955148600,429004239270.6000,1
SSE_COMPOSITE,sh.000001,2021-05-28,3610.7668,3622.1801,3582.3580,3600.7844,34920883000,452445031965.2000,1
SSE_COMPOSITE,sh.000001,2021-05-31,3600.0702,3615.6568,3580.6524,3615.4773,33152377000,449694380975.5000,1
SSE_COMPOSITE,sh.000001,2021-06-01,3608.5978,3626.0737,3581.9115,3624.7138,35281141300,471663104796.7000,1
SSE_COMPOSITE,sh.000001,2021-06-02,3626.3283,3629.2896,3584.5955,3597.1379,34855842000,454678066375.6000,1
SSE_COMPOSITE,sh.000001,2021-06-03,3595.4215,3618.5067,3584.2054,3584.2121,35423303100,443506527329.2000,1
SSE_COMPOSITE,sh.000001,2021-06-04,3565.4716,3618.8001,3561.8907,3591.8447,33089303800,435280519932.9000,1
SSE_COMPOSITE,sh.000001,2021-06-07,3597.1413,3600.3759,3581.8988,3599.5410,30371867700,432219952222.2000,1
SSE_COMPOSITE,sh.000001,2021-06-08,3598.7527,3621.5227,3563.2503,3580.1063,30449147000,443161808007.8000,1
SSE_COMPOSITE,sh.000001,2021-06-09,3576.8015,3598.7082,3572.6364,3591.3965,29832329600,403236322753.9000,1
SSE_COMPOSITE,sh.000001,2021-06-10,3587.5282,3624.3433,3584.1332,3610.8590,31817480800,442117285383.9000,1
SSE_COMPOSITE,sh.000001,2021-06-11,3614.1134,3614.4038,3587.1491,3589.7481,36055497000,495372693064.5000,1
SSE_COMPOSITE,sh.000001,2021-06-15,3587.4658,3592.9465,3547.1870,3556.5590,34916856600,444719204218.3000,1
SSE_COMPOSITE,sh.000001,2021-06-16,3556.7139,3561.0921,3513.5592,3518.3292,31259730600,410609314681.0000,1
SSE_COMPOSITE,sh.000001,2021-06-17,3508.3170,3534.1976,3507.3535,3525.6042,27722991800,388761041679.4000,1
SSE_COMPOSITE,sh.000001,2021-06-18,3520.4966,3535.6221,3503.1833,3525.0968,29670858500,446297401403.1000,1
SSE_COMPOSITE,sh.000001,2021-06-21,3515.5006,3540.2959,3504.0075,3529.1826,28089827700,426562789148.1000,1
SSE_COMPOSITE,sh.000001,2021-06-22,3539.7876,3560.1946,3536.8120,3557.4120,30753639900,437092259173.4000,1
SSE_COMPOSITE,sh.000001,2021-06-23,3559.3988,3577.4661,3549.8482,3566.2199,31070951800,470347635637.0000,1
SSE_COMPOSITE,sh.000001,2021-06-24,3568.5758,3570.4874,3548.8161,3566.6539,33544075400,461273595569.7000,1
SSE_COMPOSITE,sh.000001,2021-06-25,3567.3772,3614.2981,3564.5199,3607.5618,34608783200,483898970868.6000,1
SSE_COMPOSITE,sh.000001,2021-06-28,3612.2469,3614.3574,3594.2174,3606.3722,32127497400,456029594401.3000,1
SSE_COMPOSITE,sh.000001,2021-06-29,3601.6772,3601.8265,3570.5253,3573.1779,30607117800,440898705225.1000,1
SSE_COMPOSITE,sh.000001,2021-06-30,3572.6236,3594.1185,3569.5010,3591.1970,26816281800,414698378933.5000,1
SSE_COMPOSITE,sh.000001,2021-07-01,3600.5464,3607.7049,3573.9374,3588.7816,29188319200,450639036987.4000,1
SSE_COMPOSITE,sh.000001,2021-07-02,3569.8919,3569.8919,3514.3386,3518.7595,29194554800,452263194296.0000,1
SSE_COMPOSITE,sh.000001,2021-07-05,3516.9228,3534.3222,3510.5781,3534.3222,28809483700,445431942146.6000,1
SSE_COMPOSITE,sh.000001,2021-07-06,3533.1304,3538.3470,3496.9276,3530.2589,31407021100,492886901185.7000,1
SSE_COMPOSITE,sh.000001,2021-07-07,3508.5901,3557.8790,3504.4723,3553.7155,31883918900,457607653225.2000,1
SSE_COMPOSITE,sh.000001,2021-07-08,3557.2177,3558.6772,3521.0579,3525.5039,35087785700,526858672969.7000,1
SSE_COMPOSITE,sh.000001,2021-07-09,3512.2334,3529.3098,3485.0543,3524.0881,34988431700,493020839328.1000,1
SSE_COMPOSITE,sh.000001,2021-07-12,3545.1977,3565.0321,3527.3927,3547.8362,40363955800,564759282705.9000,1
SSE_COMPOSITE,sh.000001,2021-07-13,3547.5897,3567.4813,3542.8154,3566.5225,36241671100,511917230695.4000,1
SSE_COMPOSITE,sh.000001,2021-07-14,3560.8281,3560.8281,3525.4938,3528.5011,37222172200,507716415421.5000,1
SSE_COMPOSITE,sh.000001,2021-07-15,3519.0630,3565.9347,3514.2580,3564.5902,36325916400,507481841307.9000,1
SSE_COMPOSITE,sh.000001,2021-07-16,3559.5260,3565.9992,3537.7288,3539.3038,36601477900,518640630071.4000,1
SSE_COMPOSITE,sh.000001,2021-07-19,3530.4932,3544.8793,3506.3423,3539.1225,33676094600,486952459447.0000,1
SSE_COMPOSITE,sh.000001,2021-07-20,3515.0718,3538.6361,3509.1916,3536.7905,29378059400,422649888643.3000,1
SSE_COMPOSITE,sh.000001,2021-07-21,3543.0534,3569.0898,3543.0534,3562.6611,33897874800,517239989150.0000,1
SSE_COMPOSITE,sh.000001,2021-07-22,3563.6608,3576.4732,3558.2933,3574.7344,38106705400,566769499164.9000,1
SSE_COMPOSITE,sh.000001,2021-07-23,3571.7152,3571.8541,3541.5101,3550.3964,44642124600,604195152712.6000,1
SSE_COMPOSITE,sh.000001,2021-07-26,3538.0143,3538.0143,3424.7424,3467.4409,44288220300,639061193803.4000,1
SSE_COMPOSITE,sh.000001,2021-07-27,3467.4473,3483.8738,3380.2763,3381.1833,46907544300,702741087489.6000,1
SSE_COMPOSITE,sh.000001,2021-07-28,3355.8189,3385.5360,3312.7206,3361.5895,39582541900,564697720125.2000,1
SSE_COMPOSITE,sh.000001,2021-07-29,3403.8383,3416.6071,3382.5710,3411.7240,34456942800,539748855382.9000,1
SSE_COMPOSITE,sh.000001,2021-07-30,3398.1960,3404.8813,3370.4506,3397.3574,38144095600,568820969728.0000,1
SSE_COMPOSITE,sh.000001,2021-08-02,3385.6902,3464.2914,3367.6430,3464.2854,43292787100,657885783920.1000,1
SSE_COMPOSITE,sh.000001,2021-08-03,3446.7841,3470.6571,3435.4619,3447.9914,40069808100,603419198485.3000,1
SSE_COMPOSITE,sh.000001,2021-08-04,3442.9368,3477.5972,3440.7835,3477.2186,34874421800,546820755983.3000,1
SSE_COMPOSITE,sh.000001,2021-08-05,3461.7185,3486.1572,3449.3885,3466.5491,34843692200,540401110891.4000,1
SSE_COMPOSITE,sh.000001,2021-08-06,3465.4842,3466.3904,3436.9317,3458.2277,33682440000,516406643135.9000,1
SSE_COMPOSITE,sh.000001,2021-08-09,3441.7502,3502.8410,3438.7030,3494.6348,34991009400,539498929566.9000,1
SSE_COMPOSITE,sh.000001,2021-08-10,3488.6642,3529.9309,3477.0641,3529.9309,34511299200,553440311801.5000,1
SSE_COMPOSITE,sh.000001,2021-08-11,3527.1093,3544.0941,3524.0444,3532.6213,38378355400,541942732599.5000,1
SSE_COMPOSITE,sh.000001,2021-08-12,3522.7238,3538.3960,3513.4457,3524.7374,38107459300,538163449854.1000,1
SSE_COMPOSITE,sh.000001,2021-08-13,3514.4671,3540.0799,3500.7995,3516.2989,37818728200,532907854295.3000,1
SSE_COMPOSITE,sh.000001,2021-08-16,3514.3445,3537.8500,3510.8976,3517.3447,39109972100,535458941417.3000,1
SSE_COMPOSITE,sh.000001,2021-08-17,3512.1090,3531.7249,3438.1233,3446.9760,42288580400,570430624019.0000,1
SSE_COMPOSITE,sh.000001,2021-08-18,3442.3472,3487.4364,3437.6908,3485.2859,38920375600,535463068065.5000,1
SSE_COMPOSITE,sh.000001,2021-08-19,3475.2980,3480.4598,3446.0146,3465.5546,38238303100,537926524371.7000,1
SSE_COMPOSITE,sh.000001,2021-08-20,3442.5062,3453.1531,3394.9723,3427.3338,39113691800,552667602551.7000,1
SSE_COMPOSITE,sh.000001,2021-08-23,3436.7963,3481.2543,3436.6706,3477.1321,38472744000,564308155513.8000,1
SSE_COMPOSITE,sh.000001,2021-08-24,3482.2658,3522.6973,3481.1409,3514.4710,43023646300,616084137941.8000,1
SSE_COMPOSITE,sh.000001,2021-08-25,3517.9151,3540.3948,3510.0664,3540.3837,45004701900,598611868655.4000,1
SSE_COMPOSITE,sh.000001,2021-08-26,3537.3139,3537.3155,3499.4529,3501.6643,50290314700,622393475972.1000,1
SSE_COMPOSITE,sh.000001,2021-08-27,3494.4176,3530.1927,3493.3750,3522.1567,45534590600,595518692637.8000,1
SSE_COMPOSITE,sh.000001,2021-08-30,3535.0727,3539.4940,3512.9929,3528.1512,51278571600,699116242830.1000,1
SSE_COMPOSITE,sh.000001,2021-08-31,3519.0245,3543.9402,3496.3891,3543.9402,52420505600,703504818921.0000,1
SSE_COMPOSITE,sh.000001,2021-09-01,3543.8663,3582.3236,3514.6744,3567.1008,66727630500,842528984364.2000,1
SSE_COMPOSITE,sh.000001,2021-09-02,3559.9025,3597.3656,3557.6769,3597.0426,57268403900,691113292774.5000,1
SSE_COMPOSITE,sh.000001,2021-09-03,3602.7421,3613.9480,3569.3989,3581.7344,61453235300,743840780596.8000,1
SSE_COMPOSITE,sh.000001,2021-09-06,3580.1413,3626.2865,3580.1413,3621.8593,52171327600,654085732918.6000,1
SSE_COMPOSITE,sh.000001,2021-09-07,3621.7099,3681.9254,3615.1444,3676.5866,54772187500,658867924825.1000,1
SSE_COMPOSITE,sh.000001,2021-09-08,3673.4023,3695.3204,3660.9998,3675.1865,58643619300,674348482657.3000,1
SSE_COMPOSITE,sh.000001,2021-09-09,3666.8246,3693.4499,3662.1633,3693.1296,60481033000,679465424376.3000,1
SSE_COMPOSITE,sh.000001,2021-09-10,3691.1856,3722.8732,3681.6415,3703.1103,63520043300,759084638082.2000,1
SSE_COMPOSITE,sh.000001,2021-09-13,3699.2534,3716.8315,3692.8157,3715.3723,55748401900,696192354652.1000,1
SSE_COMPOSITE,sh.000001,2021-09-14,3709.6336,3723.8451,3655.6341,3662.6015,56495238600,693778088251.5000,1
SSE_COMPOSITE,sh.000001,2021-09-15,3651.1583,3677.5265,3638.3225,3656.2232,47497000100,604231544087.7000,1
SSE_COMPOSITE,sh.000001,2021-09-16,3664.8410,3677.9198,3606.7276,3607.0922,54674147400,673955340424.8000,1
SSE_COMPOSITE,sh.000001,2021-09-17,3595.2715,3620.9575,3569.2707,3613.9663,51685021000,628834394261.2000,1
SSE_COMPOSITE,sh.000001,2021-09-22,3563.2074,3629.4539,3560.5033,3628.4897,47229605300,559874729606.3000,1
SSE_COMPOSITE,sh.000001,2021-09-23,3651.2661,3670.9542,3632.2822,3642.2204,53499548600,633218929071.3000,1
SSE_COMPOSITE,sh.000001,2021-09-24,3637.8677,3651.4294,3607.7919,3613.0673,50730477200,606788609082.6000,1
SSE_COMPOSITE,sh.000001,2021-09-27,3625.9597,3640.8077,3559.9154,3582.8307,51080279500,640673648233.4000,1
SSE_COMPOSITE,sh.000001,2021-09-28,3577.8859,3610.9170,3568.8189,3602.2184,44416880700,500081996059.9000,1
SSE_COMPOSITE,sh.000001,2021-09-29,3573.5178,3573.5178,3518.0477,3536.2944,45251115100,511106926314.6000,1
SSE_COMPOSITE,sh.000001,2021-09-30,3541.9283,3572.4259,3541.9283,3568.1668,39562962600,445734703143.3000,1
SSE_COMPOSITE,sh.000001,2021-10-08,3609.0874,3612.5539,3571.7338,3592.1666,40716114800,492964826434.7000,1
SSE_COMPOSITE,sh.000001,2021-10-11,3600.3569,3614.6988,3586.7487,3591.7087,39436115900,468673831444.8000,1
SSE_COMPOSITE,sh.000001,2021-10-12,3581.2967,3583.6391,3515.1408,3546.9362,40539374800,461983492101.9000,1
SSE_COMPOSITE,sh.000001,2021-10-13,3543.4918,3569.1332,3515.6481,3561.7623,32505066700,405020008806.9000,1
SSE_COMPOSITE,sh.000001,2021-10-14,3555.1085,3569.6864,3547.1820,3558.2795,29496919600,377519263093.5000,1
SSE_COMPOSITE,sh.000001,2021-10-15,3551.9874,3578.7661,3542.6932,3572.3662,32029298400,425924720863.9000,1
SSE_COMPOSITE,sh.000001,2021-10-18,3571.0482,3571.0482,3539.4779,3568.1379,34095061600,455787893424.6000,1
SSE_COMPOSITE,sh.000001,2021-10-19,3562.2955,3596.7875,3560.6221,3593.1533,33419765200,440181531800.2000,1
SSE_COMPOSITE,sh.000001,2021-10-20,3583.2364,3596.0499,3574.2957,3587.0009,34424500800,450482950931.8000,1
SSE_COMPOSITE,sh.000001,2021-10-21,3590.0496,3610.9602,3576.3547,3594.7831,35231086700,453571672488.3000,1
SSE_COMPOSITE,sh.000001,2021-10-22,3594.7457,3607.5776,3578.7602,3582.6036,35315720300,455441250136.4000,1
SSE_COMPOSITE,sh.000001,2021-10-25,3574.2631,3611.0908,3564.2059,3609.8626,32119681600,443961628844.7000,1
SSE_COMPOSITE,sh.000001,2021-10-26,3612.8332,3625.0156,3589.7060,3597.6377,33727829100,465179593747.4000,1
SSE_COMPOSITE,sh.000001,2021-10-27,3589.8573,3589.8573,3553.1277,3562.3052,35062094000,470777794111.8000,1
SSE_COMPOSITE,sh.000001,2021-10-28,3548.7021,3552.0419,3509.4872,3518.4166,37817166600,502982768104.7000,1
SSE_COMPOSITE,sh.000001,2021-10-29,3519.3276,3547.3361,3502.8013,3547.3361,35880937700,527231831380.4000,1
SSE_COMPOSITE,sh.000001,2021-11-01,3530.3963,3556.5900,3519.2901,3544.4795,38225132500,564100255083.6000,1
SSE_COMPOSITE,sh.000001,2021-11-02,3543.3827,3559.0478,3477.6640,3505.6283,41756317300,585519469752.3000,1
SSE_COMPOSITE,sh.000001,2021-11-03,3501.1051,3512.6089,3480.4877,3498.5368,30660766900,449115126719.8000,1
SSE_COMPOSITE,sh.000001,2021-11-04,3505.8944,3527.9517,3503.0059,3526.8657,31944082900,468829179598.2000,1
SSE_COMPOSITE,sh.000001,2021-11-05,3520.2073,3525.8723,3491.4565,3491.5677,35453356500,485823223512.6000,1
SSE_COMPOSITE,sh.000001,2021-11-08,3491.9709,3507.2744,3484.2399,3498.6308,29818372200,421968075350.8000,1
SSE_COMPOSITE,sh.000001,2021-11-09,3507.1075,3514.9512,3489.0431,3507.0018,28731598900,421200703325.6000,1
SSE_COMPOSITE,sh.000001,2021-11-10,3498.9445,3498.9445,3448.4378,3492.4616,30703070800,443112742292.4000,1
SSE_COMPOSITE,sh.000001,2021-11-11,3486.4510,3534.1991,3482.8291,3532.7858,32208795700,464803859154.0000,1
SSE_COMPOSITE,sh.000001,2021-11-12,3534.1512,3543.6480,3527.3896,3539.1002,30868335400,443398366972.6000,1
SSE_COMPOSITE,sh.000001,2021-11-15,3542.9034,3550.4438,3521.2924,3533.3026,31301761200,464065405724.2000,1
SSE_COMPOSITE,sh.000001,2021-11-16,3530.4575,3549.7654,3517.8065,3521.7867,31039990900,444700782764.8000,1
SSE_COMPOSITE,sh.000001,2021-11-17,3518.5646,3537.5125,3513.5230,3537.3662,27673567100,401552317882.5000,1
SSE_COMPOSITE,sh.000001,2021-11-18,3531.4923,3537.9758,3513.1136,3520.7106,31242692700,432898314219.4000,1
SSE_COMPOSITE,sh.000001,2021-11-19,3519.2758,3561.9127,3517.6514,3560.3734,31798997600,440593605999.1000,1
SSE_COMPOSITE,sh.000001,2021-11-22,3562.7628,3585.1876,3562.7505,3582.0797,33000938500,509123407001.0000,1
SSE_COMPOSITE,sh.000001,2021-11-23,3580.5058,3598.3749,3577.3608,3589.0894,36001159300,508083893762.4000,1
SSE_COMPOSITE,sh.000001,2021-11-24,3590.0189,3602.7354,3575.2884,3592.7025,33677524600,481020419983.3000,1
SSE_COMPOSITE,sh.000001,2021-11-25,3593.3883,3597.1478,3579.5333,3584.1788,30645151800,450558843113.7000,1
SSE_COMPOSITE,sh.000001,2021-11-26,3576.1136,3576.1136,3554.8798,3564.0894,30100006600,434625236058.4000,1
SSE_COMPOSITE,sh.000001,2021-11-29,3528.6720,3563.6770,3526.3551,3562.6968,33361833100,490038170242.3000,1
SSE_COMPOSITE,sh.000001,2021-11-30,3570.7468,3582.1150,3546.3618,3563.8872,34918793800,493605518047.7000,1
SSE_COMPOSITE,sh.000001,2021-12-01,3561.8860,3576.8853,3558.6910,3576.8853,32987351700,467522790618.6000,1
SSE_COMPOSITE,sh.000001,2021-12-02,3573.2468,3586.8670,3567.1370,3573.8358,35404152400,468424828237.9000,1
SSE_COMPOSITE,sh.000001,2021-12-03,3576.4496,3608.4698,3573.2135,3607.4322,37755104800,493565554762.0000,1
SSE_COMPOSITE,sh.000001,2021-12-06,3615.2356,3626.1257,3586.8052,3589.3061,41867674300,528229670826.2000,1
SSE_COMPOSITE,sh.000001,2021-12-07,3611.2170,3614.2228,3572.5688,3595.0882,40384259400,524119459396.5000,1
SSE_COMPOSITE,sh.000001,2021-12-08,3602.8240,3637.7150,3591.9857,3637.5675,36103665700,486034352141.6000,1
SSE_COMPOSITE,sh.000001,2021-12-09,3641.1579,3688.3968,3638.7022,3673.0412,43191815700,568529389584.2000,1
SSE_COMPOSITE,sh.000001,2021-12-10,3654.3684,3667.8547,3651.3525,3666.3479,41998880100,556324240458.9000,1
SSE_COMPOSITE,sh.000001,2021-12-13,3686.9368,3708.9424,3678.0583,3681.0820,42409200900,574187961681.6000,1
SSE_COMPOSITE,sh.000001,2021-12-14,3669.8067,3671.6784,3654.6561,3661.5253,36217193400,487468521311.8000,1
SSE_COMPOSITE,sh.000001,2021-12-15,3655.0489,3668.4016,3645.2425,3647.6303,37747766700,481134370303.0000,1
SSE_COMPOSITE,sh.000001,2021-12-16,3648.9271,3675.0160,3644.6646,3675.0160,38132950700,465911359475.0000,1
SSE_COMPOSITE,sh.000001,2021-12-17,3670.2578,3673.6535,3631.6605,3632.3638,40848783700,491952923488.6000,1
SSE_COMPOSITE,sh.000001,2021-12-20,3620.0371,3643.9537,3589.3603,3593.6019,42385141000,491828987623.9000,1
SSE_COMPOSITE,sh.000001,2021-12-21,3591.4519,3627.0884,3591.4519,3625.1251,40818434800,428379392341.4000,1
SSE_COMPOSITE,sh.000001,2021-12-22,3632.6763,3635.8992,3616.5477,3622.6178,39482517700,432451306637.3000,1
SSE_COMPOSITE,sh.000001,2021-12-23,3625.4695,3643.5459,3618.0480,3643.3391,38292573400,449988152723.4000,1
SSE_COMPOSITE,sh.000001,2021-12-24,3645.3948,3648.9556,3612.0673,3618.0535,39034762500,476261146266.8000,1
SSE_COMPOSITE,sh.000001,2021-12-27,3613.0469,3632.1880,3601.9351,3615.9741,32923529300,407482648446.3000,1
SSE_COMPOSITE,sh.000001,2021-12-28,3619.6419,3631.0766,3607.3643,3630.1115,31620224200,408761369695.7000,1
SSE_COMPOSITE,sh.000001,2021-12-29,3630.9159,3630.9159,3596.3225,3597.0002,30513176600,410425339496.9000,1
SSE_COMPOSITE,sh.000001,2021-12-30,3596.4921,3628.9177,3595.4957,3619.1886,30783929100,413947692796.1000,1
SSE_COMPOSITE,sh.000001,2021-12-31,3626.2420,3642.8430,3624.9419,3639.7754,32968193200,433489803103.5000,1
SSE_COMPOSITE,sh.000001,2022-01-04,3649.1510,3651.8924,3610.0922,3632.3289,40502776900,510251060624.8000,1
SSE_COMPOSITE,sh.000001,2022-01-05,3628.2634,3628.2634,3583.4668,3595.1761,42390202800,538963631684.2000,1
SSE_COMPOSITE,sh.000001,2022-01-06,3581.2184,3594.4890,3559.8803,3586.0792,37154054300,474284290005.4000,1
SSE_COMPOSITE,sh.000001,2022-01-07,3588.9851,3607.2316,3577.0976,3579.5427,43630696100,502891435426.0000,1
SSE_COMPOSITE,sh.000001,2022-01-10,3572.7434,3593.5187,3555.1255,3593.5187,35622261000,443400848592.4000,1
SSE_COMPOSITE,sh.000001,2022-01-11,3589.9043,3602.1454,3562.7541,3567.4409,35976186300,441300566933.6000,1
SSE_COMPOSITE,sh.000001,2022-01-12,3578.1629,3599.4993,3572.0965,3597.4321,34313295600,435817892979.5000,1
SSE_COMPOSITE,sh.000001,2022-01-13,3601.0265,3601.0725,3555.1576,3555.2585,36936836500,457005419279.0000,1
SSE_COMPOSITE,sh.000001,2022-01-14,3544.0652,3548.4204,3519.3222,3521.2559,37693702400,463197641865.6000,1
SSE_COMPOSITE,sh.000001,2022-01-17,3522.0851,3546.0853,3519.4257,3541.6660,31288673300,438272981569.4000,1
SSE_COMPOSITE,sh.000001,2022-01-18,3541.8899,3579.3126,3531.3295,3569.9144,37714643500,470832038609.3000,1
SSE_COMPOSITE,sh.000001,2022-01-19,3567.6309,3578.7348,3541.6619,3558.1796,33323526900,420763364209.5000,1
SSE_COMPOSITE,sh.000001,2022-01-20,3556.2262,3576.2594,3540.5545,3555.0629,37950984600,459701843414.5000,1
SSE_COMPOSITE,sh.000001,2022-01-21,3546.7495,3547.0003,3514.8853,3522.5679,32653488000,417768922557.8000,1
SSE_COMPOSITE,sh.000001,2022-01-24,3508.2441,3531.6081,3500.1391,3524.1050,28026834200,358009694270.3000,1
SSE_COMPOSITE,sh.000001,2022-01-25,3509.2847,3519.8334,3433.0612,3433.0612,32735381300,383727737453.7000,1
SSE_COMPOSITE,sh.000001,2022-01-26,3442.6916,3462.1233,3417.7585,3455.6679,27512282800,338312361452.2000,1
SSE_COMPOSITE,sh.000001,2022-01-27,3456.1021,3456.3630,3392.0154,3394.2474,28060653400,346533957923.7000,1
SSE_COMPOSITE,sh.000001,2022-01-28,3407.5933,3417.0453,3356.5558,3361.4397,29085525700,353774612581.0000,1
SSE_COMPOSITE,sh.000001,2022-02-07,3407.7621,3434.0256,3407.7621,3429.5809,32048521100,357140422916.9000,1
SSE_COMPOSITE,sh.000001,2022-02-08,3428.5424,3453.1863,3390.4578,3452.6288,36609386500,387969865736.4000,1
SSE_COMPOSITE,sh.000001,2022-02-09,3450.8180,3484.7390,3444.0848,3479.9458,35024993600,393719989770.0000,1
SSE_COMPOSITE,sh.000001,2022-02-10,3481.9101,3488.8552,3464.2169,3485.9071,35566626700,404969419399.4000,1
SSE_COMPOSITE,sh.000001,2022-02-11,3472.2757,3500.1471,3459.3299,3462.9479,36135609000,426297923498.3000,1
SSE_COMPOSITE,sh.000001,2022-02-14,3451.8468,3457.2645,3415.4463,3428.8821,31527444800,361677855097.5000,1
SSE_COMPOSITE,sh.000001,2022-02-15,3428.0447,3447.4917,3421.6403,3446.0885,27555932200,341638876451.7000,1
SSE_COMPOSITE,sh.000001,2022-02-16,3457.0730,3475.0576,3453.8014,3465.8305,27499391300,325563412529.2000,1
SSE_COMPOSITE,sh.000001,2022-02-17,3464.2091,3480.9719,3454.2767,3468.0354,29726268200,355783125696.6000,1
SSE_COMPOSITE,sh.000001,2022-02-18,3451.6318,3490.7573,3447.0273,3490.7573,29514996300,327220393283.1000,1
SSE_COMPOSITE,sh.000001,2022-02-21,3488.4057,3492.1994,3471.6858,3490.6123,30154174000,345398586146.4000,1
SSE_COMPOSITE,sh.000001,2022-02-22,3473.2874,3473.3931,3437.6717,3457.1460,32627948400,387678927613.7000,1
SSE_COMPOSITE,sh.000001,2022-02-23,3458.5139,3490.7633,3458.1795,3489.1465,32560489500,415630339823.4000,1
SSE_COMPOSITE,sh.000001,2022-02-24,3474.3692,3486.9773,3400.2136,3429.9564,48835490100,569794044219.7000,1
SSE_COMPOSITE,sh.000001,2022-02-25,3445.3361,3480.1756,3440.9339,3451.4061,37754255600,441659490622.0000,1
SSE_COMPOSITE,sh.000001,2022-02-28,3450.3155,3462.3064,3425.5162,3462.3064,34583838800,413804526723.6000,1
SSE_COMPOSITE,sh.000001,2022-03-01,3471.3646,3491.1317,3465.7154,3488.8347,32600166200,412562471160.4000,1
SSE_COMPOSITE,sh.000001,2022-03-02,3478.2925,3486.6206,3466.9999,3484.1916,32936768400,380143816188.0000,1
SSE_COMPOSITE,sh.000001,2022-03-03,3495.9280,3500.2872,3473.3376,3481.1125,41259428900,443621777161.5000,1
SSE_COMPOSITE,sh.000001,2022-03-04,3459.9845,3474.8816,3437.6964,3447.6490,39352658100,430669055303.2000,1
SSE_COMPOSITE,sh.000001,2022-03-07,3438.5602,3438.5602,3360.7393,3372.8552,39358899900,458156894790.9000,1
SSE_COMPOSITE,sh.000001,2022-03-08,3372.5546,3383.6326,3287.3412,3293.5301,41592676600,485623581003.9000,1
SSE_COMPOSITE,sh.000001,2022-03-09,3303.7060,3321.4811,3147.6768,3256.3884,46628556900,519833299622.0000,1
SSE_COMPOSITE,sh.000001,2022-03-10,3312.1789,3326.5827,3291.2352,3296.0922,37833637600,466084008360.9000,1
SSE_COMPOSITE,sh.000001,2022-03-11,3259.3227,3315.6603,3217.4185,3309.7467,38406712700,458687054696.0000,1
SSE_COMPOSITE,sh.000001,2022-03-14,3271.8902,3297.7973,3223.5328,3223.5328,33796868700,418055596108.9000,1
SSE_COMPOSITE,sh.000001,2022-03-15,3192.3637,3196.9161,3063.9652,3063.9652,46503716400,508158410060.0000,1
SSE_COMPOSITE,sh.000001,2022-03-16,3107.6690,3177.7882,3023.3045,3170.7103,44466718900,522305342485.2000,1
SSE_COMPOSITE,sh.000001,2022-03-17,3215.0105,3260.1673,3202.9337,3215.0445,42081345800,532549484015.7000,1
SSE_COMPOSITE,sh.000001,2022-03-18,3207.1522,3260.7829,3197.3578,3251.0724,37303561100,428415081636.7000,1
SSE_COMPOSITE,sh.000001,2022-03-21,3255.6152,3267.4982,3223.3892,3253.6857,35422848800,421076289728.0000,1
SSE_COMPOSITE,sh.000001,2022-03-22,3249.5428,3279.1127,3239.5323,3259.8619,36119615800,402798964045.8000,1
SSE_COMPOSITE,sh.000001,2022-03-23,3264.7923,3279.8868,3251.9817,3271.0325,34987537000,405422033501.5000,1
SSE_COMPOSITE,sh.000001,2022-03-24,3256.0573,3266.8866,3236.6592,3250.2644,32900665400,390727516516.5000,1
SSE_COMPOSITE,sh.000001,2022-03-25,3247.1568,3257.1061,3211.6445,3212.2399,34002000600,389770395977.7000,1
SSE_COMPOSITE,sh.000001,2022-03-28,3185.1668,3230.2153,3159.8348,3214.5027,34499487300,374472279969.9000,1
SSE_COMPOSITE,sh.000001,2022-03-29,3216.0118,3229.1766,3196.4553,3203.9393,31627364900,363964468654.2000,1
SSE_COMPOSITE,sh.000001,2022-03-30,3217.5921,3266.5959,3216.3023,3266.5959,36675367700,413008941329.0000,1
SSE_COMPOSITE,sh.000001,2022-03-31,3256.1369,3272.0400,3246.0630,3252.2029,39843993400,428089033635.3000,1
SSE_COMPOSITE,sh.000001,2022-04-01,3234.6680,3287.2285,3226.2965,3282.7166,37821046000,405675715433.2000,1
SSE_COMPOSITE,sh.000001,2022-04-06,3269.4270,3288.1080,3255.6894,3283.4261,42964277900,433556392484.4000,1
SSE_COMPOSITE,sh.000001,2022-04-07,3267.8103,3290.2561,3236.4791,3236.6951,40262666000,398081845472.6000,1
SSE_COMPOSITE,sh.000001,2022-04-08,3239.8767,3257.0938,3208.3521,3251.8502,41382679900,414037258374.8000,1
SSE_COMPOSITE,sh.000001,2022-04-11,3239.8550,3239.8550,3156.5066,3167.1259,42416018500,435129505094.7000,1
SSE_COMPOSITE,sh.000001,2022-04-12,3165.1197,3214.5359,3140.8998,3213.3295,41832192300,422455849024.5000,1
SSE_COMPOSITE,sh.000001,2022-04-13,3199.7972,3225.4670,3183.5330,3186.8244,39115692500,398216898477.4000,1
SSE_COMPOSITE,sh.000001,2022-04-14,3203.6337,3240.0014,3200.2346,3225.6412,37124234400,401191632081.2000,1
SSE_COMPOSITE,sh.000001,2022-04-15,3210.6996,3229.8655,3200.1332,3211.2448,40784208200,413498819916.5000,1
SSE_COMPOSITE,sh.000001,2022-04-18,3185.9428,3204.0274,3166.9782,3195.5240,34736512300,366380807917.7000,1
SSE_COMPOSITE,sh.000001,2022-04-19,3192.0924,3207.8276,3174.7138,3194.0287,33994410400,362769876685.7000,1
SSE_COMPOSITE,sh.000001,2022-04-20,3189.8912,3191.8315,3142.0485,3151.0498,36204703700,373572708095.7000,1
SSE_COMPOSITE,sh.000001,2022-04-21,3138.4276,3160.8994,3069.6809,3079.8077,39193469400,396542033946.7000,1
SSE_COMPOSITE,sh.000001,2022-04-22,3058.4044,3105.6552,3049.3555,3086.9193,34200056300,348793631074.8000,1
SSE_COMPOSITE,sh.000001,2022-04-25,3034.2667,3043.8156,2928.5096,2928.5118,43360610800,427077210434.4000,1
SSE_COMPOSITE,sh.000001,2022-04-26,2930.4532,2957.6800,2878.2563,2886.4257,40161515400,395985961275.4000,1
SSE_COMPOSITE,sh.000001,2022-04-27,2866.8161,2959.1781,2863.6497,2958.2820,42306019100,422928346515.2000,1
SSE_COMPOSITE,sh.000001,2022-04-28,2945.8109,2991.5101,2936.7941,2975.4848,37537177500,388743021897.8000,1
SSE_COMPOSITE,sh.000001,2022-04-29,2986.0606,3048.4941,2968.3340,3047.0624,42393279400,440422728847.8000,1
SSE_COMPOSITE,sh.000001,2022-05-05,3044.8491,3082.2295,3042.1155,3067.7587,38307287500,409352003238.8000,1
SSE_COMPOSITE,sh.000001,2022-05-06,3011.3187,3030.6926,2992.7152,3001.5605,34326421800,346214397719.6000,1
SSE_COMPOSITE,sh.000001,2022-05-09,2990.1990,3015.9425,2983.6119,3004.1409,29206155600,299983258910.4000,1
SSE_COMPOSITE,sh.000001,2022-05-10,2965.7759,3043.7789,2957.3968,3035.8442,37066098000,384012598374.9000,1
SSE_COMPOSITE,sh.000001,2022-05-11,3035.3893,3100.8998,3034.6745,3058.7027,42399191200,472963382230.8000,1
SSE_COMPOSITE,sh.000001,2022-05-12,3044.7997,3072.1574,3032.9452,3054.9940,34444047700,368879652308.0000,1
SSE_COMPOSITE,sh.000001,2022-05-13,3068.0331,3086.0957,3059.2527,3084.2845,33173785200,340942192652.9000,1
SSE_COMPOSITE,sh.000001,2022-05-16,3100.5500,3102.5770,3063.3977,3073.7488,33810849200,348957705493.7000,1
SSE_COMPOSITE,sh.000001,2022-05-17,3076.4982,3093.6965,3057.6406,3093.6965,33035653700,351671298470.6000,1
SSE_COMPOSITE,sh.000001,2022-05-18,3095.8862,3105.8419,3071.3050,3085.9768,31503792300,338849162214.0000,1
SSE_COMPOSITE,sh.000001,2022-05-19,3046.7104,3096.9648,3042.6742,3096.9648,33660074900,360018210692.0000,1
SSE_COMPOSITE,sh.000001,2022-05-20,3107.0941,3146.5673,3107.0941,3146.5673,37233663600,415306218189.0000,1
SSE_COMPOSITE,sh.000001,2022-05-23,3150.4898,3150.5093,3127.8986,3146.8573,35337632500,381178569221.6000,1
SSE_COMPOSITE,sh.000001,2022-05-24,3149.0590,3153.1299,3070.9272,3070.9272,41631215800,438605376463.8000,1
SSE_COMPOSITE,sh.000001,2022-05-25,3070.1702,3107.6279,3069.9459,3107.4641,34225922700,342322167668.5000,1
SSE_COMPOSITE,sh.000001,2022-05-26,3111.4817,3133.2767,3079.4812,3123.1079,37030551800,377364655262.0000,1
SSE_COMPOSITE,sh.000001,2022-05-27,3135.0315,3151.0470,3112.5443,3130.2394,35946386600,372631595527.1000,1
SSE_COMPOSITE,sh.000001,2022-05-30,3141.9560,3150.8923,3123.1495,3149.0607,34936228500,376667694193.1000,1
SSE_COMPOSITE,sh.000001,2022-05-31,3149.9443,3188.6026,3142.0044,3186.4271,37452326500,432528021880.2000,1
SSE_COMPOSITE,sh.000001,2022-06-01,3179.6949,3190.6094,3160.0399,3182.1566,36566443200,402419941241.2000,1
SSE_COMPOSITE,sh.000001,2022-06-02,3170.3055,3197.2818,3163.7555,3195.4580,36177063200,413729263916.9000,1
SSE_COMPOSITE,sh.000001,2022-06-06,3196.9552,3237.0710,3181.6470,3236.3719,42202783500,517314346904.0000,1
SSE_COMPOSITE,sh.000001,2022-06-07,3235.4160,3253.0930,3222.6354,3241.7635,40220322000,482203196909.9000,1
SSE_COMPOSITE,sh.000001,2022-06-08,3245.0173,3266.6298,3216.0148,3263.7934,43418327000,508408534896.8000,1
SSE_COMPOSITE,sh.000001,2022-06-09,3259.4899,3270.5571,3223.4751,3238.9543,42272837200,468458214289.7000,1
SSE_COMPOSITE,sh.000001,2022-06-10,3214.1848,3286.6195,3210.8083,3284.8341,43986573000,504153681088.1000,1
SSE_COMPOSITE,sh.000001,2022-06-13,3256.2750,3272.9906,3229.3089,3255.5511,43857831200,511966171759.0000,1
SSE_COMPOSITE,sh.000001,2022-06-14,3224.2141,3289.1343,3195.8192,3288.9066,45038818700,513844989478.5000,1
SSE_COMPOSITE,sh.000001,2022-06-15,3289.1036,3358.5453,3288.8512,3305.4066,55058413100,621972527662.7000,1
SSE_COMPOSITE,sh.000001,2022-06-16,3306.8353,3319.6890,3277.5306,3285.3845,43322086800,506053993841.4000,1
SSE_COMPOSITE,sh.000001,2022-06-17,3265.5124,3323.2797,3262.8936,3316.7857,39530070000,497252170221.9000,1
SSE_COMPOSITE,sh.000001,2022-06-20,3315.7833,3333.9025,3292.9279,3315.4302,41346041000,527751758046.3000,1
SSE_COMPOSITE,sh.000001,2022-06-21,3313.7874,3329.3900,3279.8269,3306.7186,39445689100,471793645369.8000,1
SSE_COMPOSITE,sh.000001,2022-06-22,3309.1184,3311.0209,3266.5427,3267.2016,37552978200,440850994256.2000,1
SSE_COMPOSITE,sh.000001,2022-06-23,3269.0545,3320.1487,3262.2939,3320.1487,40061421100,474200107521.5000,1
SSE_COMPOSITE,sh.000001,2022-06-24,3324.7360,3356.7145,3322.9496,3349.7470,39081973400,509615998469.1000,1
SSE_COMPOSITE,sh.000001,2022-06-27,3364.0030,3393.3091,3364.0030,3379.1852,41411773800,541573846134.1000,1
SSE_COMPOSITE,sh.000001,2022-06-28,3377.6793,3412.1017,3358.8666,3409.2103,41205651600,525512509334.6000,1
SSE_COMPOSITE,sh.000001,2022-06-29,3399.6779,3414.6467,3358.4676,3361.5177,44057355900,561306976812.3000,1
SSE_COMPOSITE,sh.000001,2022-06-30,3358.9338,3417.0085,3358.9338,3398.6161,38124317800,510307202947.5000,1
SSE_COMPOSITE,sh.000001,2022-07-01,3400.2616,3404.0523,3378.3621,3387.6373,35048929900,458435288455.9000,1
SSE_COMPOSITE,sh.000001,2022-07-04,3381.8194,3405.6185,3364.0947,3405.4267,35773791900,489347955346.8000,1
SSE_COMPOSITE,sh.000001,2022-07-05,3411.1297,3424.8366,3372.0623,3404.0252,41169967200,516605703877.7000,1
SSE_COMPOSITE,sh.000001,2022-07-06,3391.0265,3391.0265,3333.0965,3355.3497,38463004700,487474666924.4000,1
SSE_COMPOSITE,sh.000001,2022-07-07,3353.1283,3375.8595,3332.3092,3364.3980,33440020200,438203112921.0000,1
SSE_COMPOSITE,sh.000001,2022-07-08,3380.3686,3386.3149,3354.1209,3356.0778,32292107200,421883933132.7000,1
SSE_COMPOSITE,sh.000001,2022-07-11,3341.1016,3341.1016,3297.0050,3313.5840,34266919300,424942266312.8000,1
SSE_COMPOSITE,sh.000001,2022-07-12,3307.2211,3319.2512,3277.0794,3281.4665,33460053900,410950560718.3000,1
SSE_COMPOSITE,sh.000001,2022-07-13,3279.6025,3297.0185,3266.4811,3284.2918,33184566900,394134617511.0000,1
SSE_COMPOSITE,sh.000001,2022-07-14,3277.4545,3299.2512,3261.4934,3281.7440,35592643200,431969353547.9000,1
SSE_COMPOSITE,sh.000001,2022-07-15,3261.3826,3288.9198,3228.0609,3228.0609,38015637100,460877019141.4000,1
SSE_COMPOSITE,sh.000001,2022-07-18,3235.0881,3278.4715,3226.2315,3278.1033,34834602200,423357272299.7000,1
SSE_COMPOSITE,sh.000001,2022-07-19,3278.7221,3283.9295,3256.0152,3279.4313,31565191800,396042358323.1000,1
SSE_COMPOSITE,sh.000001,2022-07-20,3291.5507,3308.3472,3287.7441,3304.7243,30151512300,383422746838.4000,1
SSE_COMPOSITE,sh.000001,2022-07-21,3297.6614,3300.5345,3272.0012,3272.0012,33235870700,420696576741.5000,1
SSE_COMPOSITE,sh.000001,2022-07-22,3276.1966,3293.6439,3246.7313,3269.9739,30069006600,383576011593.0000,1
SSE_COMPOSITE,sh.000001,2022-07-25,3269.7070,3273.1836,3243.0311,3250.3880,27124574400,348281870965.0000,1
SSE_COMPOSITE,sh.000001,2022-07-26,3254.1852,3282.4133,3246.0440,3277.4356,25946867600,334421587036.2000,1
SSE_COMPOSITE,sh.000001,2022-07-27,3271.7825,3282.5739,3265.7267,3275.7553,24913148500,339768241053.0000,1
SSE_COMPOSITE,sh.000001,2022-07-28,3287.5019,3305.7057,3277.1078,3282.5758,28805505600,395925555549.0000,1
SSE_COMPOSITE,sh.000001,2022-07-29,3282.8114,3294.8045,3246.3677,3253.2382,30733104700,410553093404.4000,1
SSE_COMPOSITE,sh.000001,2022-08-01,3246.6161,3264.3041,3225.5533,3259.9585,29220480500,399000239744.0000,1
SSE_COMPOSITE,sh.000001,2022-08-02,3231.2621,3231.2621,3155.1866,3186.2664,39417616800,475962696161.0000,1
SSE_COMPOSITE,sh.000001,2022-08-03,3188.8906,3217.5496,3159.4570,3163.6741,32488567300,455409764942.7000,1
SSE_COMPOSITE,sh.000001,2022-08-04,3179.4278,3190.9992,3155.7039,3189.0391,26089894300,371146916077.8000,1
SSE_COMPOSITE,sh.000001,2022-08-05,3195.2274,3228.8863,3184.4549,3227.0267,27468372900,414055641493.2000,1
SSE_COMPOSITE,sh.000001,2022-08-08,3218.8511,3237.9693,3214.0826,3236.9337,25426805000,392277178489.9000,1
SSE_COMPOSITE,sh.000001,2022-08-09,3235.7351,3248.7718,3227.5394,3247.4318,25960546700,391415560267.1000,1
SSE_COMPOSITE,sh.000001,2022-08-10,3242.3622,3253.1662,3217.8065,3230.0200,25758359200,390066120147.4000,1
SSE_COMPOSITE,sh.000001,2022-08-11,3243.4716,3281.6654,3237.9041,3281.6654,30060537600,427399149616.3000,1
SSE_COMPOSITE,sh.000001,2022-08-12,3275.7700,3288.2233,3272.8406,3276.8877,29993292800,403906156288.7000,1
SSE_COMPOSITE,sh.000001,2022-08-15,3268.3653,3286.8910,3261.8151,3276.0870,28710677300,387257744646.1000,1
SSE_COMPOSITE,sh.000001,2022-08-16,3278.6756,3295.0226,3271.5703,3277.8847,30359227400,409210082291.4000,1
SSE_COMPOSITE,sh.000001,2022-08-17,3282.1008,3295.9976,3263.3483,3292.5260,32612475900,423859011368.3000,1
SSE_COMPOSITE,sh.000001,2022-08-18,3286.3669,3289.1415,3270.5584,3277.5438,30169477800,418075199680.1000,1
SSE_COMPOSITE,sh.000001,2022-08-19,3275.6229,3286.4911,3258.0637,3258.0784,33353547100,457863361108.2000,1
SSE_COMPOSITE,sh.000001,2022-08-22,3249.7046,3278.1655,3247.1870,3277.7943,31453786900,427653295825.9000,1
SSE_COMPOSITE,sh.000001,2022-08-23,3274.4270,3284.5963,3262.6331,3276.2234,31656635600,418311743962.9000,1
SSE_COMPOSITE,sh.000001,2022-08-24,3279.1716,3281.8752,3212.3860,3215.2033,36614057700,458360278355.2000,1
SSE_COMPOSITE,sh.000001,2022-08-25,3223.4645,3248.3505,3199.1242,3246.2481,33619616500,419464277028.1000,1
SSE_COMPOSITE,sh.000001,2022-08-26,3250.6276,3266.2737,3232.2766,3236.2226,30992755400,397556251308.6000,1
SSE_COMPOSITE,sh.000001,2022-08-29,3203.1022,3240.7275,3198.9960,3240.7275,29701509700,363729979752.0000,1
SSE_COMPOSITE,sh.000001,2022-08-30,3240.1835,3243.7460,3212.6346,3227.2203,29431891400,353775673849.4000,1
SSE_COMPOSITE,sh.000001,2022-08-31,3216.5257,3232.0158,3184.3936,3202.1378,34440882900,431758007416.9000,1
SSE_COMPOSITE,sh.000001,2022-09-01,3196.5367,3214.5583,3181.6256,3184.9797,27466054100,336978641198.7000,1
SSE_COMPOSITE,sh.000001,2022-09-02,3189.6439,3198.2812,3173.7929,3186.4781,25045691100,313337604115.4000,1
SSE_COMPOSITE,sh.000001,2022-09-05,3183.9460,3199.9118,3172.0394,3199.9118,28067563300,339591536253.1000,1
SSE_COMPOSITE,sh.000001,2022-09-06,3207.9330,3244.6353,3203.8161,3243.4466,31886968900,378636070327.5000,1
SSE_COMPOSITE,sh.000001,2022-09-07,3232.1368,3253.7671,3227.8225,3246.2943,30101446600,368608741474.6000,1
SSE_COMPOSITE,sh.000001,2022-09-08,3245.5570,3253.7005,3233.8007,3235.5862,28168035800,328657091591.2000,1
SSE_COMPOSITE,sh.000001,2022-09-09,3241.1809,3266.1974,3236.5078,3262.0542,28382766500,338566713309.5000,1
SSE_COMPOSITE,sh.000001,2022-09-13,3272.0492,3278.1659,3259.6644,3263.7972,27618982300,339021890619.5000,1
SSE_COMPOSITE,sh.000001,2022-09-14,3224.6783,3250.8024,3221.9609,3237.5419,25519336500,306452822218.0000,1
SSE_COMPOSITE,sh.000001,2022-09-15,3248.9721,3254.1789,3174.3899,3199.9187,32520612100,392490591521.4000,1
SSE_COMPOSITE,sh.000001,2022-09-16,3189.8265,3191.8265,3126.3972,3126.3977,31647589300,355085342917.9000,1
SSE_COMPOSITE,sh.000001,2022-09-19,3122.7549,3135.5565,3101.2207,3115.6019,24911366200,289918817139.3000,1
SSE_COMPOSITE,sh.000001,2022-09-20,3127.8356,3140.0252,3114.0368,3122.4058,21994253400,268600300237.6000,1
SSE_COMPOSITE,sh.000001,2022-09-21,3116.0065,3129.8245,3091.2966,3117.1774,23297249600,269513754503.3000,1
SSE_COMPOSITE,sh.000001,2022-09-22,3098.7682,3125.6797,3092.8189,3108.9096,22114068900,269978597649.8000,1
SSE_COMPOSITE,sh.000001,2022-09-23,3106.8055,3124.6583,3072.2409,3088.3695,24305771900,285552915205.6000,1
SSE_COMPOSITE,sh.000001,2022-09-26,3067.5689,3102.6544,3048.5143,3051.2260,26269862800,293536440838.5000,1
SSE_COMPOSITE,sh.000001,2022-09-27,3056.3917,3094.0389,3048.3650,3093.8618,23273530300,290065702696.3000,1
SSE_COMPOSITE,sh.000001,2022-09-28,3089.0975,3089.0975,3044.8640,3045.0668,23009865000,276039741572.0000,1
SSE_COMPOSITE,sh.000001,2022-09-29,3067.4727,3076.7615,3026.0792,3041.2046,23003041600,276441059417.7000,1
SSE_COMPOSITE,sh.000001,2022-09-30,3042.1664,3054.6129,3021.9309,3024.3905,20411533600,240262768408.9000,1
SSE_COMPOSITE,sh.000001,2022-10-10,3026.9354,3029.4478,2968.2810,2974.1454,24340482800,290120024166.9000,1
SSE_COMPOSITE,sh.000001,2022-10-11,2978.0617,2986.9116,2953.4953,2979.7926,20863595000,246715637025.1000,1
SSE_COMPOSITE,sh.000001,2022-10-12,2976.7168,3025.5055,2934.0922,3025.5055,24801355700,306871328764.9000,1
SSE_COMPOSITE,sh.000001,2022-10-13,3008.3016,3036.2485,3004.4963,3016.3561,24968328100,317764786734.7000,1
SSE_COMPOSITE,sh.000001,2022-10-14,3035.0341,3084.2724,3035.0341,3071.9868,27730406100,372050694578.9000,1
SSE_COMPOSITE,sh.000001,2022-10-17,3060.5176,3087.1944,3052.7149,3084.9423,26260861800,349214469685.4000,1
SSE_COMPOSITE,sh.000001,2022-10-18,3094.9272,3099.9182,3074.2162,3080.9574,24563475700,326002905366.0000,1
SSE_COMPOSITE,sh.000001,2022-10-19,3073.2616,3081.3903,3044.3777,3044.3777,23089531000,313108348652.4000,1
SSE_COMPOSITE,sh.000001,2022-10-20,3029.3028,3070.2648,3013.6929,3035.0504,24473614500,340091337759.5000,1
SSE_COMPOSITE,sh.000001,2022-10-21,3038.0358,3055.4157,3026.9603,3038.9291,24525412200,315110985796.8000,1
SSE_COMPOSITE,sh.000001,2022-10-24,3034.7458,3064.4211,2965.1675,2977.5554,29808535600,394725942512.6000,1
SSE_COMPOSITE,sh.000001,2022-10-25,2969.1560,3001.7150,2944.2607,2976.2830,25555416000,337519280757.3000,1
SSE_COMPOSITE,sh.000001,2022-10-26,2977.5643,3028.3478,2977.5643,2999.5036,26868949200,372845274629.2000,1
SSE_COMPOSITE,sh.000001,2022-10-27,3005.0373,3017.2629,2981.6889,2982.9029,26560825400,381330371123.0000,1
SSE_COMPOSITE,sh.000001,2022-10-28,2967.0221,2974.2360,2908.9831,2915.9257,29253130800,385261361877.7000,1
SSE_COMPOSITE,sh.000001,2022-10-31,2893.1962,2926.0150,2885.0894,2893.4829,30199420300,396654162133.5000,1
SSE_COMPOSITE,sh.000001,2022-11-01,2899.4985,2969.1995,2896.7572,2969.1995,31980957800,431015902874.1000,1
SSE_COMPOSITE,sh.000001,2022-11-02,2960.6465,3019.0486,2954.9478,3003.3699,32507824800,457581522044.7000,1
SSE_COMPOSITE,sh.000001,2022-11-03,2981.2038,3003.7207,2977.7162,2997.8057,25934856700,370653283763.4000,1
SSE_COMPOSITE,sh.000001,2022-11-04,2996.9971,3081.5903,2996.9971,3070.7964,32980674000,458770093694.7000,1
SSE_COMPOSITE,sh.000001,2022-11-07,3062.8590,3088.1927,3054.4571,3077.8170,32056709700,424429131518.9000,1
SSE_COMPOSITE,sh.000001,2022-11-08,3077.3056,3078.2760,3047.4624,3064.4928,25652200700,338966942021.5000,1
SSE_COMPOSITE,sh.000001,2022-11-09,3064.4633,3073.9183,3046.1881,3048.1676,23563732400,306860895708.1000,1
SSE_COMPOSITE,sh.000001,2022-11-10,3031.6915,3047.9803,3022.8506,3036.1318,27037179800,335925917722.4000,1
SSE_COMPOSITE,sh.000001,2022-11-11,3099.6500,3117.7419,3070.3007,3087.2926,40960453400,513784597274.3000,1
SSE_COMPOSITE,sh.000001,2022-11-14,3100.8669,3121.4056,3075.2152,3083.4013,36178821600,454546731409.1000,1
SSE_COMPOSITE,sh.000001,2022-11-15,3081.1349,3135.5903,3074.4982,3134.0778,33147057700,446460007889.4000,1
SSE_COMPOSITE,sh.000001,2022-11-16,3133.6504,3145.7526,3115.3453,3119.9804,30342984400,386992905050.7000,1
SSE_COMPOSITE,sh.000001,2022-11-17,3110.9649,3115.4351,3087.1737,3115.4347,28702840700,377900109272.6000,1
SSE_COMPOSITE,sh.000001,2022-11-18,3116.7291,3126.7107,3096.8858,3097.2432,29995427600,389207386467.2000,1
SSE_COMPOSITE,sh.000001,2022-11-21,3078.0569,3085.2426,3056.1703,3085.0444,25604554900,345025496474.6000,1
SSE_COMPOSITE,sh.000001,2022-11-22,3084.2328,3118.1197,3076.3214,3088.9426,32756592700,374142821130.4000,1
SSE_COMPOSITE,sh.000001,2022-11-23,3084.7403,3108.2438,3075.3241,3096.9073,32615544900,356400844278.1000,1
SSE_COMPOSITE,sh.000001,2022-11-24,3104.0955,3113.2392,3084.8554,3089.3096,26748292800,308190185804.6000,1
SSE_COMPOSITE,sh.000001,2022-11-25,3085.4611,3111.4214,3077.9671,3101.6932,31143197900,325426338447.2000,1
SSE_COMPOSITE,sh.000001,2022-11-28,3055.2899,3080.1843,3034.7045,3078.5485,30581128400,338549350774.8000,1
SSE_COMPOSITE,sh.000001,2022-11-29,3096.1126,3152.0027,3096.1126,3149.7478,39144974800,439102619264.2000,1
SSE_COMPOSITE,sh.000001,2022-11-30,3141.3992,3158.5732,3137.3687,3151.3353,37271832100,404504379283.4000,1
SSE_COMPOSITE,sh.000001,2022-12-01,3187.9899,3198.4088,3164.5348,3165.4711,38701305600,462184974022.8000,1
SSE_COMPOSITE,sh.000001,2022-12-02,3160.5789,3170.8980,3149.8406,3156.1442,30781248400,366318678808.3000,1
SSE_COMPOSITE,sh.000001,2022-12-05,3181.9155,3213.4395,3177.0642,3211.8144,44739843700,479203617373.5000,1
SSE_COMPOSITE,sh.000001,2022-12-06,3200.2750,3224.8220,3195.0788,3212.5334,37359029600,435248700179.1000,1
SSE_COMPOSITE,sh.000001,2022-12-07,3204.9352,3226.0817,3188.6705,3199.6194,35411307800,402146133137.5000,1
SSE_COMPOSITE,sh.000001,2022-12-08,3196.0156,3206.7151,3187.2566,3197.3499,32096929400,364935622700.5000,1
SSE_COMPOSITE,sh.000001,2022-12-09,3197.1183,3212.1059,3182.9068,3206.9502,37334320900,447750222046.8000,1
SSE_COMPOSITE,sh.000001,2022-12-12,3195.8680,3196.7247,3176.5752,3179.0417,33338179200,394919615249.5000,1
SSE_COMPOSITE,sh.000001,2022-12-13,3179.4354,3187.2035,3171.4827,3176.3255,28582120000,333539763009.7000,1
SSE_COMPOSITE,sh.000001,2022-12-14,3178.5542,3189.8350,3168.5925,3176.5253,26562356900,333950671128.2000,1
SSE_COMPOSITE,sh.000001,2022-12-15,3177.1995,3179.1000,3158.4515,3168.6478,24302333300,305204998562.4000,1
SSE_COMPOSITE,sh.000001,2022-12-16,3156.1349,3175.3526,3151.6089,3167.8576,25977179500,307227738354.5000,1
SSE_COMPOSITE,sh.000001,2022-12-19,3165.3092,3170.2552,3096.0981,3107.1150,27851354100,307934621461.9000,1
SSE_COMPOSITE,sh.000001,2022-12-20,3098.9532,3100.7477,3061.5098,3073.7659,21883676600,261716073427.2000,1
SSE_COMPOSITE,sh.000001,2022-12-21,3078.3312,3085.7951,3060.5542,3068.4105,18906792000,226852792581.1000,1
SSE_COMPOSITE,sh.000001,2022-12-22,3085.8004,3096.2449,3044.5991,3054.4313,22363953700,266315477432.4000,1
SSE_COMPOSITE,sh.000001,2022-12-23,3038.8416,3061.8670,3031.5358,3045.8664,19202030500,233335246195.6000,1
SSE_COMPOSITE,sh.000001,2022-12-26,3048.1963,3071.8363,3047.3491,3065.5626,20650389300,255470265306.8000,1
SSE_COMPOSITE,sh.000001,2022-12-27,3077.7469,3098.0783,3074.3133,3095.5678,22221832200,267946785441.9000,1
SSE_COMPOSITE,sh.000001,2022-12-28,3088.6174,3098.6496,3079.4338,3087.3997,22455415100,260508525682.6000,1
SSE_COMPOSITE,sh.000001,2022-12-29,3076.7264,3086.0048,3064.4594,3073.7016,21557067600,253916981220.2000,1
SSE_COMPOSITE,sh.000001,2022-12-30,3084.5226,3096.3135,3082.1964,3089.2579,21754534400,250355950864.6000,1
SSE_COMPOSITE,sh.000001,2023-01-03,3087.5130,3119.8556,3073.0540,3116.5119,28137036200,331392138948.0000,1
SSE_COMPOSITE,sh.000001,2023-01-04,3117.5711,3129.0937,3109.4512,3123.5164,27331362600,316391228728.0000,1
SSE_COMPOSITE,sh.000001,2023-01-05,3132.7614,3159.4270,3130.2300,3155.2162,25700301800,335635934527.5000,1
SSE_COMPOSITE,sh.000001,2023-01-06,3155.0747,3170.7418,3151.8407,3157.6365,25738025500,338539843686.6000,1
SSE_COMPOSITE,sh.000001,2023-01-09,3169.3737,3183.5830,3165.4282,3176.0845,25811521800,342693770974.1000,1
SSE_COMPOSITE,sh.000001,2023-01-10,3178.0220,3178.1569,3165.1446,3169.5072,23298417500,310357698608.4000,1
SSE_COMPOSITE,sh.000001,2023-01-11,3172.3759,3184.7570,3160.8896,3161.8376,23774286900,309248892854.4000,1
SSE_COMPOSITE,sh.000001,2023-01-12,3167.2730,3171.5905,3153.4038,3163.4509,21667130500,275371843343.4000,1
SSE_COMPOSITE,sh.000001,2023-01-13,3170.3548,3195.3067,3167.5098,3195.3059,22022689700,288062499132.3000,1
SSE_COMPOSITE,sh.000001,2023-01-16,3198.5189,3251.3739,3197.3186,3227.5916,30674954900,413219640959.9000,1
SSE_COMPOSITE,sh.000001,2023-01-17,3229.4354,3231.2645,3211.7573,3224.2448,22659223000,302611778528.6000,1
SSE_COMPOSITE,sh.000001,2023-01-18,3227.5947,3234.8169,3220.3703,3224.4060,21210973000,266068176682.4000,1
SSE_COMPOSITE,sh.000001,2023-01-19,3221.5179,3240.2794,3210.3825,3240.2794,22646503000,296815557255.9000,1
SSE_COMPOSITE,sh.000001,2023-01-20,3247.2031,3267.0579,3247.2031,3264.8138,27321918200,329028168424.9000,1
SSE_COMPOSITE,sh.000001,2023-01-30,3308.8694,3310.4903,3266.7580,3269.3180,35332582900,453177014110.3000,1
SSE_COMPOSITE,sh.000001,2023-01-31,3266.1442,3277.2524,3252.0145,3255.6692,30016295700,375260749568.7000,1
SSE_COMPOSITE,sh.000001,2023-02-01,3262.1961,3284.9224,3245.4113,3284.9213,33950941000,413395187748.5000,1
SSE_COMPOSITE,sh.000001,2023-02-02,3291.7828,3295.7636,3272.4140,3285.6705,33341313300,428662803430.2000,1
SSE_COMPOSITE,sh.000001,2023-02-03,3275.6578,3275.6578,3235.3533,3263.4059,29334281400,378648522965.3000,1
SSE_COMPOSITE,sh.000001,2023-02-06,3244.7007,3250.3514,3226.2112,3238.6978,26705310700,349127264894.7000,1
SSE_COMPOSITE,sh.000001,2023-02-07,3245.2297,3250.0330,3233.8334,3248.0940,25094645000,321257641942.9000,1
SSE_COMPOSITE,sh.000001,2023-02-08,3251.5006,3257.1140,3230.4393,3232.1063,23453048100,293332736125.8000,1
SSE_COMPOSITE,sh.000001,2023-02-09,3227.7278,3270.3826,3225.7724,3270.3826,25475452900,351760831733.2000,1
SSE_COMPOSITE,sh.000001,2023-02-10,3266.4367,3269.9944,3247.2296,3260.6734,26062692600,341749872023.9000,1
SSE_COMPOSITE,sh.000001,2023-02-13,3256.9881,3285.0913,3252.6327,3284.1599,29721318800,397011413405.7000,1
SSE_COMPOSITE,sh.000001,2023-02-14,3288.9742,3293.7338,3279.1894,3293.2825,27097416800,355558052442.5000,1
SSE_COMPOSITE,sh.000001,2023-02-15,3294.0150,3296.1995,3274.5505,3280.4919,26993912300,357621816130.5000,1
SSE_COMPOSITE,sh.000001,2023-02-16,3281.7352,3308.8279,3231.3421,3249.0295,38086354500,468382512227.4000,1
SSE_COMPOSITE,sh.000001,2023-02-17,3244.7325,3262.4729,3223.2581,3224.0243,27845123700,355625842543.0000,1
SSE_COMPOSITE,sh.000001,2023-02-20,3230.4728,3291.0388,3225.8427,3290.3383,32500773300,397720315305.1000,1
SSE_COMPOSITE,sh.000001,2023-02-21,3291.6312,3308.7908,3282.4360,3306.5236,32440944900,390691271556.0000,1
SSE_COMPOSITE,sh.000001,2023-02-22,3292.0489,3307.0343,3286.7207,3291.1477,25540398500,320515620001.2000,1
SSE_COMPOSITE,sh.000001,2023-02-23,3293.5219,3307.4385,3275.3621,3287.4770,26232430400,334364534378.3000,1
SSE_COMPOSITE,sh.000001,2023-02-24,3287.2553,3288.3922,3253.9748,3267.1597,23420630600,308004347731.0000,1
SSE_COMPOSITE,sh.000001,2023-02-27,3256.9998,3276.5791,3251.7213,3258.0344,24285534400,324605090924.8000,1
SSE_COMPOSITE,sh.000001,2023-02-28,3265.7420,3280.4154,3246.1446,3279.6053,25162503200,318030137286.4000,1
SSE_COMPOSITE,sh.000001,2023-03-01,3279.1364,3315.1604,3272.0351,3312.3478,31839870400,384387413830.3000,1
SSE_COMPOSITE,sh.000001,2023-03-02,3308.0113,3320.7441,3306.4554,3310.6536,32852001600,389390626878.8000,1
SSE_COMPOSITE,sh.000001,2023-03-03,3314.7727,3330.6046,3302.6231,3328.3927,34399691900,388860006704.9000,1
SSE_COMPOSITE,sh.000001,2023-03-06,3332.0235,3333.0619,3308.7255,3322.0259,34053044600,431616811145.0000,1
SSE_COMPOSITE,sh.000001,2023-03-07,3320.2110,3342.8585,3284.4099,3285.0988,38995795600,430081145229.3000,1
SSE_COMPOSITE,sh.000001,2023-03-08,3271.8798,3283.2479,3263.6927,3283.2479,26044354700,312822175700.7000,1
SSE_COMPOSITE,sh.000001,2023-03-09,3285.9427,3289.0600,3259.9999,3276.0937,26402185900,328825695492.5000,1
SSE_COMPOSITE,sh.000001,2023-03-10,3255.5121,3262.1470,3229.4959,3230.0766,28113541000,342198577588.1000,1
SSE_COMPOSITE,sh.000001,2023-03-13,3228.1239,3268.6955,3228.1239,3268.6955,29492808700,364414206511.7000,1
SSE_COMPOSITE,sh.000001,2023-03-14,3261.9219,3262.0025,3216.9927,3245.3123,31990603300,409976276120.9000,1
SSE_COMPOSITE,sh.000001,2023-03-15,3261.0284,3273.1232,3256.8566,3263.3148,30516879800,373276384409.5000,1
SSE_COMPOSITE,sh.000001,2023-03-16,3244.4699,3257.4330,3224.7223,3226.8912,32738963200,392910208396.7000,1
SSE_COMPOSITE,sh.000001,2023-03-17,3245.2604,3279.9228,3240.1570,3250.5460,34300102200,431983057736.5000,1
SSE_COMPOSITE,sh.000001,2023-03-20,3253.9302,3267.9931,3231.6459,3234.9103,39251739100,480292404943.9000,1
SSE_COMPOSITE,sh.000001,2023-03-21,3240.8388,3255.9997,3237.8934,3255.6505,30181077900,388047055874.8000,1
SSE_COMPOSITE,sh.000001,2023-03-22,3263.4129,3279.3938,3255.7394,3265.7475,29084046200,382509081309.4000,1
SSE_COMPOSITE,sh.000001,2023-03-23,3258.7791,3286.6491,3252.9917,3286.6491,30611839300,426564792579.1000,1
SSE_COMPOSITE,sh.000001,2023-03-24,3282.7390,3282.7390,3260.8444,3265.6537,32451333700,430761598863.2000,1
SSE_COMPOSITE,sh.000001,2023-03-27,3261.8235,3261.8235,3229.7037,3251.3971,33786120600,453585768740.5000,1
SSE_COMPOSITE,sh.000001,2023-03-28,3256.6023,3264.0978,3241.7368,3245.3760,29568266000,396882943367.8000,1
SSE_COMPOSITE,sh.000001,2023-03-29,3253.6212,3254.5564,3229.5848,3240.0568,29690050800,405542776865.4000,1
SSE_COMPOSITE,sh.000001,2023-03-30,3243.0683,3263.7379,3220.9846,3261.2485,29989829500,401634271105.2000,1
SSE_COMPOSITE,sh.000001,2023-03-31,3263.4061,3278.4231,3260.0396,3272.8602,28361374600,396689286254.3000,1
SSE_COMPOSITE,sh.000001,2023-04-03,3277.3400,3299.7321,3276.4158,3296.3960,35767677500,513390565537.0000,1
SSE_COMPOSITE,sh.000001,2023-04-04,3297.1830,3312.5615,3290.9925,3312.5578,38587161700,555811064015.5000,1
SSE_COMPOSITE,sh.000001,2023-04-06,3302.7510,3314.5262,3296.0550,3312.6280,32715542400,506500167165.2000,1
SSE_COMPOSITE,sh.000001,2023-04-07,3312.4813,3328.8455,3308.0610,3327.6457,28303224700,436372798925.8000,1
SSE_COMPOSITE,sh.000001,2023-04-10,3331.5051,3332.7152,3309.9171,3315.3578,34081984500,516434325402.1000,1
SSE_COMPOSITE,sh.000001,2023-04-11,3317.0771,3317.4484,3298.2498,3313.5705,32056605500,466895849254.6000,1
SSE_COMPOSITE,sh.000001,2023-04-12,3316.8623,3330.7079,3315.3991,3327.1816,34302531500,482066170134.8000,1
SSE_COMPOSITE,sh.000001,2023-04-13,3321.2733,3334.4697,3309.2515,3318.3638,34786210600,477587943379.6000,1
SSE_COMPOSITE,sh.000001,2023-04-14,3326.3704,3340.0764,3316.8101,3338.1525,33829927500,478345417461.3000,1
SSE_COMPOSITE,sh.000001,2023-04-17,3337.0605,3385.6095,3336.3881,3385.6095,40280992600,523790271022.3000,1
SSE_COMPOSITE,sh.000001,2023-04-18,3379.2267,3396.1745,3375.7803,3393.3312,34839948600,474287388944.2000,1
SSE_COMPOSITE,sh.000001,2023-04-19,3391.3549,3394.9590,3364.6419,3370.1283,34612344300,476496941017.2000,1
SSE_COMPOSITE,sh.000001,2023-04-20,3367.0525,3371.3679,3344.0160,3367.0310,35035496500,499672394215.6000,1
SSE_COMPOSITE,sh.000001,2023-04-21,3363.9987,3367.6093,3301.2575,3301.2575,38739509800,530517857771.7000,1
SSE_COMPOSITE,sh.000001,2023-04-24,3300.8125,3303.0908,3264.9349,3275.4130,35425562600,473265986268.8000,1
SSE_COMPOSITE,sh.000001,2023-04-25,3276.4030,3288.5685,3229.4461,3264.8717,38089572900,494240131388.3000,1
SSE_COMPOSITE,sh.000001,2023-04-26,3255.2171,3277.9797,3239.9893,3264.1006,35791784200,480418149402.8000,1
SSE_COMPOSITE,sh.000001,2023-04-27,3256.2278,3299.3010,3253.1117,3285.8844,34159053400,466175350420.4000,1
SSE_COMPOSITE,sh.000001,2023-04-28,3283.1224,3324.8808,3283.1224,3323.2746,40155478500,514904620687.7000,1
SSE_COMPOSITE,sh.000001,2023-05-04,3306.4827,3352.7463,3302.0275,3350.4587,48336491600,550494850346.7000,1
SSE_COMPOSITE,sh.000001,2023-05-05,3350.6538,3364.1417,3321.1872,3334.5028,43650449400,499294430532.3000,1
SSE_COMPOSITE,sh.000001,2023-05-08,3340.9904,3400.1766,3340.9904,3395.0036,53410365900,564661993453.0000,1
SSE_COMPOSITE,sh.000001,2023-05-09,3402.3938,3418.9534,3356.1183,3357.6707,57301330900,619108477501.3000,1
SSE_COMPOSITE,sh.000001,2023-05-10,3347.7015,3349.7213,3305.2506,3319.1506,45173973100,489553667296.5000,1
SSE_COMPOSITE,sh.000001,2023-05-11,3323.6583,3333.2496,3307.2887,3309.5512,35425827100,401313953404.3000,1
SSE_COMPOSITE,sh.000001,2023-05-12,3304.4582,3319.1307,3271.4311,3272.3619,34731498300,387081199285.3000,1
SSE_COMPOSITE,sh.000001,2023-05-15,3269.8781,3310.7367,3235.8679,3310.7367,38804588700,431706863269.3000,1
SSE_COMPOSITE,sh.000001,2023-05-16,3310.1607,3317.9012,3282.4918,3290.9874,32247941000,385386011202.3000,1
SSE_COMPOSITE,sh.000001,2023-05-17,3281.9664,3298.5190,3269.8936,3284.2320,28574405000,340482661497.5000,1
SSE_COMPOSITE,sh.000001,2023-05-18,3288.4112,3313.8622,3284.1679,3297.3199,30996747200,368435070988.2000,1
SSE_COMPOSITE,sh.000001,2023-05-19,3288.8911,3302.3424,3268.2242,3283.5417,28540406400,359507956518.1000,1
SSE_COMPOSITE,sh.000001,2023-05-22,3278.5960,3308.5325,3276.5398,3296.4696,27388999800,342448401630.5000,1
SSE_COMPOSITE,sh.000001,2023-05-23,3294.7877,3298.2257,3246.2380,3246.2380,27527908300,324667932872.9000,1
SSE_COMPOSITE,sh.000001,2023-05-24,3237.7045,3237.7045,3204.3813,3204.7494,28872025700,342677325734.6000,1
SSE_COMPOSITE,sh.000001,2023-05-25,3197.3644,3207.0210,3168.5716,3201.2605,28358892500,347709231730.5000,1
SSE_COMPOSITE,sh.000001,2023-05-26,3198.8825,3220.7737,3179.8217,3212.5038,26170047900,333319265973.1000,1
SSE_COMPOSITE,sh.000001,2023-05-29,3219.7553,3230.9706,3208.9550,3221.4484,29738948700,377875996064.0000,1
SSE_COMPOSITE,sh.000001,2023-05-30,3214.6728,3230.6317,3186.6256,3224.2133,30353246000,376622572865.1000,1
SSE_COMPOSITE,sh.000001,2023-05-31,3214.6551,3216.3597,3190.2736,3204.5644,29457333800,384999190215.7000,1
SSE_COMPOSITE,sh.000001,2023-06-01,3196.1547,3225.0930,3189.5174,3204.6345,31233075900,400981483177.6000,1
SSE_COMPOSITE,sh.000001,2023-06-02,3212.4489,3233.9916,3211.7370,3230.0686,29466709800,377507927729.1000,1
SSE_COMPOSITE,sh.000001,2023-06-05,3231.8108,3244.1801,3221.6254,3232.4410,27806020300,357810090574.8000,1
SSE_COMPOSITE,sh.000001,2023-06-06,3228.4068,3247.3490,3189.2692,3195.3404,30828587200,387492228835.7000,1
SSE_COMPOSITE,sh.000001,2023-06-07,3197.4677,3210.3295,3188.0053,3197.7587,25806340000,331083866651.7000,1
SSE_COMPOSITE,sh.000001,2023-06-08,3194.8348,3225.5263,3180.5354,3213.5855,29353074100,353551633155.6000,1
SSE_COMPOSITE,sh.000001,2023-06-09,3213.0330,3231.4055,3206.1027,3231.4055,31415550100,413341768412.7000,1
SSE_COMPOSITE,sh.000001,2023-06-12,3225.3049,3239.4368,3210.7135,3228.8336,31378444400,403241619623.4000,1
SSE_COMPOSITE,sh.000001,2023-06-13,3223.8958,3235.0854,3215.4989,3233.6734,28062845400,377193491389.4000,1
SSE_COMPOSITE,sh.000001,2023-06-14,3238.1189,3248.4609,3226.7743,3228.9887,30353726000,404009517761.0000,1
SSE_COMPOSITE,sh.000001,2023-06-15,3230.4512,3252.9751,3229.1452,3252.9751,31325575200,437522981548.2000,1
SSE_COMPOSITE,sh.000001,2023-06-16,3256.2989,3276.5522,3255.4988,3273.3341,32628184600,444375632395.7000,1
SSE_COMPOSITE,sh.000001,2023-06-19,3271.1635,3271.1635,3251.7789,3255.8057,32775304700,455226178218.8000,1
SSE_COMPOSITE,sh.000001,2023-06-20,3252.5435,3252.8435,3237.7857,3240.3648,29826059600,433243981459.9000,1
SSE_COMPOSITE,sh.000001,2023-06-21,3230.1142,3236.3626,3197.9011,3197.9011,29437737200,406234561359.8000,1
SSE_COMPOSITE,sh.000001,2023-06-26,3177.2293,3181.0758,3144.2484,3150.6189,30812981100,398859657407.8000,1
SSE_COMPOSITE,sh.000001,2023-06-27,3153.3132,3194.4086,3148.2657,3189.4427,28760432700,354487810600.4000,1
SSE_COMPOSITE,sh.000001,2023-06-28,3183.4865,3192.6589,3157.1229,3189.3758,27623194800,360118192478.4000,1
SSE_COMPOSITE,sh.000001,2023-06-29,3185.4242,3196.5025,3179.5251,3182.3812,25034007400,340636710911.3000,1
SSE_COMPOSITE,sh.000001,2023-06-30,3178.9242,3212.9928,3177.9913,3202.0623,26537987300,359739563354.0000,1
SSE_COMPOSITE,sh.000001,2023-07-03,3209.1623,3246.8605,3209.1623,3243.9750,31237139500,421353472356.4000,1
SSE_COMPOSITE,sh.000001,2023-07-04,3241.2305,3246.9576,3233.9895,3245.3492,27924872100,387115944059.6000,1
SSE_COMPOSITE,sh.000001,2023-07-05,3240.0486,3241.8353,3218.6022,3222.9469,26401642600,351234984740.6000,1
SSE_COMPOSITE,sh.000001,2023-07-06,3215.8633,3229.4799,3199.7164,3205.5748,24611903200,320808312589.1000,1
SSE_COMPOSITE,sh.000001,2023-07-07,3197.4716,3212.0472,3189.2114,3196.6092,25568846900,313607453159.0000,1
SSE_COMPOSITE,sh.000001,2023-07-10,3208.7349,3216.5348,3192.6579,3203.6958,23656036700,311462495601.4000,1
SSE_COMPOSITE,sh.000001,2023-07-11,3211.1222,3221.6804,3200.3845,3221.3666,22760046700,309950254679.6000,1
SSE_COMPOSITE,sh.000001,2023-07-12,3220.3758,3224.3312,3193.4366,3196.1337,27142338600,365433182293.6000,1
SSE_COMPOSITE,sh.000001,2023-07-13,3202.6992,3238.4675,3202.6992,3236.4800,27662050800,373242517824.7000,1
SSE_COMPOSITE,sh.000001,2023-07-14,3240.9695,3248.3849,3233.9985,3237.7012,27332749400,368337829107.5000,1
SSE_COMPOSITE,sh.000001,2023-07-17,3219.0162,3219.0162,3195.8862,3209.6298,25020837600,322074497062.9000,1
SSE_COMPOSITE,sh.000001,2023-07-18,3206.7860,3210.2482,3190.0049,3197.8201,23503025900,307331649309.9000,1
SSE_COMPOSITE,sh.000001,2023-07-19,3195.0085,3204.3612,3181.5611,3198.8358,21735586000,281206091159.0000,1
SSE_COMPOSITE,sh.000001,2023-07-20,3201.9111,3209.0554,3165.6739,3169.5220,23893289100,302376024110.2000,1
SSE_COMPOSITE,sh.000001,2023-07-21,3163.4210,3185.6357,3157.3335,3167.7452,22533136300,280673190404.2000,1
SSE_COMPOSITE,sh.000001,2023-07-24,3157.4694,3178.7335,3151.1252,3164.1608,21659521100,260119088909.0000,1
SSE_COMPOSITE,sh.000001,2023-07-25,3201.4575,3231.7486,3201.4575,3231.5213,34861771400,410846601110.5000,1
SSE_COMPOSITE,sh.000001,2023-07-26,3228.0873,3229.8921,3212.8801,3223.0279,31720605100,328306929373.0000,1
SSE_COMPOSITE,sh.000001,2023-07-27,3225.4763,3245.6028,3210.4699,3216.6709,32711886700,332145068268.0000,1
SSE_COMPOSITE,sh.000001,2023-07-28,3206.7410,3280.2777,3200.9939,3275.9257,41106843400,436923617408.4000,1
SSE_COMPOSITE,sh.000001,2023-07-31,3287.2089,3322.1291,3281.0133,3291.0398,45903099400,511505348417.9000,1
SSE_COMPOSITE,sh.000001,2023-08-01,3288.7604,3305.3402,3279.5656,3290.9493,45989083300,441023318588.5000,1
SSE_COMPOSITE,sh.000001,2023-08-02,3281.8583,3290.8203,3252.3036,3261.6903,40534149900,388952703973.5000,1
SSE_COMPOSITE,sh.000001,2023-08-03,3254.5651,3280.8636,3247.2719,3280.4626,38469131700,389530671967.1000,1
SSE_COMPOSITE,sh.000001,2023-08-04,3296.0944,3315.0492,3281.7343,3288.0842,47092769700,497188089389.3000,1
SSE_COMPOSITE,sh.000001,2023-08-07,3276.7756,3276.7756,3258.5372,3268.8311,36034148400,393056934181.5000,1
SSE_COMPOSITE,sh.000001,2023-08-08,3260.7218,3274.5186,3246.6745,3260.6196,31652073300,355750325340.5000,1
SSE_COMPOSITE,sh.000001,2023-08-09,3251.1521,3257.0816,3240.2888,3244.4867,27121853800,309778299573.6000,1
SSE_COMPOSITE,sh.000001,2023-08-10,3242.2057,3257.0298,3234.1158,3254.5597,28741214200,307263291733.2000,1
SSE_COMPOSITE,sh.000001,2023-08-11,3254.4751,3254.4751,3189.2480,3189.2480,33013775000,339187129840.7000,1
SSE_COMPOSITE,sh.000001,2023-08-14,3159.7138,3180.5067,3141.6551,3178.4272,29984032700,322632054396.5000,1
SSE_COMPOSITE,sh.000001,2023-08-15,3180.5579,3186.2340,3147.3459,3176.1758,27325192200,300827985374.6000,1
SSE_COMPOSITE,sh.000001,2023-08-16,3164.7019,3176.6260,3149.7226,3150.1277,28172829200,303611332638.4000,1
SSE_COMPOSITE,sh.000001,2023-08-17,3137.3514,3167.4457,3123.2495,3163.7393,29469258600,320785474107.6000,1
SSE_COMPOSITE,sh.000001,2023-08-18,3165.0998,3179.1159,3131.9530,3131.9530,29439035200,320449006936.7000,1
SSE_COMPOSITE,sh.000001,2023-08-21,3125.9897,3134.9571,3092.9777,3092.9777,26575342300,293721061621.2000,1
SSE_COMPOSITE,sh.000001,2023-08-22,3103.7807,3126.7838,3074.5307,3120.3338,30931633500,348637687606.8000,1
SSE_COMPOSITE,sh.000001,2023-08-23,3116.2661,3116.3765,3077.6056,3078.4021,27224412400,297986364377.0000,1
SSE_COMPOSITE,sh.000001,2023-08-24,3085.9107,3106.1824,3072.9511,3082.2439,30002463700,332447831261.6000,1
SSE_COMPOSITE,sh.000001,2023-08-25,3068.6150,3085.0470,3053.0373,3064.0747,29334768600,317757173399.7000,1
SSE_COMPOSITE,sh.000001,2023-08-28,3219.0432,3219.0432,3089.1194,3098.6363,48560776400,517234120908.6000,1
SSE_COMPOSITE,sh.000001,2023-08-29,3091.9379,3145.7610,3090.4377,3135.8867,39887578000,443979436975.1000,1
SSE_COMPOSITE,sh.000001,2023-08-30,3144.4067,3153.6890,3126.9024,3137.1375,34751186700,414729469599.3000,1
SSE_COMPOSITE,sh.000001,2023-08-31,3134.5529,3139.9801,3113.9459,3119.8764,31344824200,362507128776.7000,1
SSE_COMPOSITE,sh.000001,2023-09-01,3126.0234,3143.8457,3123.1896,3133.2467,29231099200,334739632924.7000,1
SSE_COMPOSITE,sh.000001,2023-09-04,3145.9435,3177.0603,3143.3793,3177.0603,36639114000,404500273017.5000,1
SSE_COMPOSITE,sh.000001,2023-09-05,3169.7384,3169.7384,3150.0753,3154.3693,29406184900,342760613428.0000,1
SSE_COMPOSITE,sh.000001,2023-09-06,3147.1363,3162.1547,3136.8998,3158.0769,26700223000,324001129693.0000,1
SSE_COMPOSITE,sh.000001,2023-09-07,3152.2028,3152.2662,3120.8229,3122.3523,26926473300,317186963334.0000,1
SSE_COMPOSITE,sh.000001,2023-09-08,3114.2296,3126.0412,3104.6743,3116.7191,22812506400,270006714934.3000,1
SSE_COMPOSITE,sh.000001,2023-09-11,3119.6101,3155.1026,3113.8164,3142.7790,29044291700,351883735976.6000,1
SSE_COMPOSITE,sh.000001,2023-09-12,3140.3409,3147.5141,3134.3176,3137.0593,23467205100,281897501760.6000,1
SSE_COMPOSITE,sh.000001,2023-09-13,3137.7718,3143.7577,3106.9693,3123.0669,24970103800,282015557210.7000,1
SSE_COMPOSITE,sh.000001,2023-09-14,3124.8482,3135.0250,3111.8588,3126.5511,26399013800,281641855533.1000,1
SSE_COMPOSITE,sh.000001,2023-09-15,3133.5883,3141.9642,3107.4480,3117.7434,29202636500,326091455871.6000,1
SSE_COMPOSITE,sh.000001,2023-09-18,3110.4404,3128.7009,3098.4960,3125.9319,25944425700,299644725427.4000,1
SSE_COMPOSITE,sh.000001,2023-09-19,3123.9862,3131.1298,3113.5254,3124.9567,25365276100,274062664356.7000,1
SSE_COMPOSITE,sh.000001,2023-09-20,3118.6671,3122.1277,3108.1578,3108.5679,22812446200,243019998657.0000,1
SSE_COMPOSITE,sh.000001,2023-09-21,3103.1754,3113.4939,3084.7010,3084.7010,22865910000,243536277536.6000,1
SSE_COMPOSITE,sh.000001,2023-09-22,3084.7567,3132.5578,3078.8007,3132.4316,28597835100,321443778943.2000,1
SSE_COMPOSITE,sh.000001,2023-09-25,3131.2079,3131.2079,3112.1505,3115.6071,25807188500,294635829637.9000,1
SSE_COMPOSITE,sh.000001,2023-09-26,3114.0214,3120.2889,3102.2726,3102.2726,22264431300,270006131018.9000,1
SSE_COMPOSITE,sh.000001,2023-09-27,3104.0395,3125.4470,3103.8441,3107.3156,24049583000,293421022407.0000,1
SSE_COMPOSITE,sh.000001,2023-09-28,3117.7549,3121.8352,3105.9397,3110.4753,23632998100,288396222754.4000,1
SSE_COMPOSITE,sh.000001,2023-10-09,3099.9998,3103.3597,3072.6418,3096.9224,26442220500,302662162123.8000,1
SSE_COMPOSITE,sh.000001,2023-10-10,3104.3651,3109.9822,3073.1864,3075.2361,25532737900,293653291716.5000,1
SSE_COMPOSITE,sh.000001,2023-10-11,3085.6989,3095.6594,3071.9360,3078.9556,25991869200,326562386171.0000,1
SSE_COMPOSITE,sh.000001,2023-10-12,3101.7051,3109.9898,3092.1771,3107.9007,27482799800,325865894368.3000,1
SSE_COMPOSITE,sh.000001,2023-10-13,3091.9972,3094.9153,3080.5481,3088.0991,25508523500,309538085325.0000,1
SSE_COMPOSITE,sh.000001,2023-10-16,3091.0647,3091.1257,3063.6856,3073.8130,26388236300,314394203029.7000,1
SSE_COMPOSITE,sh.000001,2023-10-17,3076.4283,3084.0725,3064.8897,3083.4964,25901958800,300026228452.2000,1
SSE_COMPOSITE,sh.000001,2023-10-18,3076.5796,3076.5796,3057.0588,3058.7098,26864715500,310306035777.2000,1
SSE_COMPOSITE,sh.000001,2023-10-19,3043.1955,3043.1955,3004.7745,3005.3934,30403891000,355069176976.4000,1
SSE_COMPOSITE,sh.000001,2023-10-20,2995.3575,3006.2746,2977.1731,2983.0585,26711359400,307388393327.2000,1
SSE_COMPOSITE,sh.000001,2023-10-23,2969.7858,2973.6611,2923.5113,2939.2913,27890412800,304028962456.0000,1
SSE_COMPOSITE,sh.000001,2023-10-24,2944.3105,2964.7605,2929.0883,2962.2437,31098538900,339902176878.0000,1
SSE_COMPOSITE,sh.000001,2023-10-25,2986.4066,2993.2951,2972.4177,2974.1135,33239200400,362846635549.2000,1
SSE_COMPOSITE,sh.000001,2023-10-26,2960.1038,2990.3277,2956.0060,2988.2992,29181451100,332258828044.6000,1
SSE_COMPOSITE,sh.000001,2023-10-27,2978.4026,3029.2101,2974.8802,3017.7842,32180371700,385692318100.0000,1
SSE_COMPOSITE,sh.000001,2023-10-30,3009.6104,3028.2641,3002.3477,3021.5534,36060423800,439587974769.6000,1
SSE_COMPOSITE,sh.000001,2023-10-31,3019.6460,3023.0014,3006.6088,3018.7706,31985996700,386277226427.2000,1
SSE_COMPOSITE,sh.000001,2023-11-01,3038.1821,3038.3303,3013.9330,3023.0765,28011044500,347121456482.9000,1
SSE_COMPOSITE,sh.000001,2023-11-02,3028.6647,3038.6422,3009.1210,3009.4058,26879458100,311936400777.8000,1
SSE_COMPOSITE,sh.000001,2023-11-03,3012.4654,3040.9807,3012.4654,3030.7977,26848634700,329300477501.0000,1
SSE_COMPOSITE,sh.000001,2023-11-06,3047.1301,3058.9891,3037.6941,3058.4105,37294963000,447638159948.7000,1
SSE_COMPOSITE,sh.000001,2023-11-07,3052.9202,3064.5771,3042.4689,3057.2697,32685345500,401065573919.0000,1
SSE_COMPOSITE,sh.000001,2023-11-08,3051.1531,3062.9910,3037.2888,3052.3726,33567783400,415289260078.3000,1
SSE_COMPOSITE,sh.000001,2023-11-09,3047.6532,3063.4674,3045.8336,3053.2792,31562176400,388556747091.5000,1
SSE_COMPOSITE,sh.000001,2023-11-10,3043.5585,3044.0007,3027.0878,3038.9699,28554649700,346913084540.0000,1
SSE_COMPOSITE,sh.000001,2023-11-13,3044.0319,3048.6209,3028.1680,3046.5329,29043058800,344120017222.0000,1
SSE_COMPOSITE,sh.000001,2023-11-14,3046.8171,3059.5294,3044.4259,3056.0703,29484473300,358249840158.0000,1
SSE_COMPOSITE,sh.000001,2023-11-15,3077.0291,3080.1284,3064.3464,3072.8348,30425010700,389515977975.0000,1
SSE_COMPOSITE,sh.000001,2023-11-16,3066.8554,3071.4522,3050.9257,3050.9257,27107946000,329364382654.0000,1
SSE_COMPOSITE,sh.000001,2023-11-17,3043.6170,3055.8561,3033.7472,3054.3655,26760639300,328568598825.4000,1
SSE_COMPOSITE,sh.000001,2023-11-20,3056.9268,3072.5134,3043.5148,3068.3191,28755699800,367109310168.3000,1
SSE_COMPOSITE,sh.000001,2023-11-21,3074.8281,3089.7738,3063.3449,3067.9328,33073310200,391558034861.5000,1
SSE_COMPOSITE,sh.000001,2023-11-22,3060.4984,3067.9625,3043.6110,3043.6110,28905649000,330385482669.4000,1
SSE_COMPOSITE,sh.000001,2023-11-23,3041.6779,3062.8665,3034.2969,3061.8562,27659205900,315612515641.0000,1
SSE_COMPOSITE,sh.000001,2023-11-24,3060.3306,3060.3306,3037.2012,3040.9717,28778841300,311509355931.7000,1
SSE_COMPOSITE,sh.000001,2023-11-27,3038.1864,3038.3578,3015.0076,3031.7002,31051786800,350705835457.9000,1
SSE_COMPOSITE,sh.000001,2023-11-28,3028.5983,3039.6945,3020.2306,3038.5545,26892074600,317303697729.3000,1
SSE_COMPOSITE,sh.000001,2023-11-29,3038.4641,3038.9767,3017.6611,3021.6874,27795644800,322141206078.7000,1
SSE_COMPOSITE,sh.000001,2023-11-30,3021.1025,3030.9086,3013.7678,3029.6727,28294535700,326755696099.9000,1
SSE_COMPOSITE,sh.000001,2023-12-01,3027.3530,3035.7599,3010.2333,3031.6358,28608970000,335547176425.7000,1
SSE_COMPOSITE,sh.000001,2023-12-04,3033.2980,3038.9794,3022.3477,3022.9138,28816205300,344279695966.6000,1
SSE_COMPOSITE,sh.000001,2023-12-05,3017.0102,3017.0102,2972.2959,2972.2959,29394327800,340454488082.6000,1
SSE_COMPOSITE,sh.000001,2023-12-06,2966.9475,2985.3143,2959.6030,2968.9334,29410418700,336218906356.4000,1
SSE_COMPOSITE,sh.000001,2023-12-07,2965.6523,2976.0148,2949.1438,2966.2061,29624368700,348039623969.4000,1
SSE_COMPOSITE,sh.000001,2023-12-08,2965.3901,2980.8344,2962.3270,2969.5594,36913870500,423492311947.3000,1
SSE_COMPOSITE,sh.000001,2023-12-11,2956.2905,2995.6698,2930.4220,2991.4385,36021634400,405351583216.2000,1
SSE_COMPOSITE,sh.000001,2023-12-12,2986.3282,3003.7455,2980.4462,3003.4378,28763876200,333170576418.7000,1
SSE_COMPOSITE,sh.000001,2023-12-13,2997.3358,2997.3358,2968.7606,2968.7606,28275409800,331476614720.7000,1
SSE_COMPOSITE,sh.000001,2023-12-14,2979.6990,2986.1773,2958.0660,2958.9856,27145765000,312658124559.8000,1
SSE_COMPOSITE,sh.000001,2023-12-15,2966.3015,2976.3094,2940.0266,2942.5568,28932764200,322083690788.2000,1
SSE_COMPOSITE,sh.000001,2023-12-18,2936.5751,2951.1479,2924.3254,2930.8036,29308699900,304915892999.5000,1
SSE_COMPOSITE,sh.000001,2023-12-19,2928.7631,2940.5014,2914.1253,2932.3908,26592698000,283234126181.9000,1
SSE_COMPOSITE,sh.000001,2023-12-20,2932.1186,2937.1011,2902.0395,2902.1096,26556245400,290838402139.4000,1
SSE_COMPOSITE,sh.000001,2023-12-21,2892.0201,2924.2562,2882.0195,2918.7149,28254182700,315943775543.6000,1
SSE_COMPOSITE,sh.000001,2023-12-22,2919.2879,2935.7002,2906.5094,2914.7752,29662836700,327498019580.5000,1
SSE_COMPOSITE,sh.000001,2023-12-25,2909.8751,2920.6323,2903.9870,2918.8126,22981417800,261487251019.0000,1
SSE_COMPOSITE,sh.000001,2023-12-26,2917.9708,2917.9708,2892.8373,2898.8787,22814085500,260220552772.7000,1
SSE_COMPOSITE,sh.000001,2023-12-27,2900.1491,2917.9564,2890.1650,2914.6138,24790088200,279048608009.4000,1
SSE_COMPOSITE,sh.000001,2023-12-28,2913.1096,2961.6476,2909.3886,2954.7035,33921311600,392449073493.3000,1
SSE_COMPOSITE,sh.000001,2023-12-29,2950.8372,2975.0319,2950.0173,2974.9348,29067268700,349002967266.4000,1
SSE_COMPOSITE,sh.000001,2024-01-02,2972.7750,2976.2682,2962.2762,2962.2762,30414179300,345950729194.6000,1
SSE_COMPOSITE,sh.000001,2024-01-03,2957.1117,2971.2834,2953.2901,2967.2472,28545594500,321018391310.1000,1
SSE_COMPOSITE,sh.000001,2024-01-04,2965.5087,2966.6828,2936.6347,2954.3486,26498092400,296291346878.8000,1
SSE_COMPOSITE,sh.000001,2024-01-05,2949.8221,2967.9677,2916.7206,2929.1833,30104023900,325917001164.6000,1
SSE_COMPOSITE,sh.000001,2024-01-08,2923.4570,2924.4559,2887.5379,2887.5379,27027505500,290730589588.8000,1
SSE_COMPOSITE,sh.000001,2024-01-09,2887.1095,2900.7266,2878.4123,2893.2513,26295597500,294446373682.5000,1
SSE_COMPOSITE,sh.000001,2024-01-10,2886.9807,2903.1621,2870.4155,2877.7023,24404652600,281192192419.3000,1
SSE_COMPOSITE,sh.000001,2024-01-11,2873.7982,2896.1788,2867.7223,2886.6502,26705076400,298552532937.0000,1
SSE_COMPOSITE,sh.000001,2024-01-12,2880.0399,2904.1743,2878.8752,2881.9769,26160293100,282877466332.8000,1
SSE_COMPOSITE,sh.000001,2024-01-15,2872.5562,2904.4643,2869.2236,2886.2908,24461123600,269229737081.5000,1
SSE_COMPOSITE,sh.000001,2024-01-16,2881.5602,2896.6830,2861.1302,2893.9886,28628671400,300837919168.5000,1
SSE_COMPOSITE,sh.000001,2024-01-17,2887.2917,2887.4893,2833.6152,2833.6152,26125130800,283073939817.7000,1
SSE_COMPOSITE,sh.000001,2024-01-18,2822.6672,2849.2559,2760.9780,2845.7839,39039685500,400709904734.2000,1
SSE_COMPOSITE,sh.000001,2024-01-19,2836.9749,2849.8755,2822.8434,2832.2793,26666438800,296717043828.4000,1
SSE_COMPOSITE,sh.000001,2024-01-22,2826.5034,2828.3202,2735.3721,2756.3399,35016575800,359918989570.1000,1
SSE_COMPOSITE,sh.000001,2024-01-23,2746.8923,2784.8407,2724.1573,2770.9763,30874941700,312191330216.9000,1
SSE_COMPOSITE,sh.000001,2024-01-24,2782.1415,2823.6953,2743.3971,2820.7719,36907060000,357316181644.3000,1
SSE_COMPOSITE,sh.000001,2024-01-25,2823.8259,2906.7940,2821.7093,2906.1087,44200904500,437679811285.5000,1
SSE_COMPOSITE,sh.000001,2024-01-26,2897.9149,2924.3065,2890.4819,2910.2227,42110908400,402400231262.6000,1
SSE_COMPOSITE,sh.000001,2024-01-29,2910.6072,2923.8992,2883.3327,2883.3560,41058131100,397014731369.9000,1
SSE_COMPOSITE,sh.000001,2024-01-30,2866.2795,2881.3468,2829.2498,2830.5266,33566122600,329254005891.9000,1
SSE_COMPOSITE,sh.000001,2024-01-31,2815.5042,2834.0110,2782.5869,2788.5482,37710396500,355636999833.5000,1
SSE_COMPOSITE,sh.000001,2024-02-01,2773.4239,2805.0146,2752.7824,2770.7403,35288918500,337547960520.8000,1
SSE_COMPOSITE,sh.000001,2024-02-02,2773.2949,2791.6756,2666.3335,2730.1520,42623019900,392661142297.9000,1
SSE_COMPOSITE,sh.000001,2024-02-05,2716.0810,2739.7383,2635.0897,2702.1850,47899029200,424877418268.6000,1
SSE_COMPOSITE,sh.000001,2024-02-06,2680.4846,2802.9312,2669.6732,2789.4860,50284931300,441215054098.9000,1
SSE_COMPOSITE,sh.000001,2024-02-07,2791.5145,2829.6956,2770.5293,2829.6956,54711743900,495919878083.4000,1
SSE_COMPOSITE,sh.000001,2024-02-08,2832.4855,2867.4738,2827.9020,2865.9032,53110889300,482939732024.6000,1
SSE_COMPOSITE,sh.000001,2024-02-19,2886.5871,2910.5440,2867.7103,2910.5440,45896770400,442148454574.5000,1
SSE_COMPOSITE,sh.000001,2024-02-20,2902.8765,2927.3080,2887.4741,2922.7302,35013873500,357057491972.6000,1
SSE_COMPOSITE,sh.000001,2024-02-21,2906.0243,2994.6149,2898.0496,2950.9556,44424546300,450922050718.1000,1
SSE_COMPOSITE,sh.000001,2024-02-22,2945.4465,2988.3578,2944.4988,2988.3578,35413253600,365264217873.3000,1
SSE_COMPOSITE,sh.000001,2024-02-23,2992.9115,3009.1359,2979.9728,3004.8810,38008327000,398232220674.3000,1
SSE_COMPOSITE,sh.000001,2024-02-26,3002.1179,3009.4790,2967.0571,2977.0221,40902655800,427564895756.7000,1
SSE_COMPOSITE,sh.000001,2024-02-27,2966.4166,3015.4807,2961.1479,3015.4807,37298468700,412614978516.7000,1
SSE_COMPOSITE,sh.000001,2024-02-28,3016.2555,3031.4881,2957.8524,2957.8524,54410909300,576555221675.0000,1
SSE_COMPOSITE,sh.000001,2024-02-29,2943.6242,3015.1712,2943.6242,3015.1712,40969637400,452808746134.9000,1
SSE_COMPOSITE,sh.000001,2024-03-01,3013.8229,3032.2315,3003.7632,3027.0204,37913218400,442984248197.1000,1
SSE_COMPOSITE,sh.000001,2024-03-04,3026.6071,3040.3447,3007.6829,3039.3055,38776000200,461727516644.8000,1
SSE_COMPOSITE,sh.000001,2024-03-05,3027.1028,3052.5413,3022.1777,3047.7931,38350995500,458900476785.5000,1
SSE_COMPOSITE,sh.000001,2024-03-06,3041.7518,3060.5629,3034.3536,3039.9309,34098273900,401334635599.7000,1
SSE_COMPOSITE,sh.000001,2024-03-07,3040.2111,3063.6924,3023.1177,3027.4013,37715439100,423391257039.7000,1
SSE_COMPOSITE,sh.000001,2024-03-08,3026.1654,3049.1940,3016.9032,3046.0192,31920439200,370647474769.4000,1
SSE_COMPOSITE,sh.000001,2024-03-11,3042.6188,3068.4554,3035.4451,3068.4554,36160882100,427851361287.9000,1
SSE_COMPOSITE,sh.000001,2024-03-12,3068.1820,3075.1308,3044.8572,3055.9350,41574391400,494558502794.2000,1
SSE_COMPOSITE,sh.000001,2024-03-13,3053.3413,3061.9510,3031.8985,3043.8346,36504745300,442453946274.1000,1
SSE_COMPOSITE,sh.000001,2024-03-14,3042.4131,3059.9975,3020.6370,3038.2339,36407229000,436338838339.8000,1
SSE_COMPOSITE,sh.000001,2024-03-15,3031.5229,3056.4473,3023.2152,3054.6359,36026846300,405917703990.6000,1
SSE_COMPOSITE,sh.000001,2024-03-18,3057.2093,3085.3124,3055.9221,3084.9262,40665350800,485520636502.6000,1
SSE_COMPOSITE,sh.000001,2024-03-19,3077.9805,3090.0459,3062.6279,3062.7558,38412368000,446930657774.1000,1
SSE_COMPOSITE,sh.000001,2024-03-20,3058.6478,3081.7547,3056.6450,3079.6859,34918772900,407432569665.8000,1
SSE_COMPOSITE,sh.000001,2024-03-21,3084.4116,3090.0513,3069.2720,3077.1130,36687796800,437634616255.6000,1
SSE_COMPOSITE,sh.000001,2024-03-22,3070.5481,3073.2058,3027.7615,3048.0336,39474048600,456762466559.5000,1
SSE_COMPOSITE,sh.000001,2024-03-25,3040.5010,3065.2611,3026.3055,3026.3055,38748538900,443472341342.3000,1
SSE_COMPOSITE,sh.000001,2024-03-26,3026.9218,3036.4939,3006.2597,3031.4809,34592878700,396410716143.3000,1
SSE_COMPOSITE,sh.000001,2024-03-27,3026.8138,3030.4495,2993.1388,2993.1388,34319801000,376242896147.0000,1
SSE_COMPOSITE,sh.000001,2024-03-28,2988.5899,3033.3666,2984.1201,3010.6636,35320002600,392929088720.4000,1
SSE_COMPOSITE,sh.000001,2024-03-29,3008.3757,3041.2978,3008.1672,3041.1669,33482278500,364571210090.1000,1
SSE_COMPOSITE,sh.000001,2024-04-01,3049.0207,3078.4883,3049.0207,3077.3786,37539364000,420902006773.4000,1
SSE_COMPOSITE,sh.000001,2024-04-02,3076.8752,3085.5365,3063.9808,3074.9586,36730426200,396705813294.9000,1
SSE_COMPOSITE,sh.000001,2024-04-03,3074.8929,3079.0200,3057.3972,3069.2959,36321138000,392704394040.9000,1
SSE_COMPOSITE,sh.000001,2024-04-08,3057.3255,3077.3512,3045.4692,3047.0526,40293674000,421808399733.1000,1
SSE_COMPOSITE,sh.000001,2024-04-09,3044.6136,3051.5851,3033.2089,3048.5369,33348996500,347834663475.6000,1
SSE_COMPOSITE,sh.000001,2024-04-10,3045.9609,3049.6072,3013.5897,3027.3349,34899172100,364717833491.0000,1
SSE_COMPOSITE,sh.000001,2024-04-11,3013.5727,3050.3372,3009.8972,3034.2464,34089439200,364147836454.7000,1
SSE_COMPOSITE,sh.000001,2024-04-12,3035.5773,3043.5599,3014.8297,3019.4735,33422977100,363119193013.8000,1
SSE_COMPOSITE,sh.000001,2024-04-15,3013.6722,3066.9412,2995.5420,3057.3776,46123924400,459849043272.3000,1
SSE_COMPOSITE,sh.000001,2024-04-16,3043.5505,3052.4346,3005.3400,3007.0681,44807047300,435170805476.3000,1
SSE_COMPOSITE,sh.000001,2024-04-17,3008.0614,3071.3806,3002.0564,3071.3806,41335836800,416254660835.0000,1
SSE_COMPOSITE,sh.000001,2024-04-18,3060.0309,3102.5527,3057.7606,3074.2246,41632134900,441432075756.2000,1
SSE_COMPOSITE,sh.000001,2024-04-19,3060.2989,3080.3227,3055.0577,3065.2610,37554385500,396614941121.2000,1
SSE_COMPOSITE,sh.000001,2024-04-22,3059.0649,3078.4226,3042.5420,3044.5952,35721639900,382192259189.5000,1
SSE_COMPOSITE,sh.000001,2024-04-23,3038.6118,3044.9438,3016.5169,3021.9775,32559512800,348651765384.9000,1
SSE_COMPOSITE,sh.000001,2024-04-24,3029.4028,3045.6398,3019.1239,3044.8223,30526409300,335157362713.4000,1
SSE_COMPOSITE,sh.000001,2024-04-25,3037.9273,3060.2635,3034.6499,3052.9000,29228014800,315797661218.8000,1
SSE_COMPOSITE,sh.000001,2024-04-26,3054.9793,3092.4300,3054.9793,3088.6357,43938256300,484160092982.4000,1
SSE_COMPOSITE,sh.000001,2024-04-29,3086.6819,3119.6857,3080.5858,3113.0432,50692544500,554918811231.8000,1
SSE_COMPOSITE,sh.000001,2024-04-30,3110.1594,3123.2876,3104.2943,3104.8245,44021321300,473803228530.9000,1
SSE_COMPOSITE,sh.000001,2024-05-06,3132.5115,3142.3816,3126.7689,3140.7204,45065689900,511256135580.5000,1
SSE_COMPOSITE,sh.000001,2024-05-07,3139.6637,3151.2190,3133.6904,3147.7380,37910256400,426951665906.2000,1
SSE_COMPOSITE,sh.000001,2024-05-08,3141.4874,3144.9856,3126.1729,3128.4798,33400032000,367220116482.8000,1
SSE_COMPOSITE,sh.000001,2024-05-09,3128.1644,3158.4646,3128.1644,3154.3201,36088146200,398979066896.2000,1
SSE_COMPOSITE,sh.000001,2024-05-10,3158.5891,3163.1441,3137.1517,3154.5472,38428749500,406707822844.8000,1
SSE_COMPOSITE,sh.000001,2024-05-13,3139.4753,3157.3656,3126.1697,3148.0207,39703056500,425963088194.6000,1
SSE_COMPOSITE,sh.000001,2024-05-14,3148.8488,3155.8071,3137.6091,3145.7743,34352619400,370069674870.9000,1
SSE_COMPOSITE,sh.000001,2024-05-15,3141.2518,3142.9725,3117.9287,3119.9021,32102796200,333005622198.2000,1
SSE_COMPOSITE,sh.000001,2024-05-16,3127.1841,3137.8779,3116.1627,3122.4010,36741736100,377502921477.7000,1
SSE_COMPOSITE,sh.000001,2024-05-17,3121.7126,3154.0263,3116.7842,3154.0263,38391524400,389572549317.9000,1
SSE_COMPOSITE,sh.000001,2024-05-20,3156.1482,3174.2658,3155.9903,3171.1451,42686728000,448816915042.8000,1
SSE_COMPOSITE,sh.000001,2024-05-21,3164.6826,3165.2237,3148.3420,3157.9657,33578357200,346584200831.4000,1
SSE_COMPOSITE,sh.000001,2024-05-22,3157.1889,3166.9191,3152.4570,3158.5399,35409808200,364137830725.3000,1
SSE_COMPOSITE,sh.000001,2024-05-23,3149.8752,3150.6282,3110.2773,3116.3870,35394372700,356689462882.1000,1
SSE_COMPOSITE,sh.000001,2024-05-24,3110.7533,3130.4245,3087.7941,3088.8705,30653227900,322748606369.1000,1
SSE_COMPOSITE,sh.000001,2024-05-27,3094.1400,3125.5064,3091.9893,3124.0427,31939676500,345383767844.9000,1
SSE_COMPOSITE,sh.000001,2024-05-28,3122.3877,3130.3103,3106.3645,3109.5721,31006697400,320985406528.1000,1
SSE_COMPOSITE,sh.000001,2024-05-29,3108.0267,3128.1365,3100.9797,3111.0176,28997034600,297512177291.8000,1
SSE_COMPOSITE,sh.000001,2024-05-30,3103.7078,3121.2180,3085.3841,3091.6778,30238076200,318475183004.8000,1
SSE_COMPOSITE,sh.000001,2024-05-31,3094.7587,3107.6035,3086.8134,3086.8134,27607281600,301121881320.1000,1
SSE_COMPOSITE,sh.000001,2024-06-03,3085.9814,3097.2043,3061.2766,3078.4887,35756336200,367608352547.0000,1
SSE_COMPOSITE,sh.000001,2024-06-04,3071.3196,3095.3221,3063.5879,3091.1992,30928759800,325589691920.4000,1
SSE_COMPOSITE,sh.000001,2024-06-05,3086.0509,3092.3459,3064.7359,3065.4034,29054234400,299722764399.5000,1
SSE_COMPOSITE,sh.000001,2024-06-06,3069.4393,3077.6725,3040.8295,3048.7939,36986710400,371317019032.4000,1
SSE_COMPOSITE,sh.000001,2024-06-07,3053.9153,3065.0247,3031.0443,3051.2787,31634248400,318911097485.6000,1
SSE_COMPOSITE,sh.000001,2024-06-11,3042.1338,3043.1997,3013.8611,3028.0451,31048194200,332683377772.5000,1
SSE_COMPOSITE,sh.000001,2024-06-12,3025.2963,3042.0423,3021.3085,3037.4675,27945210600,312058601482.9000,1
SSE_COMPOSITE,sh.000001,2024-06-13,3038.0859,3040.4021,3022.8224,3028.9187,29786246300,336871037065.3000,1
SSE_COMPOSITE,sh.000001,2024-06-14,3020.9588,3037.9046,3011.5773,3032.6333,34874675300,396194698299.9000,1
SSE_COMPOSITE,sh.000001,2024-06-17,3017.7169,3026.6242,3012.0452,3015.8907,29576344800,338146875647.7000,1
SSE_COMPOSITE,sh.000001,2024-06-18,3015.0713,3031.9758,3012.5234,3030.2464,27362599900,317319995692.1000,1
SSE_COMPOSITE,sh.000001,2024-06-19,3029.0993,3030.2259,3015.3263,3018.0491,26129624800,300290286695.0000,1
SSE_COMPOSITE,sh.000001,2024-06-20,3015.7224,3028.5143,3001.7677,3005.4369,29551590700,324101266446.0000,1
SSE_COMPOSITE,sh.000001,2024-06-21,2998.2413,3011.9141,2985.9291,2998.1377,25500125100,280275384754.5000,1
SSE_COMPOSITE,sh.000001,2024-06-24,2982.8263,2990.6429,2960.1267,2963.0989,29865388400,318595817741.1000,1
SSE_COMPOSITE,sh.000001,2024-06-25,2962.7654,2971.6534,2935.5382,2949.9963,27320993800,296569297319.0000,1
SSE_COMPOSITE,sh.000001,2024-06-26,2943.4471,2976.6690,2933.3304,2972.5251,28238840900,276215175476.2000,1
SSE_COMPOSITE,sh.000001,2024-06-27,2962.6964,2963.0644,2944.8979,2945.8524,27054851900,266670979387.7000,1
SSE_COMPOSITE,sh.000001,2024-06-28,2940.3032,2985.4679,2939.9840,2967.4028,31520143200,313347004249.1000,1
SSE_COMPOSITE,sh.000001,2024-07-01,2965.2452,2996.4086,2961.8556,2994.7303,29778223500,294321888831.5000,1
SSE_COMPOSITE,sh.000001,2024-07-02,2992.8556,3004.9870,2989.4701,2997.0111,28136468300,282559369534.8000,1
SSE_COMPOSITE,sh.000001,2024-07-03,2995.6642,2998.5369,2978.0686,2982.3756,24628464200,257840296826.7000,1
SSE_COMPOSITE,sh.000001,2024-07-04,2984.8303,2995.5695,2955.2895,2957.5670,27426878900,259006711039.2000,1
SSE_COMPOSITE,sh.000001,2024-07-05,2954.3723,2957.1069,2920.2046,2949.9333,27232455600,271508929397.0000,1
SSE_COMPOSITE,sh.000001,2024-07-08,2939.8367,2947.6100,2917.2322,2922.4498,27753342400,270872022898.5000,1
SSE_COMPOSITE,sh.000001,2024-07-09,2919.5729,2963.7822,2904.0389,2959.3724,31506203100,320361092785.2000,1
SSE_COMPOSITE,sh.000001,2024-07-10,2949.0261,2958.8594,2935.3304,2939.3636,30154945600,306035255361.7000,1
SSE_COMPOSITE,sh.000001,2024-07-11,2957.2502,2971.3608,2947.4027,2970.3874,32837242400,337653177135.1000,1
SSE_COMPOSITE,sh.000001,2024-07-12,2965.6121,2977.1417,2963.3033,2971.2950,30371301400,302581575978.9000,1
SSE_COMPOSITE,sh.000001,2024-07-15,2963.8472,2977.3126,2959.1288,2974.0107,26899259700,268733339473.8000,1
SSE_COMPOSITE,sh.000001,2024-07-16,2963.9001,2977.3613,2959.6655,2976.3043,26078363000,279121370473.0000,1
SSE_COMPOSITE,sh.000001,2024-07-17,2970.8081,2972.7949,2957.9480,2962.8549,28230799100,305469105978.3000,1
SSE_COMPOSITE,sh.000001,2024-07-18,2951.1434,2978.0919,2937.9045,2977.1334,27802266500,301283750604.7000,1
SSE_COMPOSITE,sh.000001,2024-07-19,2963.5144,2986.2425,2955.1199,2982.3086,28093241300,319112460470.1000,1
SSE_COMPOSITE,sh.000001,2024-07-22,2978.1932,2978.6007,2946.5608,2964.2155,27874955900,316415459855.2000,1
SSE_COMPOSITE,sh.000001,2024-07-23,2960.5004,2960.5004,2915.3682,2915.3685,29629599400,307194049861.8000,1
SSE_COMPOSITE,sh.000001,2024-07-24,2909.1521,2922.0298,2894.2885,2901.9518,30611885300,288660361550.7000,1
SSE_COMPOSITE,sh.000001,2024-07-25,2891.8918,2897.7674,2872.8497,2886.7416,27463950000,273281622458.6000,1
SSE_COMPOSITE,sh.000001,2024-07-26,2885.9953,2899.1162,2875.3959,2890.8973,27838753600,275443434962.9000,1
SSE_COMPOSITE,sh.000001,2024-07-29,2889.4726,2898.9512,2878.5825,2891.8453,25689972700,260094898441.5000,1
SSE_COMPOSITE,sh.000001,2024-07-30,2885.2152,2885.2152,2865.1493,2879.2996,26247883700,269477482590.4000,1
SSE_COMPOSITE,sh.000001,2024-07-31,2877.5409,2940.5927,2876.3009,2938.7493,41272341700,418871723403.4000,1
SSE_COMPOSITE,sh.000001,2024-08-01,2940.1200,2947.8768,2928.8262,2932.3871,34662113700,352586120370.1000,1
SSE_COMPOSITE,sh.000001,2024-08-02,2913.0198,2931.2593,2902.7202,2905.3375,31220503900,314917985409.5000,1
SSE_COMPOSITE,sh.000001,2024-08-05,2889.3634,2919.0252,2860.6978,2860.6978,35554057200,356863001418.9000,1
SSE_COMPOSITE,sh.000001,2024-08-06,2878.6508,2888.2009,2845.3350,2867.2837,29730080300,295835558778.0000,1
SSE_COMPOSITE,sh.000001,2024-08-07,2864.0101,2886.9417,2857.7247,2869.8338,26309715000,263793649805.1000,1
SSE_COMPOSITE,sh.000001,2024-08-08,2864.7580,2886.3994,2850.8745,2869.9014,28912863200,271107919481.4000,1
SSE_COMPOSITE,sh.000001,2024-08-09,2879.8726,2887.8489,2862.1941,2862.1941,28425391600,252884027037.8000,1
SSE_COMPOSITE,sh.000001,2024-08-12,2858.8946,2869.2688,2851.2952,2858.2046,24424137100,217626684526.6000,1
SSE_COMPOSITE,sh.000001,2024-08-13,2860.4099,2867.9460,2845.3099,2867.9460,23167460100,210908509413.5000,1
SSE_COMPOSITE,sh.000001,2024-08-14,2866.2434,2866.2434,2850.4010,2850.6539,21788517000,207457552384.6000,1
SSE_COMPOSITE,sh.000001,2024-08-15,2844.2005,2889.0866,2839.3875,2877.3579,27190000000,254987115634.9000,1
SSE_COMPOSITE,sh.000001,2024-08-16,2877.9403,2888.6753,2873.0601,2879.4298,26365344100,243608265392.4000,1
SSE_COMPOSITE,sh.000001,2024-08-19,2877.9542,2905.1547,2877.7709,2893.6738,26168773000,242994885290.2000,1
SSE_COMPOSITE,sh.000001,2024-08-20,2895.5506,2896.5194,2855.3293,2866.6610,26365800200,237307803964.2000,1
SSE_COMPOSITE,sh.000001,2024-08-21,2858.9388,2863.8910,2848.1509,2856.5839,22920002700,209909187787.0000,1
SSE_COMPOSITE,sh.000001,2024-08-22,2856.2001,2861.6071,2845.5024,2848.7718,24539941500,230124077189.6000,1
SSE_COMPOSITE,sh.000001,2024-08-23,2844.7703,2860.7327,2839.3371,2854.3675,22669256500,214581900323.2000,1
SSE_COMPOSITE,sh.000001,2024-08-26,2855.4741,2860.6545,2844.3828,2855.5203,22735152300,216806649036.9000,1
SSE_COMPOSITE,sh.000001,2024-08-27,2850.8773,2853.7804,2843.1576,2848.7312,23069300600,215686326235.9000,1
SSE_COMPOSITE,sh.000001,2024-08-28,2844.3269,2852.5621,2830.9615,2837.4293,22873062300,213862368727.5000,1
SSE_COMPOSITE,sh.000001,2024-08-29,2829.4506,2831.4309,2815.3829,2823.1060,27751053400,257644228807.6000,1
SSE_COMPOSITE,sh.000001,2024-08-30,2819.6498,2867.9649,2817.0141,2842.2142,39751697500,384092892138.4000,1
SSE_COMPOSITE,sh.000001,2024-09-02,2832.3499,2839.2784,2810.3739,2811.0350,34071419300,314813036715.5000,1
SSE_COMPOSITE,sh.000001,2024-09-03,2809.1733,2814.9030,2794.9111,2802.9787,27573613900,252782482525.1000,1
SSE_COMPOSITE,sh.000001,2024-09-04,2786.5046,2800.6065,2781.9352,2784.2783,25745350000,234711697257.6000,1
SSE_COMPOSITE,sh.000001,2024-09-05,2785.2635,2796.0186,2777.4710,2788.3141,24204094800,227514507237.8000,1
SSE_COMPOSITE,sh.000001,2024-09-06,2791.7645,2804.0932,2765.6394,2765.8066,25364537500,228570135026.9000,1
SSE_COMPOSITE,sh.000001,2024-09-09,2754.7237,2756.5560,2726.9667,2736.4876,26146884700,236605848473.8000,1
SSE_COMPOSITE,sh.000001,2024-09-10,2737.8810,2750.1181,2718.6273,2744.1921,26215901500,226408492961.9000,1
SSE_COMPOSITE,sh.000001,2024-09-11,2732.7314,2732.7314,2710.6208,2721.7952,24226490000,219755948411.4000,1
SSE_COMPOSITE,sh.000001,2024-09-12,2722.1382,2734.6832,2716.5552,2717.1231,24008431500,218571098697.3000,1
SSE_COMPOSITE,sh.000001,2024-09-13,2718.9864,2728.7797,2703.3689,2704.0896,25127003800,227818801149.3000,1
SSE_COMPOSITE,sh.000001,2024-09-18,2705.3451,2724.1141,2689.6952,2717.2813,24781713200,213090588644.7000,1
SSE_COMPOSITE,sh.000001,2024-09-19,2723.2053,2747.7402,2697.7756,2736.0222,31520838900,280536046232.0000,1
SSE_COMPOSITE,sh.000001,2024-09-20,2734.2277,2741.1552,2717.9451,2736.8139,28564462700,255433329892.5000,1
SSE_COMPOSITE,sh.000001,2024-09-23,2735.3895,2760.4799,2731.3571,2748.9177,25764215400,235214505877.1000,1
SSE_COMPOSITE,sh.000001,2024-09-24,2770.7543,2863.1519,2761.3717,2863.1255,47761954500,442795296868.8000,1
SSE_COMPOSITE,sh.000001,2024-09-25,2901.4185,2952.4511,2889.0480,2896.3057,56825981600,516698093562.2000,1
SSE_COMPOSITE,sh.000001,2024-09-26,2893.7451,3000.9526,2889.0143,3000.9526,57631926100,524669070870.6000,1
SSE_COMPOSITE,sh.000001,2024-09-27,3049.1026,3087.5286,3017.4453,3087.5286,49228716300,480612559539.5000,1
SSE_COMPOSITE,sh.000001,2024-09-30,3194.7224,3358.5883,3153.6970,3336.4974,110233791700,1167772549990.4000,1
SSE_COMPOSITE,sh.000001,2024-10-08,3674.4048,3674.4048,3372.1868,3489.7751,131346019500,1510513250817.1000,1
SSE_COMPOSITE,sh.000001,2024-10-09,3427.2199,3437.1571,3249.1591,3258.8578,99275725600,1264311454429.5000,1
SSE_COMPOSITE,sh.000001,2024-10-10,3277.6916,3379.8053,3228.1248,3301.9259,83450025700,947788514989.0000,1
SSE_COMPOSITE,sh.000001,2024-10-11,3287.8727,3297.7517,3187.9882,3217.7377,60602743300,664332794461.9000,1
SSE_COMPOSITE,sh.000001,2024-10-14,3241.4275,3294.6199,3203.9010,3284.3225,63146685900,701499242569.3000,1
SSE_COMPOSITE,sh.000001,2024-10-15,3265.7461,3285.2147,3201.2919,3201.2919,56605455800,619091471860.4000,1
SSE_COMPOSITE,sh.000001,2024-10-16,3169.1685,3236.8480,3167.7364,3202.9480,51581399700,533062408932.0000,1
SSE_COMPOSITE,sh.000001,2024-10-17,3220.7334,3241.5675,3169.3843,3169.3843,52861177200,557347351398.0000,1
SSE_COMPOSITE,sh.000001,2024-10-18,3165.9745,3313.9784,3152.8213,3261.5633,69301462300,827948922139.1000,1
SSE_COMPOSITE,sh.000001,2024-10-21,3276.0598,3300.6640,3239.0965,3268.1100,66815029900,855781454017.1000,1
SSE_COMPOSITE,sh.000001,2024-10-22,3263.8224,3294.9612,3255.1375,3285.8669,57491378100,698861461335.1000,1
SSE_COMPOSITE,sh.000001,2024-10-23,3285.2474,3331.0823,3277.0663,3302.8028,65044412800,760066419549.9000,1
SSE_COMPOSITE,sh.000001,2024-10-24,3287.8243,3292.9448,3266.8823,3280.2625,51982707400,585248946960.3000,1
SSE_COMPOSITE,sh.000001,2024-10-25,3280.7616,3319.3571,3276.1303,3299.7003,59565170700,677255321349.3000,1
SSE_COMPOSITE,sh.000001,2024-10-28,3300.4634,3322.1975,3279.7150,3322.1975,67237313100,717510218018.9000,1
SSE_COMPOSITE,sh.000001,2024-10-29,3328.0885,3340.4584,3284.2108,3286.4070,72532615400,806573822261.9000,1
SSE_COMPOSITE,sh.000001,2024-10-30,3273.6421,3291.6795,3244.8063,3266.2378,66901809000,730619786746.3000,1
SSE_COMPOSITE,sh.000001,2024-10-31,3267.9750,3295.7421,3252.3899,3279.8244,78464909400,864970968962.6000,1
SSE_COMPOSITE,sh.000001,2024-11-01,3275.5768,3305.3181,3258.7346,3272.0142,85205532000,878112793944.5000,1
SSE_COMPOSITE,sh.000001,2024-11-04,3275.6787,3310.2072,3263.8421,3310.2072,66507745400,692341763272.3000,1
SSE_COMPOSITE,sh.000001,2024-11-05,3306.8098,3386.9869,3302.0472,3386.9869,82112490200,929931429368.6000,1
SSE_COMPOSITE,sh.000001,2024-11-06,3395.2217,3420.9986,3367.0812,3383.8062,89585593000,1026807640357.8000,1
SSE_COMPOSITE,sh.000001,2024-11-07,3359.9851,3470.6609,3356.2580,3470.6609,95955668000,1048841306120.8000,1
SSE_COMPOSITE,sh.000001,2024-11-08,3502.1331,3509.8182,3443.1930,3452.2971,96403456200,1107932295571.4000,1
SSE_COMPOSITE,sh.000001,2024-11-11,3432.3672,3471.1222,3416.7266,3470.0657,81802543600,1024334899510.8000,1
SSE_COMPOSITE,sh.000001,2024-11-12,3469.8908,3489.4244,3402.0422,3421.9701,81792652400,1039600859287.1000,1
SSE_COMPOSITE,sh.000001,2024-11-13,3406.9164,3442.2983,3404.5254,3439.2778,67366234800,829435316989.4000,1
SSE_COMPOSITE,sh.000001,2024-11-14,3429.5054,3441.7746,3376.1528,3379.8389,63155669000,762884198784.3000,1
SSE_COMPOSITE,sh.000001,2024-11-15,3369.8092,3391.3204,3330.7263,3330.7263,63028558300,745937122428.3000,1
SSE_COMPOSITE,sh.000001,2024-11-18,3344.6904,3386.9031,3309.0076,3323.8486,74395069200,755809644463.3000,1
SSE_COMPOSITE,sh.000001,2024-11-19,3324.8831,3346.7577,3284.1330,3346.0098,62502415100,651575376256.0000,1
SSE_COMPOSITE,sh.000001,2024-11-20,3337.6778,3375.2482,3333.0023,3367.9893,56615428900,627858323157.0000,1
SSE_COMPOSITE,sh.000001,2024-11-21,3362.9444,3378.5175,3348.8552,3370.4039,53033183000,614517433700.1000,1
SSE_COMPOSITE,sh.000001,2024-11-22,3368.0430,3372.0034,3267.1916,3267.1916,63068779000,707626460331.8000,1
SSE_COMPOSITE,sh.000001,2024-11-25,3274.8840,3285.4555,3232.9178,3263.7597,53889739000,596502088292.4000,1
SSE_COMPOSITE,sh.000001,2024-11-26,3256.8576,3285.3281,3252.8661,3259.7572,47221930400,509490596260.8000,1
SSE_COMPOSITE,sh.000001,2024-11-27,3250.5910,3309.8805,3227.3553,3309.7789,51120230300,571617596023.5000,1
SSE_COMPOSITE,sh.000001,2024-11-28,3308.2797,3319.2559,3290.3641,3295.6983,51195304700,558164131747.0000,1
SSE_COMPOSITE,sh.000001,2024-11-29,3295.2096,3357.5013,3293.6899,3326.4557,58022710200,663851511036.4000,1
SSE_COMPOSITE,sh.000001,2024-12-02,3328.4820,3369.3032,3323.0091,3363.9823,66847776200,709509517836.3000,1
SSE_COMPOSITE,sh.000001,2024-12-03,3366.2853,3386.6176,3348.3742,3378.8063,66303013900,683982592769.1000,1
SSE_COMPOSITE,sh.000001,2024-12-04,3376.5715,3388.0241,3352.9434,3364.6498,62102886200,653467546717.8000,1
SSE_COMPOSITE,sh.000001,2024-12-05,3353.0573,3377.0550,3353.0573,3368.8553,54388574600,565551128328.2000,1
SSE_COMPOSITE,sh.000001,2024-12-06,3370.9405,3418.2608,3364.2061,3404.0764,69818657200,685981058113.5000,1
SSE_COMPOSITE,sh.000001,2024-12-09,3402.6288,3426.6451,3385.9588,3402.5343,69490520500,649443191295.4000,1
SSE_COMPOSITE,sh.000001,2024-12-10,3490.2892,3494.8669,3417.7654,3422.6607,79466803400,860483994841.6000,1
SSE_COMPOSITE,sh.000001,2024-12-11,3416.0874,3437.8103,3416.0874,3432.4902,68154461000,692929618702.8000,1
SSE_COMPOSITE,sh.000001,2024-12-12,3432.2786,3464.1162,3425.9755,3461.4998,70009668900,734168982735.3000,1
SSE_COMPOSITE,sh.000001,2024-12-13,3442.9259,3442.9259,3390.7537,3391.8782,77746414400,850714862974.4000,1
SSE_COMPOSITE,sh.000001,2024-12-16,3390.0830,3401.9263,3376.5358,3386.3312,62557899600,675237492920.5000,1
SSE_COMPOSITE,sh.000001,2024-12-17,3381.8141,3396.2074,3357.7694,3361.4850,56894150500,584789337297.5000,1
SSE_COMPOSITE,sh.000001,2024-12-18,3371.2955,3396.4603,3371.2955,3382.2081,51252497900,539790684420.2000,1
SSE_COMPOSITE,sh.000001,2024-12-19,3355.9041,3377.5321,3346.4690,3370.0331,51390906300,559130979000.3000,1
SSE_COMPOSITE,sh.000001,2024-12-20,3364.4810,3390.6182,3362.8193,3368.0693,49096462100,596821938643.8000,1
SSE_COMPOSITE,sh.000001,2024-12-23,3367.9037,3384.9918,3348.2770,3351.2571,55674724800,623117789296.1000,1
SSE_COMPOSITE,sh.000001,2024-12-24,3353.5354,3394.9044,3352.9474,3393.5281,47199267300,530758037565.0000,1
SSE_COMPOSITE,sh.000001,2024-12-25,3395.1072,3406.2125,3374.0113,3393.3501,47131559200,522168241894.2000,1
SSE_COMPOSITE,sh.000001,2024-12-26,3389.3383,3401.0951,3380.2550,3398.0765,42217727100,518937022553.4000,1
SSE_COMPOSITE,sh.000001,2024-12-27,3397.2939,3418.9520,3388.3215,3400.1420,50048813000,586090438939.4000,1
SSE_COMPOSITE,sh.000001,2024-12-30,3395.3962,3412.8414,3394.9648,3407.3259,45526238300,522245330169.5000,1
SSE_COMPOSITE,sh.000001,2024-12-31,3406.9652,3413.4545,3351.7630,3351.7630,50273106200,562584237431.1000,1
SSE_COMPOSITE,sh.000001,2025-01-02,3347.9392,3351.7220,3242.0865,3262.5607,56137519900,603340526739.8000,1
SSE_COMPOSITE,sh.000001,2025-01-03,3267.0766,3273.5656,3205.7755,3211.4299,51759201400,523159754706.6000,1
SSE_COMPOSITE,sh.000001,2025-01-06,3209.7832,3219.4877,3185.4631,3206.9228,43097840300,444188212831.1000,1
SSE_COMPOSITE,sh.000001,2025-01-07,3203.3068,3230.8529,3190.4612,3229.6439,40966052900,436388386572.0000,1
SSE_COMPOSITE,sh.000001,2025-01-08,3218.8577,3246.2908,3175.7247,3230.1679,47286439000,508148444863.7000,1
SSE_COMPOSITE,sh.000001,2025-01-09,3220.7205,3228.9725,3205.9103,3211.3933,38294355700,434445510330.2000,1
SSE_COMPOSITE,sh.000001,2025-01-10,3211.7068,3220.1073,3168.5238,3168.5238,40366334800,465939368047.4000,1
SSE_COMPOSITE,sh.000001,2025-01-13,3148.8259,3172.7000,3140.9775,3160.7550,37274202300,411773991803.5000,1
SSE_COMPOSITE,sh.000001,2025-01-14,3165.1613,3245.2196,3159.4320,3240.9400,46921270400,538983836002.5000,1
SSE_COMPOSITE,sh.000001,2025-01-15,3234.7152,3245.9042,3222.2359,3227.1167,40472319900,466216166943.7000,1
SSE_COMPOSITE,sh.000001,2025-01-16,3239.0261,3265.2824,3217.0966,3236.0320,43065553900,499055442444.4000,1
SSE_COMPOSITE,sh.000001,2025-01-17,3226.7616,3256.5067,3219.7734,3241.8212,38359926000,456553132960.4000,1
SSE_COMPOSITE,sh.000001,2025-01-20,3256.1492,3268.2626,3238.1214,3244.3776,40333794800,469741031397.5000,1
SSE_COMPOSITE,sh.000001,2025-01-21,3256.8325,3258.6103,3229.0689,3242.6226,38458371800,468263378897.7000,1
SSE_COMPOSITE,sh.000001,2025-01-22,3235.4925,3235.5013,3203.3801,3213.6237,36481751800,452312867431.3000,1
SSE_COMPOSITE,sh.000001,2025-01-23,3237.5988,3273.5203,3229.5716,3230.1637,45824680300,539800587226.6000,1
SSE_COMPOSITE,sh.000001,2025-01-24,3222.8774,3260.0112,3221.7121,3252.6264,39865303300,480685057973.2000,1
SSE_COMPOSITE,sh.000001,2025-01-27,3256.6136,3274.3924,3250.6007,3250.6007,38746764200,450231535760.3000,1
SSE_COMPOSITE,sh.000001,2025-02-05,3270.1604,3271.0220,3220.2794,3229.4876,40638818100,521103029344.4000,1
SSE_COMPOSITE,sh.000001,2025-02-06,3226.5750,3271.4271,3225.8459,3270.6594,46084273000,590421697753.9000,1
SSE_COMPOSITE,sh.000001,2025-02-07,3269.2269,3324.4280,3262.5085,3303.6666,60055845100,757613811179.4000,1
SSE_COMPOSITE,sh.000001,2025-02-10,3308.0400,3325.3558,3299.2429,3322.1698,54658974900,677038155519.9000,1
SSE_COMPOSITE,sh.000001,2025-02-11,3323.6694,3324.1727,3304.4443,3318.0569,51194354100,632166670870.5000,1
SSE_COMPOSITE,sh.000001,2025-02-12,3312.2572,3346.3854,3310.3904,3346.3854,51343782800,647387578503.4000,1
SSE_COMPOSITE,sh.000001,2025-02-13,3343.2347,3359.1807,3332.4826,3332.4826,56863116100,705799791954.1000,1
SSE_COMPOSITE,sh.000001,2025-02-14,3328.4830,3349.0836,3322.5289,3346.7242,53233296500,667555376411.5000,1
SSE_COMPOSITE,sh.000001,2025-02-17,3355.4171,3357.1212,3333.1948,3355.8296,58954656900,750113054935.2000,1
SSE_COMPOSITE,sh.000001,2025-02-18,3348.9827,3366.0119,3314.3006,3324.4906,56267924000,696798784144.3000,1
SSE_COMPOSITE,sh.000001,2025-02-19,3320.7801,3352.0867,3320.5809,3351.5392,50291296500,675146370379.5000,1
SSE_COMPOSITE,sh.000001,2025-02-20,3347.5893,3355.5571,3338.0335,3350.7833,50435711400,670099045657.4000,1
SSE_COMPOSITE,sh.000001,2025-02-21,3356.6947,3381.0575,3339.0256,3379.1128,60819020600,855656954773.5000,1
SSE_COMPOSITE,sh.000001,2025-02-24,3374.0813,3384.8106,3355.8694,3373.0276,59818820300,802847050067.8000,1
SSE_COMPOSITE,sh.000001,2025-02-25,3345.6534,3369.5583,3337.8448,3346.0398,52757856200,727509770070.1000,1
SSE_COMPOSITE,sh.000001,2025-02-26,3351.2093,3380.2144,3351.2093,3380.2144,55399203100,747887357857.5000,1
SSE_COMPOSITE,sh.000001,2025-02-27,3378.4494,3388.7808,3353.5712,3388.0622,57581502000,774059980112.0000,1
SSE_COMPOSITE,sh.000001,2025-02-28,3374.6636,3383.1909,3318.7162,3320.8973,56831950400,758054890359.3000,1
SSE_COMPOSITE,sh.000001,2025-03-03,3328.3955,3349.0169,3304.5931,3316.9253,50241786200,643980682981.8000,1
SSE_COMPOSITE,sh.000001,2025-03-04,3300.4980,3327.8242,3297.5304,3324.2099,42999611100,568728427190.7000,1
SSE_COMPOSITE,sh.000001,2025-03-05,3324.6962,3342.7143,3314.1478,3341.9649,46095269600,587767599799.6000,1
SSE_COMPOSITE,sh.000001,2025-03-06,3353.5703,3387.0538,3348.6840,3381.0983,53999270900,736438106671.7000,1
SSE_COMPOSITE,sh.000001,2025-03-07,3373.1808,3390.9442,3363.9288,3372.5458,51766355100,687879051004.4000,1
SSE_COMPOSITE,sh.000001,2025-03-10,3373.2588,3375.7978,3347.1859,3366.1630,45038083200,595026433923.3000,1
SSE_COMPOSITE,sh.000001,2025-03-11,3335.4394,3379.8287,3334.8313,3379.8284,44846832300,592285777947.1000,1
SSE_COMPOSITE,sh.000001,2025-03-12,3385.6853,3392.4086,3370.2204,3371.9235,50219510000,648501625854.2000,1
SSE_COMPOSITE,sh.000001,2025-03-13,3371.0945,3377.1183,3341.1182,3358.7285,51901347900,636211623471.0000,1
SSE_COMPOSITE,sh.000001,2025-03-14,3361.6861,3421.2333,3360.6063,3419.5616,58266338800,750041647163.9000,1
SSE_COMPOSITE,sh.000001,2025-03-17,3430.8093,3436.3516,3422.4618,3426.1285,51568513800,639349980361.1000,1
SSE_COMPOSITE,sh.000001,2025-03-18,3434.5653,3437.0654,3423.3005,3429.7593,45491606300,586338207325.5000,1
SSE_COMPOSITE,sh.000001,2025-03-19,3424.1726,3439.0463,3414.5933,3426.4291,44031629900,559970207906.8000,1
SSE_COMPOSITE,sh.000001,2025-03-20,3425.2157,3427.0454,3404.6620,3408.9482,45163068200,565607596558.8000,1
SSE_COMPOSITE,sh.000001,2025-03-21,3401.7593,3414.7094,3355.8396,3364.8307,52086263000,623164007297.2000,1
SSE_COMPOSITE,sh.000001,2025-03-24,3364.8342,3373.6936,3340.2383,3370.0283,51331026000,586745474406.0000,1
SSE_COMPOSITE,sh.000001,2025-03-25,3370.0008,3379.9884,3361.0462,3369.9763,45635739300,516435662209.0000,1
SSE_COMPOSITE,sh.000001,2025-03-26,3365.6658,3382.3424,3365.6658,3368.6973,42853377000,485185602278.8000,1
SSE_COMPOSITE,sh.000001,2025-03-27,3362.7123,3394.0349,3351.1739,3373.7489,41477631400,496457111680.0000,1
SSE_COMPOSITE,sh.000001,2025-03-28,3372.0388,3375.0528,3346.0807,3351.3068,41228428900,468807615343.1000,1
SSE_COMPOSITE,sh.000001,2025-03-31,3343.3442,3361.7415,3317.7381,3335.7462,47257197800,531475775844.1000,1
SSE_COMPOSITE,sh.000001,2025-04-01,3340.7121,3357.6215,3338.7788,3348.4351,42258867000,499415666019.2000,1
SSE_COMPOSITE,sh.000001,2025-04-02,3344.1711,3361.1340,3343.1155,3350.1266,35012736400,411666039517.9000,1
SSE_COMPOSITE,sh.000001,2025-04-03,3319.6057,3358.4256,3319.6057,3342.0077,40051782700,486510412986.4000,1
SSE_COMPOSITE,sh.000001,2025-04-07,3193.1024,3217.7818,3040.6932,3096.5762,66219958400,735367327481.5000,1
SSE_COMPOSITE,sh.000001,2025-04-08,3094.2619,3145.5491,3085.1229,3145.5491,66224238700,730166160654.7000,1
SSE_COMPOSITE,sh.000001,2025-04-09,3110.0101,3186.8099,3070.0778,3186.8099,68479717400,755430247444.1000,1
SSE_COMPOSITE,sh.000001,2025-04-10,3227.8362,3239.9408,3201.5714,3223.6379,59120827300,682356544755.6000,1
SSE_COMPOSITE,sh.000001,2025-04-11,3219.5053,3249.8536,3211.3497,3238.2268,47553180400,580791402193.7000,1
SSE_COMPOSITE,sh.000001,2025-04-14,3251.9779,3272.7203,3244.7327,3262.8075,47137322000,543811431533.9000,1
SSE_COMPOSITE,sh.000001,2025-04-15,3260.6850,3268.9848,3246.3369,3267.6623,39666289500,456332610419.5000,1
SSE_COMPOSITE,sh.000001,2025-04-16,3267.6650,3276.0045,3233.7911,3276.0039,42953485400,489200692651.5000,1
SSE_COMPOSITE,sh.000001,2025-04-17,3261.7177,3285.9154,3258.1451,3280.3412,38201269800,442596764018.0000,1
SSE_COMPOSITE,sh.000001,2025-04-18,3270.3534,3283.0896,3262.3916,3276.7304,35883619300,380313472554.0000,1
SSE_COMPOSITE,sh.000001,2025-04-21,3273.1383,3298.6398,3270.0131,3291.4341,37930758800,429391687759.8000,1
SSE_COMPOSITE,sh.000001,2025-04-22,3289.1664,3311.1529,3288.3316,3299.7571,40316761500,452675441997.0000,1
SSE_COMPOSITE,sh.000001,2025-04-23,3308.1514,3312.1923,3293.0633,3296.3552,41163321200,486209315161.0000,1
SSE_COMPOSITE,sh.000001,2025-04-24,3295.1487,3313.5087,3286.2363,3297.2881,39284474900,434706037225.2000,1
SSE_COMPOSITE,sh.000001,2025-04-25,3300.3916,3305.2618,3288.7545,3295.0600,41104319200,445417627332.6000,1
SSE_COMPOSITE,sh.000001,2025-04-28,3292.0559,3296.9318,3279.8773,3288.4147,41066586300,441916383127.0000,1
SSE_COMPOSITE,sh.000001,2025-04-29,3281.4453,3294.9815,3277.6271,3286.6548,38896167200,430881033503.5000,1
SSE_COMPOSITE,sh.000001,2025-04-30,3284.0812,3292.2002,3277.5499,3279.0314,43579433500,505572584224.8000,1
SSE_COMPOSITE,sh.000001,2025-05-06,3295.2504,3316.4476,3286.9886,3316.1135,47436961700,551825065624.5000,1
SSE_COMPOSITE,sh.000001,2025-05-07,3354.9737,3356.6884,3324.8088,3342.6651,51115960600,595230089056.8000,1
SSE_COMPOSITE,sh.000001,2025-05-08,3331.2052,3359.7309,3327.9024,3351.9958,42837776600,501611375480.2000,1
SSE_COMPOSITE,sh.000001,2025-05-09,3350.4050,3351.2198,3335.1270,3341.9989,39890919100,464862361533.5000,1
SSE_COMPOSITE,sh.000001,2025-05-12,3352.9698,3372.4724,3344.2687,3369.2445,41823991000,522080702357.3000,1
SSE_COMPOSITE,sh.000001,2025-05-13,3386.2344,3386.2344,3370.2516,3374.8707,42624070000,506608943780.3000,1
SSE_COMPOSITE,sh.000001,2025-05-14,3374.2353,3417.3142,3368.0781,3403.9481,46493444100,534872944626.8000,1
SSE_COMPOSITE,sh.000001,2025-05-15,3398.4272,3402.8656,3378.0208,3380.8214,42410091600,461292249433.7000,1
SSE_COMPOSITE,sh.000001,2025-05-16,3374.7061,3380.2900,3356.6609,3367.4619,39540103000,435647042664.2000,1
SSE_COMPOSITE,sh.000001,2025-05-19,3365.8823,3373.5994,3356.6483,3367.5829,40307480500,437177569219.3000,1
SSE_COMPOSITE,sh.000001,2025-05-20,3371.6886,3387.8040,3369.9629,3380.4780,40554453400,450290477203.2000,1
SSE_COMPOSITE,sh.000001,2025-05-21,3380.2094,3394.7541,3380.2094,3387.5736,41249616500,465956993372.1000,1
SSE_COMPOSITE,sh.000001,2025-05-22,3381.8650,3390.5925,3376.2331,3380.1885,39421720600,438334515335.4000,1
SSE_COMPOSITE,sh.000001,2025-05-23,3376.8691,3389.4686,3348.3717,3348.3717,40022700400,468587869621.5000,1
SSE_COMPOSITE,sh.000001,2025-05-26,3346.5610,3362.3070,3336.3552,3346.8388,34756210100,400526568362.5000,1
SSE_COMPOSITE,sh.000001,2025-05-27,3346.5029,3351.5718,3332.4895,3340.6870,34407115700,394408732880.1000,1
SSE_COMPOSITE,sh.000001,2025-05-28,3341.8518,3348.2340,3336.7273,3339.9319,34155544300,389341214708.2000,1
SSE_COMPOSITE,sh.000001,2025-05-29,3340.4012,3368.6334,3337.4150,3363.4455,39323380600,453741382170.8000,1
SSE_COMPOSITE,sh.000001,2025-05-30,3358.8093,3361.2751,3341.6484,3347.4873,38560217000,443358967722.6000,1
SSE_COMPOSITE,sh.000001,2025-06-03,3340.0666,3366.9974,3340.0666,3361.9755,39806077200,468292670251.0000,1
SSE_COMPOSITE,sh.000001,2025-06-04,3363.3910,3379.6401,3363.3910,3376.2029,38649464300,446844610692.2000,1
SSE_COMPOSITE,sh.000001,2025-06-05,3378.2169,3387.7645,3371.1457,3384.0985,40625209300,498241228900.9000,1
SSE_COMPOSITE,sh.000001,2025-06-06,3384.2949,3391.4510,3379.7641,3385.3579,38012288600,452743716106.4000,1
SSE_COMPOSITE,sh.000001,2025-06-09,3388.7783,3402.0503,3383.0742,3399.7716,42734794700,511879936968.4000,1
SSE_COMPOSITE,sh.000001,2025-06-10,3402.0130,3406.4515,3365.6674,3384.8163,48161856800,557427629004.8000,1
SSE_COMPOSITE,sh.000001,2025-06-11,3385.4568,3413.5132,3385.4568,3402.3159,42409031300,501807385818.0000,1
SSE_COMPOSITE,sh.000001,2025-06-12,3397.9720,3408.2049,3388.8657,3402.6580,40949061000,501624560637.2000,1
SSE_COMPOSITE,sh.000001,2025-06-13,3397.4844,3401.5526,3370.5924,3376.9960,51006522100,605384839391.2000,1
SSE_COMPOSITE,sh.000001,2025-06-16,3369.3661,3389.7563,3368.8764,3388.7293,40538327800,481594409526.3000,1
SSE_COMPOSITE,sh.000001,2025-06-17,3388.1801,3393.3127,3376.4201,3387.4049,39001244700,458038158678.3000,1
SSE_COMPOSITE,sh.000001,2025-06-18,3386.1360,3391.7087,3369.9859,3388.8086,37868489100,441011095449.0000,1
SSE_COMPOSITE,sh.000001,2025-06-19,3384.2932,3386.9194,3353.9355,3362.1082,41532765500,473258595431.1000,1
SSE_COMPOSITE,sh.000001,2025-06-20,3358.9128,3370.7984,3357.7061,3359.8954,35022366200,410873272619.8000,1
SSE_COMPOSITE,sh.000001,2025-06-23,3349.4603,3389.4524,3347.6508,3381.5816,38456139700,442789178469.5000,1
SSE_COMPOSITE,sh.000001,2025-06-24,3380.0800,3423.7835,3380.0800,3420.5660,46096380000,544882077636.6000,1
SSE_COMPOSITE,sh.000001,2025-06-25,3419.0914,3459.0093,3417.4105,3455.9736,50938406400,620173277605.0000,1
SSE_COMPOSITE,sh.000001,2025-06-26,3451.7193,3462.7520,3446.1855,3448.4534,49654107700,603095111896.8000,1
SSE_COMPOSITE,sh.000001,2025-06-27,3450.6863,3462.6273,3421.0403,3424.2267,52312943200,605731616257.7000,1
SSE_COMPOSITE,sh.000001,2025-06-30,3423.4738,3447.4600,3420.1118,3444.4256,45734804900,567137246034.1000,1
SSE_COMPOSITE,sh.000001,2025-07-01,3445.8457,3459.5866,3441.0379,3457.7474,44435673900,553556536157.1000,1
SSE_COMPOSITE,sh.000001,2025-07-02,3458.1710,3461.3280,3447.9557,3454.7924,49811677600,543130721694.1000,1
SSE_COMPOSITE,sh.000001,2025-07-03,3456.1519,3463.6198,3446.9739,3461.1506,43854346500,500211767756.2000,1
SSE_COMPOSITE,sh.000001,2025-07-04,3459.5924,3497.2248,3455.4938,3472.3192,50019521000,567241277895.0000,1
SSE_COMPOSITE,sh.000001,2025-07-07,3467.9849,3474.8007,3462.7923,3473.1271,43663134000,476197431422.8000,1
SSE_COMPOSITE,sh.000001,2025-07-08,3474.6316,3499.8857,3474.6316,3497.4753,49348477300,567506524760.7000,1
SSE_COMPOSITE,sh.000001,2025-07-09,3498.7240,3512.6687,3491.2007,3493.0495,52392008800,595962525111.9000,1
SSE_COMPOSITE,sh.000001,2025-07-10,3491.4973,3526.5899,3491.4973,3509.6818,56415980500,613160543948.2000,1
SSE_COMPOSITE,sh.000001,2025-07-11,3511.3656,3555.2179,3506.7994,3510.1772,66418524900,753549049070.7000,1
SSE_COMPOSITE,sh.000001,2025-07-14,3513.2515,3532.1183,3513.2515,3519.6498,57208470500,623102482278.4000,1
SSE_COMPOSITE,sh.000001,2025-07-15,3519.8052,3527.0379,3483.3798,3504.9988,57207472600,646851665146.7000,1
SSE_COMPOSITE,sh.000001,2025-07-16,3502.8987,3511.8058,3489.1368,3503.7769,47087857800,572419318650.3000,1
SSE_COMPOSITE,sh.000001,2025-07-17,3500.3715,3517.2847,3499.1856,3516.8255,47221105600,609791010257.6000,1
SSE_COMPOSITE,sh.000001,2025-07-18,3519.4752,3536.0143,3518.2313,3534.4827,49348408800,643627574928.6000,1
SSE_COMPOSITE,sh.000001,2025-07-21,3542.8164,3560.6285,3542.5677,3559.7912,63364973600,730905862905.4000,1
SSE_COMPOSITE,sh.000001,2025-07-22,3561.6316,3584.7185,3547.2520,3581.8611,71615523000,840573441871.1000,1
SSE_COMPOSITE,sh.000001,2025-07-23,3588.8777,3613.0223,3577.5942,3582.2980,76767238800,857045959534.1000,1
SSE_COMPOSITE,sh.000001,2025-07-24,3578.9121,3608.7278,3577.1131,3605.7269,77326583500,852239625256.5000,1
SSE_COMPOSITE,sh.000001,2025-07-25,3604.4505,3610.0287,3586.2200,3593.6553,69718954900,821609575947.0000,1
SSE_COMPOSITE,sh.000001,2025-07-28,3594.2313,3606.2742,3582.1489,3597.9369,59418787700,761265438432.3000,1
SSE_COMPOSITE,sh.000001,2025-07-29,3595.8099,3611.3532,3585.9435,3609.7113,61064205800,793606423704.5000,1
SSE_COMPOSITE,sh.000001,2025-07-30,3608.3540,3636.1664,3593.7338,3615.7167,63722191600,819627949113.9000,1
SSE_COMPOSITE,sh.000001,2025-07-31,3604.6959,3606.3744,3562.6072,3573.2082,65450934900,845893058058.2000,1
SSE_COMPOSITE,sh.000001,2025-08-01,3568.2608,3581.7457,3550.0434,3559.9518,50956308000,684645226021.3000,1
SSE_COMPOSITE,sh.000001,2025-08-04,3547.1629,3583.3088,3547.1629,3583.3088,45857361800,639775598456.7000,1
SSE_COMPOSITE,sh.000001,2025-08-05,3588.8077,3617.5976,3586.9686,3617.5976,49979778000,656382505101.8000,1
SSE_COMPOSITE,sh.000001,2025-08-06,3615.8080,3634.3135,3613.9894,3633.9949,51246727300,707221251607.5000,1
SSE_COMPOSITE,sh.000001,2025-08-07,3637.7811,3645.1170,3622.5224,3639.6666,53550120200,749699997336.3000,1
SSE_COMPOSITE,sh.000001,2025-08-08,3634.8546,3645.3667,3625.4508,3635.1281,52640757200,713569731141.5000,1
SSE_COMPOSITE,sh.000001,2025-08-11,3637.0534,3656.8517,3629.6267,3647.5467,55139334800,751329446777.5000,1
SSE_COMPOSITE,sh.000001,2025-08-12,3647.9625,3669.0384,3647.9625,3665.9177,53662373900,778161034248.2000,1
SSE_COMPOSITE,sh.000001,2025-08-13,3668.6581,3688.6276,3666.5468,3683.4648,61352888400,887022595719.3000,1
SSE_COMPOSITE,sh.000001,2025-08-14,3685.5223,3704.7715,3662.5695,3666.4426,64782958700,949464273623.5000,1
SSE_COMPOSITE,sh.000001,2025-08-15,3659.8146,3702.2553,3658.3762,3696.7705,67852170300,960624988909.0000,1
SSE_COMPOSITE,sh.000001,2025-08-18,3712.4952,3745.9390,3702.3802,3728.0273,77601666900,1133941943157.7000,1
SSE_COMPOSITE,sh.000001,2025-08-19,3728.4851,3746.6690,3718.1467,3727.2879,69609975000,1060899235668.4000,1
SSE_COMPOSITE,sh.000001,2025-08-20,3716.6847,3767.4300,3704.9912,3766.2104,67983642600,1017500164063.9000,1
SSE_COMPOSITE,sh.000001,2025-08-21,3770.6757,3787.9806,3757.9918,3771.0989,69155295900,997741900750.3000,1
SSE_COMPOSITE,sh.000001,2025-08-22,3772.2769,3825.7592,3772.2769,3825.7592,69813627700,1095091495710.2000,1
SSE_COMPOSITE,sh.000001,2025-08-25,3848.1629,3883.5617,3839.9724,3883.5617,88547480200,1360903869036.7000,1
SSE_COMPOSITE,sh.000001,2025-08-26,3871.4710,3888.5985,3859.7575,3868.3820,73456530500,1114187895250.2000,1
SSE_COMPOSITE,sh.000001,2025-08-27,3869.6116,3887.1980,3800.3499,3800.3499,85863349900,1326848744018.2000,1
SSE_COMPOSITE,sh.000001,2025-08-28,3796.7112,3845.0871,3761.4221,3843.5974,78835194700,1265185534195.1000,1
SSE_COMPOSITE,sh.000001,2025-08-29,3842.8234,3867.6058,3839.2059,3857.9274,73946236600,1221691851556.0000,1
SSE_COMPOSITE,sh.000001,2025-09-01,3869.7457,3879.0453,3853.6584,3875.5304,74770953600,1208347980856.1000,1
SSE_COMPOSITE,sh.000001,2025-09-02,3877.0858,3885.3145,3828.6775,3858.1334,76261883300,1222777663997.4000,1
SSE_COMPOSITE,sh.000001,2025-09-03,3865.2860,3868.3877,3794.8837,3813.5566,64566851000,1012296084003.2000,1
SSE_COMPOSITE,sh.000001,2025-09-04,3807.7571,3808.3955,3732.8404,3765.8759,71022793300,1107892043203.7000,1
SSE_COMPOSITE,sh.000001,2025-09-05,3761.8801,3817.1589,3745.3091,3812.5143,62622338000,979061710221.1000,1
SSE_COMPOSITE,sh.000001,2025-09-08,3811.6692,3833.1430,3803.6033,3826.8407,66006689800,1025883749952.0000,1
SSE_COMPOSITE,sh.000001,2025-09-09,3816.6574,3834.6710,3791.7243,3807.2923,60023938000,917795306225.7000,1
SSE_COMPOSITE,sh.000001,2025-09-10,3806.5842,3826.9959,3794.0574,3812.2212,53453982500,821113584522.2000,1
SSE_COMPOSITE,sh.000001,2025-09-11,3806.0564,3875.3094,3796.4345,3875.3094,61701293000,1016794001382.1000,1
SSE_COMPOSITE,sh.000001,2025-09-12,3875.5072,3892.7375,3866.5388,3870.5984,70064178400,1093807300663.5000,1
SSE_COMPOSITE,sh.000001,2025-09-15,3876.0974,3879.7365,3855.9725,3860.5036,64479394400,986171993940.4000,1
SSE_COMPOSITE,sh.000001,2025-09-16,3865.9801,3876.6901,3838.6483,3861.8651,67343972300,989786137921.6000,1
SSE_COMPOSITE,sh.000001,2025-09-17,3854.0726,3882.6687,3848.9455,3876.3409,66343471300,1006679080914.2000,1
SSE_COMPOSITE,sh.000001,2025-09-18,3876.0592,3899.9594,3800.9953,3831.6562,87602738900,1365962423640.1000,1
SSE_COMPOSITE,sh.000001,2025-09-19,3830.4437,3843.1696,3811.9029,3820.0894,68229261300,1016348310666.0000,1
SSE_COMPOSITE,sh.000001,2025-09-22,3822.0096,3831.7404,3806.2016,3828.5764,56832568600,941799982064.9000,1
SSE_COMPOSITE,sh.000001,2025-09-23,3830.1379,3838.6059,3774.5282,3821.8327,70190286800,1071697826138.1000,1
SSE_COMPOSITE,sh.000001,2025-09-24,3804.4833,3854.9230,3804.3279,3853.6422,60205667000,1015707870454.7000,1
SSE_COMPOSITE,sh.000001,2025-09-25,3852.4310,3866.1058,3840.4590,3853.3021,58995053100,1001211369113.8000,1
SSE_COMPOSITE,sh.000001,2025-09-26,3839.8553,3856.6062,3828.1060,3828.1060,55127533500,927864903416.8000,1
SSE_COMPOSITE,sh.000001,2025-09-29,3828.1656,3881.0023,3809.5352,3862.5317,60846639900,968212397572.1000,1
SSE_COMPOSITE,sh.000001,2025-09-30,3869.7046,3887.5700,3866.2808,3882.7774,56973463100,973274951648.6000,1
SSE_COMPOSITE,sh.000001,2025-10-09,3898.3070,3936.5761,3885.7437,3933.9724,72521850100,1216888716062.2000,1
SSE_COMPOSITE,sh.000001,2025-10-10,3915.4752,3933.0053,3886.3050,3897.0281,71891767300,1132127151734.5000,1
SSE_COMPOSITE,sh.000001,2025-10-13,3800.1055,3895.8300,3800.1055,3889.5022,70950610100,1085413591325.5000,1
SSE_COMPOSITE,sh.000001,2025-10-14,3910.7825,3918.4357,3851.1209,3865.2289,80083963100,1209983827683.7000,1
SSE_COMPOSITE,sh.000001,2025-10-15,3867.5364,3912.2912,3857.6668,3912.2095,64501295500,961552165635.2000,1
SSE_COMPOSITE,sh.000001,2025-10-16,3900.6834,3931.0500,3899.1673,3916.2280,59545149100,869264580464.7000,1
SSE_COMPOSITE,sh.000001,2025-10-17,3912.0403,3921.0648,3835.3648,3839.7553,61756301800,873181597948.6000,1
SSE_COMPOSITE,sh.000001,2025-10-20,3865.5523,3877.7215,3850.3673,3863.8926,54926171200,772503219631.8000,1
SSE_COMPOSITE,sh.000001,2025-10-21,3870.7488,3919.3183,3868.1453,3916.3322,59941571300,837938398314.8000,1
SSE_COMPOSITE,sh.000001,2025-10-22,3896.0736,3918.5924,3893.3250,3913.7576,54311734400,741524798446.6000,1
SSE_COMPOSITE,sh.000001,2025-10-23,3904.1590,3926.2171,3877.5294,3922.4101,56518926400,718931051972.4000,1
SSE_COMPOSITE,sh.000001,2025-10-24,3929.1150,3950.3115,3928.9598,3950.3115,56785844300,858491253210.7000,1
SSE_COMPOSITE,sh.000001,2025-10-27,3969.2197,3999.0667,3963.1017,3996.9445,63758954500,1043404043203.5000,1
SSE_COMPOSITE,sh.000001,2025-10-28,3986.8912,4010.7275,3976.8326,3988.2239,57735768400,940760864469.3000,1
SSE_COMPOSITE,sh.000001,2025-10-29,3990.2655,4016.3310,3986.9414,4016.3310,61291746600,968215713263.9000,1
SSE_COMPOSITE,sh.000001,2025-10-30,4007.8207,4025.7048,3984.8284,3986.9008,66848560900,1070058589394.8000,1
SSE_COMPOSITE,sh.000001,2025-10-31,3985.0641,3986.7433,3951.7308,3954.7900,67561540600,1031104616829.4000,1
SSE_COMPOSITE,sh.000001,2025-11-03,3954.0783,3977.3051,3937.0215,3976.5207,64124594500,941703699263.6000,1
SSE_COMPOSITE,sh.000001,2025-11-04,3973.4575,3985.8822,3938.5197,3960.1860,61549379200,852938368429.6000,1
SSE_COMPOSITE,sh.000001,2025-11-05,3922.5844,3979.7537,3922.5844,3969.2483,61499161800,827133576949.8000,1
SSE_COMPOSITE,sh.000001,2025-11-06,3973.3493,4008.7991,3973.3493,4007.7599,62736754700,930275554354.8000,1
SSE_COMPOSITE,sh.000001,2025-11-07,3994.3167,4012.0054,3993.6910,3997.5557,59650703400,875486746391.1000,1
SSE_COMPOSITE,sh.000001,2025-11-10,4001.7939,4018.6958,3990.8359,4018.5972,63404999300,960588645762.4000,1
SSE_COMPOSITE,sh.000001,2025-11-11,4023.8770,4024.9390,3991.5156,4002.7576,58199492100,858362142552.7000,1
SSE_COMPOSITE,sh.000001,2025-11-12,3996.5648,4020.3775,3980.6756,4000.1396,58619322800,840467209890.1000,1
SSE_COMPOSITE,sh.000001,2025-11-13,3996.5143,4030.3983,3994.7712,4029.5012,61303106100,876400923596.7000,1
SSE_COMPOSITE,sh.000001,2025-11-14,4007.1258,4034.0786,3990.3074,3990.4921,62201711800,837969502203.3000,1
SSE_COMPOSITE,sh.000001,2025-11-17,3988.5564,3992.4041,3958.9484,3972.0348,59201795000,805733125739.0000,1
SSE_COMPOSITE,sh.000001,2025-11-18,3962.4437,3966.8854,3926.5885,3939.8131,59441104600,790948598391.3000,1
SSE_COMPOSITE,sh.000001,2025-11-19,3937.9198,3960.0518,3930.0745,3946.7424,53114960100,720908759223.9000,1
SSE_COMPOSITE,sh.000001,2025-11-20,3960.6993,3967.9710,3927.5124,3931.0512,53474954000,711341284004.3000,1
SSE_COMPOSITE,sh.000001,2025-11-21,3896.6646,3912.0063,3834.7490,3834.8908,63164625100,824931134789.7000,1
SSE_COMPOSITE,sh.000001,2025-11-24,3848.6565,3854.3305,3816.5757,3836.7655,50460171600,715539247360.9000,1
SSE_COMPOSITE,sh.000001,2025-11-25,3850.5710,3882.0299,3845.1383,3870.0228,47872761100,722788782819.5000,1
SSE_COMPOSITE,sh.000001,2025-11-26,3867.4290,3879.9231,3861.1769,3864.1844,45758975500,701019872528.9000,1
SSE_COMPOSITE,sh.000001,2025-11-27,3867.1971,3895.5892,3864.1311,3875.2594,44402194700,698519107248.5000,1
SSE_COMPOSITE,sh.000001,2025-11-28,3870.9438,3888.8885,3856.2500,3888.5962,44993197300,645755815104.9000,1
SSE_COMPOSITE,sh.000001,2025-12-01,3894.2132,3914.4644,3890.9485,3914.0061,53755413300,785658341860.2000,1
SSE_COMPOSITE,sh.000001,2025-12-02,3908.4559,3908.7688,3888.3275,3897.7116,45558449400,627440672462.5000,1
SSE_COMPOSITE,sh.000001,2025-12-03,3894.1556,3901.6960,3869.9528,3877.9996,48561727000,647166528203.2000,1
SSE_COMPOSITE,sh.000001,2025-12-04,3879.7417,3888.8595,3859.0491,3875.7933,44504029000,623712571515.4000,1
SSE_COMPOSITE,sh.000001,2025-12-05,3873.1207,3907.7816,3863.3137,3902.8076,50036876800,716742448877.0000,1
SSE_COMPOSITE,sh.000001,2025-12-08,3909.2260,3936.3111,3904.7377,3924.0778,54734978900,839439003433.4000,1
SSE_COMPOSITE,sh.000001,2025-12-09,3916.5087,3923.8986,3902.1278,3909.5216,52453825600,781160399409.0000,1
SSE_COMPOSITE,sh.000001,2025-12-10,3901.1275,3906.1163,3876.4745,3900.4960,49733150400,730359828445.1000,1
SSE_COMPOSITE,sh.000001,2025-12-11,3903.8948,3904.9632,3862.8210,3873.3176,52565860000,764350151578.5000,1
SSE_COMPOSITE,sh.000001,2025-12-12,3869.4127,3891.8068,3850.5968,3889.3457,57394713000,909950905460.9000,1
SSE_COMPOSITE,sh.000001,2025-12-15,3865.4021,3896.9769,3863.6296,3867.9209,50092279000,764604815504.0000,1
SSE_COMPOSITE,sh.000001,2025-12-16,3861.5145,3862.4271,3815.8444,3824.8119,51249482700,733294004020.4000,1
SSE_COMPOSITE,sh.000001,2025-12-17,3822.5086,3881.7519,3817.9955,3870.2775,51231369200,766820526342.6000,1
SSE_COMPOSITE,sh.000001,2025-12-18,3857.2568,3888.2853,3856.4229,3876.3705,46117262500,704895595179.1000,1
SSE_COMPOSITE,sh.000001,2025-12-19,3878.2270,3902.6708,3871.7767,3890.4475,51351189300,738066004815.6000,1
SSE_COMPOSITE,sh.000001,2025-12-22,3900.5350,3920.0121,3900.5152,3917.3638,52293899200,789756386752.3000,1
SSE_COMPOSITE,sh.000001,2025-12-23,3919.1063,3937.1270,3910.7449,3919.9786,52115695200,806853443041.0000,1
SSE_COMPOSITE,sh.000001,2025-12-24,3920.3466,3947.0408,3912.3107,3940.9470,47489644700,773928624467.6000,1
SSE_COMPOSITE,sh.000001,2025-12-25,3937.7196,3964.0733,3936.0782,3959.6211,46931309300,785018650091.1000,1
SSE_COMPOSITE,sh.000001,2025-12-26,3957.8326,3977.7062,3945.5238,3963.6789,55548959200,893644363934.7000,1
SSE_COMPOSITE,sh.000001,2025-12-29,3964.6513,3983.9787,3956.9455,3965.2796,56368719700,903819726764.6000,1
SSE_COMPOSITE,sh.000001,2025-12-30,3947.8707,3979.9901,3947.4187,3965.1159,52593258800,887533318588.4000,1
SSE_COMPOSITE,sh.000001,2025-12-31,3968.7256,3977.5358,3955.4871,3968.8401,49075149000,829511897494.9000,1
SSE_COMPOSITE,sh.000001,2026-01-05,3986.9721,4025.2632,3983.5759,4023.4167,59695045500,1067334169201.5000,1
SSE_COMPOSITE,sh.000001,2026-01-06,4026.0158,4083.6672,4025.0880,4083.6672,70247227000,1175768705035.0000,1
SSE_COMPOSITE,sh.000001,2026-01-07,4083.8430,4098.7771,4069.4358,4085.7723,68338435200,1197422798276.7000,1
SSE_COMPOSITE,sh.000001,2026-01-08,4077.7150,4093.8718,4067.1216,4082.9788,66613133700,1183188755951.4000,1
SSE_COMPOSITE,sh.000001,2026-01-09,4086.7624,4121.7226,4083.6155,4120.4260,72983798500,1289205972263.2000,1
SSE_COMPOSITE,sh.000001,2026-01-12,4134.8930,4168.3569,4119.8793,4165.2870,83945608900,1446230122005.3000,1
SSE_COMPOSITE,sh.000001,2026-01-13,4169.7041,4179.7020,4126.2343,4138.7585,86838271700,1481574218613.4000,1
SSE_COMPOSITE,sh.000001,2026-01-14,4138.6454,4190.8663,4103.6205,4126.0932,95255128900,1607041237767.9000,1
SSE_COMPOSITE,sh.000001,2026-01-15,4106.2241,4133.0726,4096.8496,4112.6012,68025079100,1175915097396.1000,1
SSE_COMPOSITE,sh.000001,2026-01-16,4127.0632,4140.2251,4091.8106,4101.9127,76358846500,1338017280024.0000,1
SSE_COMPOSITE,sh.000001,2026-01-19,4090.7185,4126.5175,4090.0567,4114.0001,68890587000,1190137813599.0000,1
SSE_COMPOSITE,sh.000001,2026-01-20,4116.3659,4128.9304,4080.2938,4113.6490,73436249600,1221485626208.5000,1
SSE_COMPOSITE,sh.000001,2026-01-21,4103.5291,4135.9585,4103.5291,4116.9400,66698950700,1180184557006.2000,1
SSE_COMPOSITE,sh.000001,2026-01-22,4126.0717,4140.8378,4109.9232,4122.5760,70969540900,1201764210237.4000,1
SSE_COMPOSITE,sh.000001,2026-01-23,4130.1076,4143.7498,4120.2040,4136.1642,78211545400,1336857054837.6000,1
SSE_COMPOSITE,sh.000001,2026-01-26,4144.7782,4160.9852,4124.7004,4132.6052,88743973100,1451859840027.3000,1
SSE_COMPOSITE,sh.000001,2026-01-27,4125.2155,4158.8019,4101.8299,4139.9041,75499086900,1289432378945.4000,1
SSE_COMPOSITE,sh.000001,2026-01-28,4150.2152,4170.1468,4138.0188,4151.2378,82302674800,1365526057112.0000,1
SSE_COMPOSITE,sh.000001,2026-01-29,4155.9185,4170.2138,4138.2992,4157.9845,90590837100,1485795395416.2000,1
SSE_COMPOSITE,sh.000001,2026-01-30,4131.9929,4152.8501,4064.7769,4117.9476,80434274600,1269855689027.9000,1
SSE_COMPOSITE,sh.000001,2026-02-02,4079.7075,4103.4073,4013.6557,4015.7464,73295369800,1163532654161.8000,1
SSE_COMPOSITE,sh.000001,2026-02-03,4043.9061,4069.4179,4002.7820,4067.7379,63768424900,1110720213016.3000,1
SSE_COMPOSITE,sh.000001,2026-02-04,4064.6772,4104.6207,4062.6825,4102.2020,67425424400,1063544769928.3000,1
SSE_COMPOSITE,sh.000001,2026-02-05,4075.0254,4088.9041,4048.9390,4075.9167,59672223600,946988891270.6000,1
SSE_COMPOSITE,sh.000001,2026-02-06,4040.2992,4095.0303,4029.9731,4065.5834,55670980100,898655032959.0000,1
SSE_COMPOSITE,sh.000001,2026-02-09,4103.5396,4123.1587,4093.0561,4123.0897,57263258200,949726335965.8000,1
SSE_COMPOSITE,sh.000001,2026-02-10,4127.7658,4134.3382,4117.5635,4128.3731,52462096900,882201747043.8000,1
SSE_COMPOSITE,sh.000001,2026-02-11,4124.4277,4142.5612,4122.4283,4131.9850,50068527800,822607547250.8000,1
SSE_COMPOSITE,sh.000001,2026-02-12,4136.9900,4140.5931,4124.1308,4134.0178,52937011600,897955034838.8000,1
SSE_COMPOSITE,sh.000001,2026-02-13,4115.9243,4123.8443,4079.7702,4082.0726,50079947200,846808337462.1000,1
SSE_COMPOSITE,sh.000001,2026-02-24,4129.1338,4131.5499,4105.9369,4117.4089,56632224900,938611375999.8000,1
SSE_COMPOSITE,sh.000001,2026-02-25,4123.7808,4167.8438,4122.6987,4147.2305,72478721400,1085969561174.1000,1
SSE_COMPOSITE,sh.000001,2026-02-26,4151.0680,4152.1926,4127.1531,4146.6311,65170282600,1067198717434.1000,1
SSE_COMPOSITE,sh.000001,2026-02-27,4128.8974,4166.2344,4128.3600,4162.8815,68204764600,1072367831609.8000,1
SSE_COMPOSITE,sh.000001,2026-03-02,4151.8011,4188.7702,4131.3676,4182.5909,86157921800,1345892469395.2000,1
SSE_COMPOSITE,sh.000001,2026-03-03,4189.4079,4197.2280,4116.0110,4122.6760,92113917000,1425790202336.2000,1
SSE_COMPOSITE,sh.000001,2026-03-04,4087.6320,4106.0397,4055.4125,4082.4740,76516953100,1113081986077.5000,1
SSE_COMPOSITE,sh.000001,2026-03-05,4109.7770,4125.6166,4090.6213,4108.5670,68974653500,1068043734805.0000,1
SSE_COMPOSITE,sh.000001,2026-03-06,4085.8954,4129.4647,4085.8954,4124.1940,64676576000,978805927053.9000,1
SSE_COMPOSITE,sh.000001,2026-03-09,4098.6987,4106.5336,4052.5454,4096.6023,79780355600,1194106193208.4000,1
SSE_COMPOSITE,sh.000001,2026-03-10,4098.5869,4123.9578,4098.5869,4123.1380,67492219400,1036427205293.4000,1
SSE_COMPOSITE,sh.000001,2026-03-11,4123.6663,4135.8392,4112.7998,4133.4331,70772716900,1063600874394.3000,1
SSE_COMPOSITE,sh.000001,2026-03-12,4133.1996,4141.6488,4103.1636,4129.1026,78615118200,1078215329773.1000,1
SSE_COMPOSITE,sh.000001,2026-03-13,4117.5738,4134.0794,4086.8469,4095.4485,79205476400,1063918169396.4000,1
SSE_COMPOSITE,sh.000001,2026-03-16,4092.2491,4096.1333,4048.0866,4084.7858,73222709800,1037223833962.6000,1
SSE_COMPOSITE,sh.000001,2026-03-17,4086.2953,4108.4000,4049.5801,4049.9073,67877122400,951228129260.7000,1
SSE_COMPOSITE,sh.000001,2026-03-18,4053.3052,4065.3734,4023.0295,4062.9844,62387310200,876327491359.6000,1
SSE_COMPOSITE,sh.000001,2026-03-19,4028.5420,4042.0221,3994.1651,4006.5523,66725542200,935264956106.7000,1
SSE_COMPOSITE,sh.000001,2026-03-20,4004.5732,4022.7033,3955.7113,3957.0527,66679838700,964863108628.7000,1
SSE_COMPOSITE,sh.000001,2026-03-23,3904.9513,3906.6220,3794.6844,3813.2829,80473885000,1086248286013.6000,1
SSE_COMPOSITE,sh.000001,2026-03-24,3849.6312,3881.4236,3807.9937,3881.2797,68062203900,931418842711.4000,1
SSE_COMPOSITE,sh.000001,2026-03-25,3892.2690,3933.0613,3891.8159,3931.8375,68834362600,967854261244.5000,1
SSE_COMPOSITE,sh.000001,2026-03-26,3924.9621,3937.1041,3880.5729,3889.0835,61597398100,848361335072.3000,1
SSE_COMPOSITE,sh.000001,2026-03-27,3852.0936,3924.1075,3852.0936,3913.7238,56134296300,799696430885.6000,1
SSE_COMPOSITE,sh.000001,2026-03-30,3884.2769,3924.2893,3872.7756,3923.2869,59558947900,839822434665.3000,1
SSE_COMPOSITE,sh.000001,2026-03-31,3924.0670,3948.8107,3891.8605,3891.8605,60670498300,891945339553.7000,1
SSE_COMPOSITE,sh.000001,2026-04-01,3939.5658,3955.9430,3929.9213,3948.5521,56461159800,897278213909.0000,1
SSE_COMPOSITE,sh.000001,2026-04-02,3940.7989,3952.5761,3900.1164,3919.2852,54421283500,811896566971.7000,1
SSE_COMPOSITE,sh.000001,2026-04-03,3927.5923,3929.5285,3871.3004,3880.0967,49269908200,713830332060.1000,1
SSE_COMPOSITE,sh.000001,2026-04-07,3884.1505,3902.6065,3875.6843,3890.1645,47361507600,723905837261.2000,1
SSE_COMPOSITE,sh.000001,2026-04-08,3930.2507,3994.9975,3926.2489,3994.9975,64413535200,1074211701270.4000,1
SSE_COMPOSITE,sh.000001,2026-04-09,3967.6296,3979.1271,3955.2458,3966.1712,54156980100,902481840100.8000,1
SSE_COMPOSITE,sh.000001,2026-04-10,3985.4640,4011.0243,3979.8140,3986.2247,54641554100,955664107213.6000,1
SSE_COMPOSITE,sh.000001,2026-04-13,3971.1985,3991.2622,3966.1981,3988.5580,54578176800,919436481788.0000,1
SSE_COMPOSITE,sh.000001,2026-04-14,4006.7267,4026.6256,3992.4071,4026.6256,57025900300,998435132019.7000,1
SSE_COMPOSITE,sh.000001,2026-04-15,4039.4711,4050.6208,4020.9039,4027.2095,56945858900,1028851871452.4000,1
SSE_COMPOSITE,sh.000001,2026-04-16,4030.1378,4057.8314,4028.9086,4055.5468,54587696700,976565489654.5000,1
SSE_COMPOSITE,sh.000001,2026-04-17,4043.3813,4058.6041,4038.4287,4051.4254,54879140600,1013520660231.1000,1
SSE_COMPOSITE,sh.000001,2026-04-20,4053.3745,4083.1902,4051.6850,4082.1271,58984137900,1084578006427.0000,1
SSE_COMPOSITE,sh.000001,2026-04-21,4075.8454,4086.6369,4062.1326,4085.0766,57668945000,1033349016214.4000,1
SSE_COMPOSITE,sh.000001,2026-04-22,4074.8131,4106.8441,4074.6796,4106.2581,58246634600,1093625892373.6000,1
SSE_COMPOSITE,sh.000001,2026-04-23,4110.7883,4114.8443,4070.4598,4093.2501,67116609200,1234396207619.2000,1
SSE_COMPOSITE,sh.000001,2026-04-24,4081.0326,4092.6131,4061.1453,4079.9004,60503179800,1143000195131.0000,1
SSE_COMPOSITE,sh.000001,2026-04-27,4074.8109,4092.8305,4071.0803,4086.3442,58995086700,1136051921709.8000,1
SSE_COMPOSITE,sh.000001,2026-04-28,4076.1431,4090.2014,4062.8720,4078.6374,60050749800,1113955561935.5000,1
SSE_COMPOSITE,sh.000001,2026-04-29,4061.8221,4112.1518,4061.8221,4107.5144,61422145100,1126615371064.6000,1
SSE_COMPOSITE,sh.000001,2026-04-30,4107.2974,4118.7552,4100.9656,4112.1593,65691272800,1276194739057.5000,1
SSE_COMPOSITE,sh.000001,2026-05-06,4135.4505,4166.1469,4129.9108,4160.1737,70117748000,1465903193400.0000,1
SSE_COMPOSITE,sh.000001,2026-05-07,4168.4467,4180.2099,4163.1365,4180.0922,68557424900,1359099509978.5000,1
SSE_COMPOSITE,sh.000001,2026-05-08,4163.8537,4183.0631,4154.2456,4179.9524,69701909400,1331673066130.8000,1
SSE_COMPOSITE,sh.000001,2026-05-11,4201.3465,4229.5795,4186.0819,4225.0207,76273628700,1584366746239.2000,1
SSE_COMPOSITE,sh.000001,2026-05-12,4229.2833,4230.1839,4199.3440,4214.4891,71898400200,1465272590579.1000,1
SSE_COMPOSITE,sh.000001,2026-05-13,4192.3145,4245.0684,4192.3145,4242.5720,70501873900,1447463947685.1000,1
SSE_COMPOSITE,sh.000001,2026-05-14,4256.1569,4258.8631,4177.9175,4177.9175,76423500400,1498116800621.6000,1
SSE_COMPOSITE,sh.000001,2026-05-15,4174.1750,4191.8068,4114.0856,4135.3894,73316235700,1519240026458.7000,1
SSE_COMPOSITE,sh.000001,2026-05-18,4120.1401,4145.6612,4108.6044,4131.5276,62723313700,1315084195447.2000,1
SSE_COMPOSITE,sh.000001,2026-05-19,4122.9608,4170.2887,4107.9944,4169.5378,61761106700,1306522478007.3000,1
SSE_COMPOSITE,sh.000001,2026-05-20,4152.6984,4169.8468,4139.9744,4162.1845,62415203500,1358926939220.2000,1
SSE_COMPOSITE,sh.000001,2026-05-21,4174.3772,4199.5269,4074.2167,4077.2765,72721870100,1595726694714.8000,1
SSE_COMPOSITE,sh.000001,2026-05-22,4096.1723,4120.0875,4067.7471,4112.8996,58945964400,1285847521737.2000,1
SSE_COMPOSITE,sh.000001,2026-05-25,4126.3376,4153.8788,4119.7996,4152.5686,61593086100,1445655378392.4000,1
SSE_COMPOSITE,sh.000001,2026-05-26,4137.3196,4150.2888,4104.4593,4145.3730,65477775600,1461685377747.7000,1
SSE_COMPOSITE,sh.000001,2026-05-27,4138.8053,4153.5614,4077.6160,4093.7266,66046739900,1473449050997.9000,1
SSE_COMPOSITE,sh.000001,2026-05-28,4080.3044,4110.7821,4055.8275,4098.6358,62117995000,1361325732878.4000,1
SSE_COMPOSITE,sh.000001,2026-05-29,4110.5212,4112.9553,4055.8861,4068.5691,73159771000,1532067352981.8000,1
SSE_COMPOSITE,sh.000001,2026-06-01,4067.1578,4093.0405,4045.6898,4057.7400,67602580600,1319801913950.9000,1
SSE_COMPOSITE,sh.000001,2026-06-02,4061.4629,4089.5747,4032.5826,4075.1016,64224465600,1280966176160.9000,1
SSE_COMPOSITE,sh.000001,2026-06-03,4068.3408,4107.0458,4059.9067,4083.9740,66845258300,1429755844607.8000,1
SSE_COMPOSITE,sh.000001,2026-06-04,4053.6702,4080.7178,4043.4331,4057.7811,62119477400,1274652182407.1000,1
SSE_COMPOSITE,sh.000001,2026-06-05,4044.8292,4078.9317,4015.0629,4027.7362,66291857700,1363887868514.9000,1
SSE_COMPOSITE,sh.000001,2026-06-08,3938.7093,4007.4930,3927.8527,3959.3378,65929355500,1267277235711.9000,1
SSE_COMPOSITE,sh.000001,2026-06-09,3977.5394,4010.8715,3955.9080,4010.0307,57657009000,1173088930413.3000,1
SSE_COMPOSITE,sh.000001,2026-06-10,3985.1244,4006.3127,3963.4417,3993.2258,59869473900,1227070067091.4000,1
SSE_COMPOSITE,sh.000001,2026-06-11,3979.7057,3997.4777,3958.4371,3987.0147,56854524400,1185554610734.1000,1
SSE_COMPOSITE,sh.000001,2026-06-12,4017.8648,4060.2710,4008.1769,4031.5129,74313109200,1537401519424.7000,1
SSE_COMPOSITE,sh.000001,2026-06-15,4053.5822,4097.1657,4051.0651,4096.4717,67890781100,1403586231239.1000,1
SSE_COMPOSITE,sh.000001,2026-06-16,4094.2124,4103.9259,4077.8702,4091.8917,61566829600,1369612989674.4000,1
SSE_COMPOSITE,sh.000001,2026-06-17,4074.2913,4109.9579,4073.7319,4108.0762,60807741300,1403145909875.0000,1
SSE_COMPOSITE,sh.000001,2026-06-18,4094.2301,4117.4510,4080.2938,4090.4813,65811606800,1560473972715.4000,1
SSE_COMPOSITE,sh.000001,2026-06-22,4093.9546,4164.4178,4070.1723,4163.0965,74369935500,1704000421650.5000,1
SSE_COMPOSITE,sh.000001,2026-06-23,4153.5930,4175.3476,4085.5908,4106.2517,70900391300,1594542362380.1000,1
SSE_COMPOSITE,sh.000001,2026-06-24,4090.1001,4117.2848,4075.4921,4110.8134,64452751800,1514193285000.4000,1
SSE_COMPOSITE,sh.000001,2026-06-25,4103.4817,4133.0975,4093.0087,4120.2806,67045991700,1618996555015.6000,1
SSE_COMPOSITE,sh.000001,2026-06-26,4098.6864,4099.7796,4007.8593,4027.2648,66010866600,1621195708659.7000,1
SSE_COMPOSITE,sh.000001,2026-06-29,4026.6858,4075.3343,3992.5522,4073.9017,65919993600,1666220369467.3000,1
SSE_COMPOSITE,sh.000001,2026-06-30,4058.1695,4097.4150,4052.1700,4094.3972,59841220300,1530325961725.2000,1
SSE_COMPOSITE,sh.000001,2026-07-01,4090.7598,4143.3135,4087.5354,4112.4453,67233179100,1698487572312.8000,1
SSE_COMPOSITE,sh.000001,2026-07-02,4054.0857,4093.6777,4019.2147,4028.9038,65623361200,1577183734746.7000,1
SSE_COMPOSITE,sh.000001,2026-07-03,4031.3351,4073.8802,4027.2553,4043.6432,60200973800,1465563104853.7000,1
SSE_COMPOSITE,sh.000001,2026-07-06,4059.1941,4060.0688,4005.4137,4041.2382,59036490300,1432112821099.2000,1
SSE_COMPOSITE,sh.000001,2026-07-07,4019.4942,4028.5139,3971.7126,3990.2353,51445309100,1196371087894.4000,1
SSE_COMPOSITE,sh.000001,2026-07-08,3996.8069,4016.0262,3967.9128,3970.8797,49622937400,1192355798215.7000,1
SSE_COMPOSITE,sh.000001,2026-07-09,3977.5473,4040.5387,3938.8775,4036.5879,55306398000,1364176552620.6000,1
SSE_COMPOSITE,sh.000001,2026-07-10,4031.5373,4074.8280,3995.8072,3996.1616,62745006500,1563108691542.7000,1
SSE_COMPOSITE,sh.000001,2026-07-13,3966.0234,3983.0535,3900.6676,3913.7940,59090735600,1334871933909.0000,1
SSE_COMPOSITE,sh.000001,2026-07-14,3909.2740,3967.1262,3869.3042,3967.1262,57998205200,1271796839678.5000,1
SSE_COMPOSITE,sh.000001,2026-07-15,3963.7267,3981.6716,3943.6953,3955.5781,57620949200,1226298269897.2000,1
SSE_COMPOSITE,sh.000001,2026-07-16,3912.3812,3940.4505,3867.6012,3882.4126,53528187300,1124208166213.8000,1
SSE_COMPOSITE,sh.000001,2026-07-17,3865.3165,3869.2148,3745.1744,3764.1547,65045098400,1246445452836.3000,1
SSE_COMPOSITE,sh.000001,2026-07-20,3791.6616,3831.6593,3741.1099,3796.2814,70923406900,1294651895844.7000,1
SSE_COMPOSITE,sh.000001,2026-07-21,3812.1618,3864.6002,3743.3601,3864.3671,73502192500,1396517619563.9000,1
SSE_COMPOSITE,sh.000001,2026-07-22,3839.6654,3884.4352,3839.6654,3867.0336,61425521500,1258148128160.0000,1
SSE_COMPOSITE,sh.000001,2026-07-23,3868.0871,3878.8318,3851.7058,3876.7774,56212260100,1025875517700.1000,1
SSE_COMPOSITE,sh.000001,2026-07-24,3853.6316,3861.0404,3808.6359,3814.1978,50820390500,915366398292.6000,1
SSE_COMPOSITE,sh.000001,2026-07-27,3808.9032,3858.3097,3793.4489,3858.2450,50487945400,1031312143065.2000,1
SSE_COMPOSITE,sh.000001,2026-07-28,3823.1331,3844.0118,3797.3727,3813.3146,49482912600,949683080126.4000,1
SSE_COMPOSITE,sh.000001,2026-07-29,3823.2931,3845.7661,3782.4811,3828.4690,57122639100,1087407759096.1000,1
SSE_COMPOSITE,sh.000001,2026-07-30,3812.1110,3839.3407,3767.5033,3804.6926,59229892300,1106477266461.8000,1
SSE_COMPOSITE,sh.000001,2026-07-31,3833.5359,3847.0926,3822.3736,3832.2624,59752942700,1187681546393.3000,1
SSE_COMPOSITE,sh.000001,2026-08-03,3812.6129,3827.6359,3797.6431,3809.6629,52451696000,952256890102.3000,1
SSE_COMPOSITE,sh.000001,2026-08-04,3816.3699,3831.9400,3799.5244,3822.2846,54032492200,1008382536905.4000,1
SSE_COMPOSITE,sh.000001,2026-08-05,3815.1217,3884.3971,3815.1217,3878.4296,59215512400,1208723017752.0000,1
SSE_COMPOSITE,sh.000001,2026-08-06,3864.2734,3902.0543,3864.2734,3900.3523,58855528000,1166818677225.2000,1
SSE_COMPOSITE,sh.000001,2026-08-07,3896.4854,3940.9347,3885.6248,3940.0371,56498858200,1209543573294.4000,1
SSE_COMPOSITE,sh.000001,2026-08-10,3943.8160,3967.5919,3938.6250,3966.5935,54211811000,1166893282353.8000,1
SSE_COMPOSITE,sh.000001,2026-08-11,3950.7078,3966.3910,3930.6386,3934.0929,52949094400,1066737091823.1000,1
SSE_COMPOSITE,sh.000001,2026-08-12,3933.5533,3950.6213,3927.5489,3946.6752,50325701100,986122393817.1000,1
SSE_COMPOSITE,sh.000001,2026-08-13,3957.1612,3968.4758,3924.6418,3926.9648,57279367700,1164203068529.8000,1
SSE_COMPOSITE,sh.000001,2026-08-14,3930.0215,3932.6405,3903.7048,3927.1764,49952561300,990371924237.7000,1
SSE_COMPOSITE,sh.000001,2026-08-17,3930.1044,3983.5066,3924.4738,3982.6535,48983402700,1112818620627.0000,1
SSE_COMPOSITE,sh.000001,2026-08-18,3979.4898,3994.1812,3955.6012,3990.3037,51123428700,1135187666395.3000,1
SSE_COMPOSITE,sh.000001,2026-08-19,3952.1219,3961.1368,3879.5785,3894.4224,57219121300,1218107974056.1000,1
SSE_COMPOSITE,sh.000001,2026-08-20,3907.2058,3925.0615,3888.0989,3903.7210,50663395400,1018568353176.8000,1
SSE_COMPOSITE,sh.000001,2026-08-21,3891.1751,3912.1314,3883.7870,3905.2026,44689586800,883423480098.6000,1
SSE_COMPOSITE,sh.000001,2026-08-24,3902.6963,3910.2394,3855.3524,3882.0079,48693141200,952039262500.5000,1
SSE_COMPOSITE,sh.000001,2026-08-25,3863.3695,3896.2060,3850.8628,3889.4449,46411726400,858874228921.8000,1
SSE_COMPOSITE,sh.000001,2026-08-26,3881.7408,3926.4350,3881.7408,3912.5235,48955302100,857223487993.3000,1
SSE_COMPOSITE,sh.000001,2026-08-27,3911.8908,3958.0328,3909.3122,3956.5710,51677754900,1010226573954.6000,1
SSE_COMPOSITE,sh.000001,2026-08-28,3950.2368,3970.3095,3947.7981,3952.1790,51058164500,970365152112.9000,1
SSE_COMPOSITE,sh.000001,2026-08-31,3926.5312,3986.2980,3926.5039,3986.2980,57665660600,1014292552053.7000,1
SSE_COMPOSITE,sh.000001,2026-09-01,3979.8814,3995.1751,3976.4685,3979.8877,57353894900,944307561356.8000,1
SSE_COMPOSITE,sh.000001,2026-09-02,3963.0661,3965.8078,3932.2515,3941.3862,51647277500,835367755899.5000,1
SSE_COMPOSITE,sh.000001,2026-09-03,3952.7948,3968.1120,3930.4472,3942.0879,49699018900,819882350383.0000,1
SSE_COMPOSITE,sh.000001,2026-09-04,3955.5489,3980.2022,3915.2213,3930.1164,53728616100,938255187184.3000,1
SSE_COMPOSITE,sh.000001,2026-09-07,3942.5093,3948.4206,3916.4915,3932.6992,47737526100,897904014869.2000,1
SSE_COMPOSITE,sh.000001,2026-09-08,3935.5479,3951.3221,3925.7198,3940.5509,52999268800,915566238948.8000,1
SSE_COMPOSITE,sh.000001,2026-09-09,3943.9221,3958.1171,3933.4692,3951.5068,51750431100,873734897105.6000,1
SSE_COMPOSITE,sh.000001,2026-09-10,3939.0948,3949.2549,3927.3472,3934.4036,48467511400,779672692269.7000,1
SSE_COMPOSITE,sh.000001,2026-09-11,3910.9234,3912.3247,3852.0322,3888.1106,57912314500,958186336970.1000,1
SSE_COMPOSITE,sh.000001,2026-09-14,3867.0216,3895.5095,3867.0216,3885.3328,45888891600,779281246497.2000,1
SSE_COMPOSITE,sh.000001,2026-09-15,3879.7262,3891.6203,3858.1504,3864.2794,44090776600,763982900036.3000,1
SSE_COMPOSITE,sh.000001,2026-09-16,3861.7457,3894.6635,3842.7211,3891.6005,45912510800,871141346852.1000,1
SSE_COMPOSITE,sh.000001,2026-09-17,3876.9983,3898.8356,3866.8921,3875.6044,45288646400,868773066850.2000,1
SSE_COMPOSITE,sh.000001,2026-09-18,3891.9608,3919.6691,3888.4959,3911.8714,48571250700,994169450166.2000,1
SSE_COMPOSITE,sh.000001,2026-09-21,3920.2731,3950.9394,3918.1282,3949.9068,50235487700,946819124308.7000,1
SSE_COMPOSITE,sh.000001,2026-09-22,3963.8073,3967.6812,3945.4165,3952.1280,50614836900,1007995610882.3000,1
SSE_COMPOSITE,sh.000001,2026-09-23,3951.3663,3951.5229,3934.4585,3936.5199,46691393300,834132862985.2000,1
SSE_COMPOSITE,sh.000001,2026-09-24,3925.3230,3930.4955,3888.3738,3888.3738,43853041200,783613001376.2000,1
SSE_COMPOSITE,sh.000001,2026-09-28,3878.4088,3878.4088,3806.6708,3823.6206,45235067500,804543704707.9000,1
SSE_COMPOSITE,sh.000001,2026-09-29,3816.1536,3843.8375,3810.8116,3830.4513,39947339100,661704292800.7000,1
SZSE_COMPONENT,sz.399001,2019-01-02,7259.4890,7266.4680,7136.9490,7149.2660,14682647808,128669986816.0000,1
SZSE_COMPONENT,sz.399001,2019-01-03,7134.1460,7217.8320,7081.8280,7089.4400,17315116288,145238859776.0000,1
SZSE_COMPONENT,sz.399001,2019-01-04,7022.1220,7284.8400,7011.3270,7284.8400,23161690368,182962323456.0000,1
SZSE_COMPONENT,sz.399001,2019-01-07,7333.3170,7409.3820,7303.4640,7400.2040,24868884224,201785667584.0000,1
SZSE_COMPONENT,sz.399001,2019-01-08,7381.6100,7412.1850,7361.4130,7391.6480,22939399424,176356511744.0000,1
SZSE_COMPONENT,sz.399001,2019-01-09,7425.6350,7552.1970,7404.4860,7447.9340,26676795392,218445045760.0000,1
SZSE_COMPONENT,sz.399001,2019-01-10,7442.6960,7491.6920,7415.2840,7428.6130,22741362944,180671909888.0000,1
SZSE_COMPONENT,sz.399001,2019-01-11,7441.1750,7490.1690,7404.3090,7474.0080,21710579456,173750046720.0000,1
SZSE_COMPONENT,sz.399001,2019-01-14,7473.8840,7488.3640,7394.9570,7409.1990,21593477376,166914293760.0000,1
SZSE_COMPONENT,sz.399001,2019-01-15,7403.7890,7549.6620,7386.1540,7547.3480,22311039744,182224551936.0000,1
SZSE_COMPONENT,sz.399001,2019-01-16,7545.3490,7586.6600,7518.7060,7540.4500,21607643392,177785020416.0000,1
SZSE_COMPONENT,sz.399001,2019-01-17,7534.0430,7545.8120,7463.9920,7470.3550,21023804160,166613848064.0000,1
SZSE_COMPONENT,sz.399001,2019-01-18,7486.9480,7584.7620,7479.6550,7581.3880,22063081728,175381200896.0000,1
SZSE_COMPONENT,sz.399001,2019-01-21,7591.1910,7661.6180,7578.4870,7626.2350,20489669376,173201985536.0000,1
SZSE_COMPONENT,sz.399001,2019-01-22,7615.8010,7615.8010,7493.7770,7516.7860,18846436608,155636682752.0000,1
SZSE_COMPONENT,sz.399001,2019-01-23,7493.0660,7542.6450,7489.3170,7523.7730,16848837376,138876653568.0000,1
SZSE_COMPONENT,sz.399001,2019-01-24,7537.4970,7604.9920,7485.2410,7573.5240,20196841216,169008152576.0000,1
SZSE_COMPONENT,sz.399001,2019-01-25,7581.2860,7657.0330,7554.5530,7595.4520,21191940608,177486397440.0000,1
SZSE_COMPONENT,sz.399001,2019-01-28,7641.2890,7704.8460,7569.7730,7589.5800,20242333184,172300865536.0000,1
SZSE_COMPONENT,sz.399001,2019-01-29,7575.4340,7578.1310,7428.4010,7551.3000,20890970368,167051825152.0000,1
SZSE_COMPONENT,sz.399001,2019-01-30,7518.0270,7580.2240,7470.3550,7470.4710,16334215424,136185741312.0000,1
SZSE_COMPONENT,sz.399001,2019-01-31,7485.7860,7552.5590,7428.8620,7479.2150,20636525056,159830118400.0000,1
SZSE_COMPONENT,sz.399001,2019-02-01,7524.6650,7684.1110,7517.8340,7683.9970,18099026432,150222905344.0000,1
SZSE_COMPONENT,sz.399001,2019-02-11,7695.1740,7922.5360,7695.1740,7919.0460,21162926336,182559019008.0000,1
SZSE_COMPONENT,sz.399001,2019-02-12,7915.0630,8027.6300,7903.9000,8010.0740,25879923200,208455163904.0000,1
SZSE_COMPONENT,sz.399001,2019-02-13,8029.9710,8191.9830,8016.7800,8171.2060,31813797632,267037757440.0000,1
SZSE_COMPONENT,sz.399001,2019-02-14,8182.3240,8260.3290,8141.0980,8219.9610,31020020992,247156301824.0000,1
SZSE_COMPONENT,sz.399001,2019-02-15,8198.4530,8223.6440,8117.5110,8125.6340,30705861376,248518774784.0000,1
SZSE_COMPONENT,sz.399001,2019-02-18,8187.8890,8446.9180,8187.8890,8446.9180,39670109696,323520806912.0000,1
SZSE_COMPONENT,sz.399001,2019-02-19,8480.7610,8537.3460,8350.8640,8440.8700,43730624256,358713544704.0000,1
SZSE_COMPONENT,sz.399001,2019-02-20,8443.9760,8488.4730,8372.9630,8473.4260,36567624704,293835321344.0000,1
SZSE_COMPONENT,sz.399001,2019-02-21,8467.1510,8619.6190,8416.1670,8451.7100,43136235776,365674332160.0000,1
SZSE_COMPONENT,sz.399001,2019-02-22,8431.5590,8651.1960,8393.8620,8651.1960,41685050368,357695442944.0000,1
SZSE_COMPONENT,sz.399001,2019-02-25,8804.9660,9134.5800,8785.4190,9134.5800,64391666432,574588530688.0000,1
SZSE_COMPONENT,sz.399001,2019-02-26,9162.9160,9276.4510,9036.7450,9089.0400,68952715264,605314809856.0000,1
SZSE_COMPONENT,sz.399001,2019-02-27,9062.9650,9158.1960,8901.7170,9005.7650,55038713600,479406145536.0000,1
SZSE_COMPONENT,sz.399001,2019-02-28,9001.1840,9097.4020,8970.6480,9031.9260,42168942080,363525910528.0000,1
SZSE_COMPONENT,sz.399001,2019-03-01,9111.9580,9167.6500,9005.4860,9167.6500,39995929344,357074096128.0000,1
SZSE_COMPONENT,sz.399001,2019-03-04,9280.6510,9567.1510,9260.7260,9384.4150,60633532672,565949710336.0000,1
SZSE_COMPONENT,sz.399001,2019-03-05,9366.7660,9595.7430,9328.0020,9595.7430,56348747520,513753186304.0000,1
SZSE_COMPONENT,sz.399001,2019-03-06,9640.9470,9707.9150,9518.7140,9700.4930,69238812672,620802904064.0000,1
SZSE_COMPONENT,sz.399001,2019-03-07,9685.2960,9782.2180,9546.5550,9678.1140,68551247872,640923189248.0000,1
SZSE_COMPONENT,sz.399001,2019-03-08,9447.5980,9726.3040,9346.7270,9363.7240,70948978688,658507091968.0000,1
SZSE_COMPONENT,sz.399001,2019-03-11,9425.7970,9704.3270,9370.3780,9704.3270,55851138816,540090847232.0000,1
SZSE_COMPONENT,sz.399001,2019-03-12,9766.4980,9928.1990,9683.0660,9841.2380,66359243008,650014134272.0000,1
SZSE_COMPONENT,sz.399001,2019-03-13,9828.1480,9828.1480,9534.3330,9592.0550,61596453888,599981088768.0000,1
SZSE_COMPONENT,sz.399001,2019-03-14,9521.6240,9620.4610,9323.0590,9417.9260,48217191680,456280678400.0000,1
SZSE_COMPONENT,sz.399001,2019-03-15,9485.3330,9650.5440,9452.9060,9550.5370,42244179200,405946007552.0000,1
SZSE_COMPONENT,sz.399001,2019-03-18,9583.4450,9843.4290,9510.6600,9843.4290,43981528320,434179891200.0000,1
SZSE_COMPONENT,sz.399001,2019-03-19,9844.4620,9908.1690,9774.7480,9839.7440,43173948160,422403026944.0000,1
SZSE_COMPONENT,sz.399001,2019-03-20,9828.0730,9848.7680,9642.6740,9800.6030,45121988864,430605295616.0000,1
SZSE_COMPONENT,sz.399001,2019-03-21,9808.7370,9934.8590,9771.8610,9869.7960,51593610240,482004758528.0000,1
SZSE_COMPONENT,sz.399001,2019-03-22,9871.9850,9891.8290,9692.2450,9879.2200,46787248384,445257793536.0000,1
SZSE_COMPONENT,sz.399001,2019-03-25,9705.0240,9858.0750,9680.9420,9701.6950,46080669952,444008902656.0000,1
SZSE_COMPONENT,sz.399001,2019-03-26,9753.1660,9780.0820,9487.0970,9513.0010,44886052352,426899558400.0000,1
SZSE_COMPONENT,sz.399001,2019-03-27,9582.0320,9609.4350,9446.3510,9609.4350,37691923456,369665306624.0000,1
SZSE_COMPONENT,sz.399001,2019-03-28,9586.3780,9695.5190,9537.6080,9546.5070,36530224896,374108876800.0000,1
SZSE_COMPONENT,sz.399001,2019-03-29,9556.3000,9906.8630,9554.0650,9906.8630,43550493440,449584910336.0000,1
SZSE_COMPONENT,sz.399001,2019-04-01,9976.9790,10277.5500,9976.9790,10267.7000,53963477760,563895926784.0000,1
SZSE_COMPONENT,sz.399001,2019-04-02,10314.7900,10334.9500,10220.8100,10260.3600,55705758720,575814254592.0000,1
SZSE_COMPONENT,sz.399001,2019-04-03,10199.9700,10350.5700,10166.6700,10340.5100,49111659264,490776846336.0000,1
SZSE_COMPONENT,sz.399001,2019-04-04,10379.2000,10453.5000,10309.5300,10415.8000,51412838656,529780760576.0000,1
SZSE_COMPONENT,sz.399001,2019-04-08,10510.4300,10541.1800,10226.2500,10351.8700,54494209792,560604758016.0000,1
SZSE_COMPONENT,sz.399001,2019-04-09,10368.0300,10438.9900,10304.7300,10436.6200,44013341184,459924529152.0000,1
SZSE_COMPONENT,sz.399001,2019-04-10,10403.2400,10529.7400,10328.6100,10435.0800,47463839488,503290912768.0000,1
SZSE_COMPONENT,sz.399001,2019-04-11,10420.6500,10437.4500,10149.3800,10158.4000,44425211392,456637571072.0000,1
SZSE_COMPONENT,sz.399001,2019-04-12,10138.0900,10186.4600,10053.8100,10132.3400,37090620928,368249192448.0000,1
SZSE_COMPONENT,sz.399001,2019-04-15,10294.8200,10365.3100,10048.8300,10053.7600,40354406912,420112441344.0000,1
SZSE_COMPONENT,sz.399001,2019-04-16,9993.2480,10287.6400,9928.2800,10287.6400,41181245952,430879141888.0000,1
SZSE_COMPONENT,sz.399001,2019-04-17,10288.4500,10410.6500,10257.5600,10344.4300,45350076416,475592708096.0000,1
SZSE_COMPONENT,sz.399001,2019-04-18,10338.5000,10363.8500,10267.3100,10287.6700,42288057344,429914284032.0000,1
SZSE_COMPONENT,sz.399001,2019-04-19,10280.3400,10418.2400,10208.6100,10418.2400,40945499904,405256794112.0000,1
SZSE_COMPONENT,sz.399001,2019-04-22,10418.7100,10418.7100,10192.5200,10224.3100,43713558528,445057503232.0000,1
SZSE_COMPONENT,sz.399001,2019-04-23,10206.0200,10247.3900,10091.9200,10124.6600,40374120448,408140718080.0000,1
SZSE_COMPONENT,sz.399001,2019-04-24,10162.3800,10239.3700,10023.9100,10236.2700,37074442240,373852774400.0000,1
SZSE_COMPONENT,sz.399001,2019-04-25,10186.2300,10209.1400,9902.0160,9907.6240,43010768640,424300789760.0000,1
SZSE_COMPONENT,sz.399001,2019-04-26,9852.9400,9927.7420,9774.7510,9780.8210,33976293120,349231030272.0000,1
SZSE_COMPONENT,sz.399001,2019-04-29,9775.9510,9822.8150,9597.0880,9622.4930,35661613312,356782125056.0000,1
SZSE_COMPONENT,sz.399001,2019-04-30,9573.4100,9730.5470,9573.3920,9674.5340,26379292672,271059349504.0000,1
SZSE_COMPONENT,sz.399001,2019-05-06,9289.7430,9333.9160,8893.1460,8943.5200,35521341184,343574667264.0000,1
SZSE_COMPONENT,sz.399001,2019-05-07,9011.5170,9160.5180,8928.5700,9089.4580,29671360000,292641091584.0000,1
SZSE_COMPONENT,sz.399001,2019-05-08,8899.9110,9167.8090,8873.4380,9002.5320,28959725568,269925650432.0000,1
SZSE_COMPONENT,sz.399001,2019-05-09,8919.5000,9012.2390,8860.1750,8877.3070,24492794880,236562616320.0000,1
SZSE_COMPONENT,sz.399001,2019-05-10,8988.9210,9238.5470,8820.5930,9235.3880,34673534720,335996862464.0000,1
SZSE_COMPONENT,sz.399001,2019-05-13,9112.5220,9191.0700,9059.3210,9103.3620,26845426944,263589638144.0000,1
SZSE_COMPONENT,sz.399001,2019-05-14,8998.9680,9142.4580,8996.9240,9038.3640,25863092224,254317662208.0000,1
SZSE_COMPONENT,sz.399001,2019-05-15,9125.2670,9282.9640,9123.9040,9259.0290,28889591808,286522187776.0000,1
SZSE_COMPONENT,sz.399001,2019-05-16,9247.9920,9307.2190,9211.7510,9293.3230,31023247616,296006782976.0000,1
SZSE_COMPONENT,sz.399001,2019-05-17,9299.4620,9303.0530,8964.3690,9000.1880,34917116416,325842440192.0000,1
SZSE_COMPONENT,sz.399001,2019-05-20,8980.8030,8994.1760,8792.8440,8916.1060,27499247360,263532429312.0000,1
SZSE_COMPONENT,sz.399001,2019-05-21,8920.4560,9120.6920,8892.1450,9087.5210,28750269696,276693729280.0000,1
SZSE_COMPONENT,sz.399001,2019-05-22,9068.9940,9132.3740,8986.5280,9041.2230,28196520704,275630125056.0000,1
SZSE_COMPONENT,sz.399001,2019-05-23,8997.2510,8997.2510,8789.4100,8809.5340,27896183296,271749128192.0000,1
SZSE_COMPONENT,sz.399001,2019-05-24,8788.1720,8880.8120,8745.5950,8776.7650,22871409664,218225147904.0000,1
SZSE_COMPONENT,sz.399001,2019-05-27,8795.1420,9003.8730,8732.9840,8979.8260,27087554560,258901221376.0000,1
SZSE_COMPONENT,sz.399001,2019-05-28,8979.5780,9082.6980,8946.6990,9035.6930,27664336896,272273453056.0000,1
SZSE_COMPONENT,sz.399001,2019-05-29,8971.2220,9077.5110,8956.7170,9010.3580,24802647552,243073769472.0000,1
SZSE_COMPONENT,sz.399001,2019-05-30,8974.4040,8974.4040,8845.8260,8943.3490,26423216640,256436092928.0000,1
SZSE_COMPONENT,sz.399001,2019-05-31,8939.4110,9016.1600,8892.1200,8922.6940,24879480064,246188134400.0000,1
SZSE_COMPONENT,sz.399001,2019-06-03,8953.3690,9012.0820,8826.7490,8856.9860,27345124096,271098748928.0000,1
SZSE_COMPONENT,sz.399001,2019-06-04,8854.4950,8868.0890,8697.4940,8748.2710,23885393152,241319866368.0000,1
SZSE_COMPONENT,sz.399001,2019-06-05,8831.1340,8851.1190,8729.2100,8746.0460,22444257792,232586104832.0000,1
SZSE_COMPONENT,sz.399001,2019-06-06,8741.8270,8741.8270,8557.5820,8584.9390,23061464832,221817176064.0000,1
SZSE_COMPONENT,sz.399001,2019-06-10,8621.7320,8748.9720,8582.4770,8711.7850,20531792384,204223447040.0000,1
SZSE_COMPONENT,sz.399001,2019-06-11,8721.2720,9045.1170,8718.4710,9037.6730,31653146112,310971809792.0000,1
SZSE_COMPONENT,sz.399001,2019-06-12,9008.5640,9038.8710,8930.9100,8954.7160,29573920000,290334396416.0000,1
SZSE_COMPONENT,sz.399001,2019-06-13,8948.5770,8974.7960,8866.2230,8951.6060,26863327744,258036355072.0000,1
SZSE_COMPONENT,sz.399001,2019-06-14,8956.9230,8994.1610,8801.3260,8810.1260,27366432768,254618099712.0000,1
SZSE_COMPONENT,sz.399001,2019-06-17,8807.8350,8864.7720,8753.4190,8780.8720,20521824768,192566079488.0000,1
SZSE_COMPONENT,sz.399001,2019-06-18,8785.7690,8839.2310,8722.9340,8804.3150,19370130688,184847831040.0000,1
SZSE_COMPONENT,sz.399001,2019-06-19,9051.8450,9084.1800,8923.4370,8925.7290,27531538432,278447726592.0000,1
SZSE_COMPONENT,sz.399001,2019-06-20,8923.5670,9183.1460,8900.7490,9134.9590,31757024256,314654498816.0000,1
SZSE_COMPONENT,sz.399001,2019-06-21,9181.6410,9252.5460,9158.3240,9214.2670,35198913024,345138655232.0000,1
SZSE_COMPONENT,sz.399001,2019-06-24,9220.2250,9251.4840,9171.3500,9212.1170,28655633664,283834011648.0000,1
SZSE_COMPONENT,sz.399001,2019-06-25,9206.1830,9206.1830,9004.7590,9118.1010,28110561536,269040963584.0000,1
SZSE_COMPONENT,sz.399001,2019-06-26,9064.1260,9164.2800,9040.3200,9122.4250,22457224448,219213565952.0000,1
SZSE_COMPONENT,sz.399001,2019-06-27,9154.0380,9274.4240,9152.6340,9239.4830,25908548096,267181694976.0000,1
SZSE_COMPONENT,sz.399001,2019-06-28,9236.0630,9236.0630,9126.8870,9178.3130,24327413504,231883255808.0000,1
SZSE_COMPONENT,sz.399001,2019-07-01,9384.7880,9530.4630,9339.7690,9530.4630,33804937984,347589238784.0000,1
SZSE_COMPONENT,sz.399001,2019-07-02,9516.4170,9560.5180,9483.1550,9545.5220,30677921792,309130465280.0000,1
SZSE_COMPONENT,sz.399001,2019-07-03,9519.7990,9520.3790,9376.3070,9419.8380,26072159744,269451223040.0000,1
SZSE_COMPONENT,sz.399001,2019-07-04,9435.0420,9466.0200,9323.0730,9368.3040,23306377216,236241760256.0000,1
SZSE_COMPONENT,sz.399001,2019-07-05,9379.9380,9464.3900,9345.7880,9443.2150,19930736128,211135324160.0000,1
SZSE_COMPONENT,sz.399001,2019-07-08,9419.6880,9420.2380,9124.1590,9186.2870,26104180480,262636617728.0000,1
SZSE_COMPONENT,sz.399001,2019-07-09,9178.9070,9221.7190,9119.6530,9198.7850,18809082624,197522087936.0000,1
SZSE_COMPONENT,sz.399001,2019-07-10,9231.8560,9239.2830,9130.5270,9166.1460,18729433344,190363787264.0000,1
SZSE_COMPONENT,sz.399001,2019-07-11,9216.9490,9282.9470,9121.4550,9152.7700,19034567424,196286734336.0000,1
SZSE_COMPONENT,sz.399001,2019-07-12,9161.2700,9236.4220,9122.4080,9213.3820,18618626304,187117228032.0000,1
SZSE_COMPONENT,sz.399001,2019-07-15,9181.0260,9358.0790,9066.7120,9309.4150,24164921600,245906272256.0000,1
SZSE_COMPONENT,sz.399001,2019-07-16,9294.5560,9324.9070,9255.4290,9283.4080,21131214336,211676061696.0000,1
SZSE_COMPONENT,sz.399001,2019-07-17,9274.6910,9354.8110,9242.2530,9301.9980,23506770688,229356064768.0000,1
SZSE_COMPONENT,sz.399001,2019-07-18,9258.1220,9258.1220,9153.0070,9154.6500,22242690560,213971132416.0000,1
SZSE_COMPONENT,sz.399001,2019-07-19,9198.8160,9298.2080,9198.8160,9228.5530,20047433984,200890564608.0000,1
SZSE_COMPONENT,sz.399001,2019-07-22,9247.2810,9254.6480,9073.4880,9122.6360,21854539520,209835618304.0000,1
SZSE_COMPONENT,sz.399001,2019-07-23,9125.4590,9175.8320,9104.7560,9175.8320,16811877632,175168282624.0000,1
SZSE_COMPONENT,sz.399001,2019-07-24,9203.2280,9312.6730,9203.2280,9266.2970,21397804032,221447307264.0000,1
SZSE_COMPONENT,sz.399001,2019-07-25,9265.3090,9344.8170,9247.9660,9344.8170,21285369088,224169693184.0000,1
SZSE_COMPONENT,sz.399001,2019-07-26,9310.6460,9363.2700,9294.6050,9349.0020,18565447424,193088831488.0000,1
SZSE_COMPONENT,sz.399001,2019-07-29,9350.2110,9376.4240,9310.6340,9354.2760,18659681536,196302606336.0000,1
SZSE_COMPONENT,sz.399001,2019-07-30,9362.2300,9469.0760,9362.2300,9399.1010,20690014208,213376143360.0000,1
SZSE_COMPONENT,sz.399001,2019-07-31,9374.4390,9374.4390,9318.5850,9326.6140,18530124032,193003937792.0000,1
SZSE_COMPONENT,sz.399001,2019-08-01,9278.8320,9327.9380,9223.3050,9268.0530,18913252608,202878636032.0000,1
SZSE_COMPONENT,sz.399001,2019-08-02,9049.3520,9150.7300,9020.2630,9136.4600,22855442432,238579937280.0000,1
SZSE_COMPONENT,sz.399001,2019-08-05,9093.0670,9168.1040,8984.7280,8984.7280,20385203200,219269009408.0000,1
SZSE_COMPONENT,sz.399001,2019-08-06,8805.1540,8898.3840,8669.8950,8859.4700,27430559232,268428439552.0000,1
SZSE_COMPONENT,sz.399001,2019-08-07,8919.8900,8933.9900,8814.7440,8814.7440,18908393216,199858782208.0000,1
SZSE_COMPONENT,sz.399001,2019-08-08,8870.1810,8936.4840,8859.4770,8919.2760,17679434496,189027176448.0000,1
SZSE_COMPONENT,sz.399001,2019-08-09,8963.4720,8970.5150,8780.7160,8795.1800,19512148736,209545420800.0000,1
SZSE_COMPONENT,sz.399001,2019-08-12,8816.8860,8978.5210,8798.4950,8978.5210,18386735616,200207114240.0000,1
SZSE_COMPONENT,sz.399001,2019-08-13,8910.1460,8960.0200,8869.4550,8902.6320,17058730752,185691557888.0000,1
SZSE_COMPONENT,sz.399001,2019-08-14,9034.0500,9060.3980,8956.0760,8966.4690,20750172416,228412239872.0000,1
SZSE_COMPONENT,sz.399001,2019-08-15,8779.5330,9011.7730,8758.0440,9009.6780,21280748544,220269510656.0000,1
SZSE_COMPONENT,sz.399001,2019-08-16,9007.1490,9136.2140,8995.5670,9060.9170,22069741568,244112625664.0000,1
SZSE_COMPONENT,sz.399001,2019-08-19,9165.8010,9328.9710,9141.8910,9328.9710,30361783808,334507175936.0000,1
SZSE_COMPONENT,sz.399001,2019-08-20,9340.6630,9389.3930,9301.9190,9328.7290,29373636096,313938182144.0000,1
SZSE_COMPONENT,sz.399001,2019-08-21,9304.5230,9361.7410,9287.3110,9322.7540,24920692224,271263756288.0000,1
SZSE_COMPONENT,sz.399001,2019-08-22,9350.6450,9363.7930,9282.7600,9350.5570,25724616960,270500073472.0000,1
SZSE_COMPONENT,sz.399001,2019-08-23,9356.9990,9397.7580,9311.2580,9362.5480,26206284288,277017190400.0000,1
SZSE_COMPONENT,sz.399001,2019-08-26,9181.7100,9298.1020,9173.0140,9270.3890,25743306752,270062313472.0000,1
SZSE_COMPONENT,sz.399001,2019-08-27,9333.1040,9517.6530,9333.1040,9443.1760,31195990272,327274913792.0000,1
SZSE_COMPONENT,sz.399001,2019-08-28,9449.3990,9453.7550,9375.5670,9414.0020,28583130624,291830939648.0000,1
SZSE_COMPONENT,sz.399001,2019-08-29,9428.9970,9440.6650,9363.1540,9398.4700,27253993472,281822855168.0000,1
SZSE_COMPONENT,sz.399001,2019-08-30,9458.3860,9492.0410,9310.1120,9365.6760,31254696192,329958600704.0000,1
SZSE_COMPONENT,sz.399001,2019-09-02,9393.0260,9586.5210,9389.4800,9569.4690,30137534720,327223865344.0000,1
SZSE_COMPONENT,sz.399001,2019-09-03,9591.4240,9633.6850,9547.7640,9633.6850,31015542528,339339632640.0000,1
SZSE_COMPONENT,sz.399001,2019-09-04,9612.6240,9700.3190,9590.9770,9700.3190,33057709824,354615767040.0000,1
SZSE_COMPONENT,sz.399001,2019-09-05,9752.3430,9900.7590,9751.9530,9783.5040,43076966912,457301204992.0000,1
SZSE_COMPONENT,sz.399001,2019-09-06,9829.9660,9837.2290,9742.2740,9823.4180,33151590656,375675215872.0000,1
SZSE_COMPONENT,sz.399001,2019-09-09,9907.1310,10001.9300,9853.6870,10001.9300,38724724480,429811220480.0000,1
SZSE_COMPONENT,sz.399001,2019-09-10,10005.8100,10005.8100,9903.4190,9964.9260,38205773568,420980543488.0000,1
SZSE_COMPONENT,sz.399001,2019-09-11,9985.1140,10000.2500,9835.9720,9853.7230,35202107904,379451277312.0000,1
SZSE_COMPONENT,sz.399001,2019-09-12,9886.2480,9941.1690,9837.2730,9919.8030,28961981184,312756637696.0000,1
SZSE_COMPONENT,sz.399001,2019-09-16,9952.3250,9962.1530,9877.1100,9918.0920,31843383040,343882457088.0000,1
SZSE_COMPONENT,sz.399001,2019-09-17,9890.5840,9890.5840,9684.1470,9722.7970,32855416576,348225085440.0000,1
SZSE_COMPONENT,sz.399001,2019-09-18,9747.9810,9785.6170,9701.6370,9753.3110,25662616320,287234777088.0000,1
SZSE_COMPONENT,sz.399001,2019-09-19,9786.3980,9852.1960,9733.9660,9852.1960,26543730176,298283565056.0000,1
SZSE_COMPONENT,sz.399001,2019-09-20,9873.9420,9903.6870,9832.3940,9881.2490,28135074816,328535564288.0000,1
SZSE_COMPONENT,sz.399001,2019-09-23,9853.4720,9853.4720,9703.6620,9781.1400,27160360448,308900327424.0000,1
SZSE_COMPONENT,sz.399001,2019-09-24,9783.3890,9896.1800,9761.0330,9811.3760,28427543296,341848424448.0000,1
SZSE_COMPONENT,sz.399001,2019-09-25,9768.3800,9768.3800,9656.0490,9671.0570,28555384576,322003980288.0000,1
SZSE_COMPONENT,sz.399001,2019-09-26,9698.2810,9707.9220,9464.8350,9464.8350,28872252672,321784954880.0000,1
SZSE_COMPONENT,sz.399001,2019-09-27,9470.5350,9574.5020,9467.1530,9548.9600,21553159680,244373921792.0000,1
SZSE_COMPONENT,sz.399001,2019-09-30,9544.0160,9581.6410,9446.0420,9446.2380,18440306944,209912717312.0000,1
SZSE_COMPONENT,sz.399001,2019-10-08,9474.5710,9556.9580,9468.7430,9474.7540,18930144000,221075652608.0000,1
SZSE_COMPONENT,sz.399001,2019-10-09,9443.4530,9507.0400,9380.5680,9506.5610,18904484608,214862512128.0000,1
SZSE_COMPONENT,sz.399001,2019-10-10,9504.0330,9643.5210,9480.1740,9638.1010,22315856896,263424471040.0000,1
SZSE_COMPONENT,sz.399001,2019-10-11,9656.9820,9704.6760,9583.5180,9666.5820,24430808576,273800810496.0000,1
SZSE_COMPONENT,sz.399001,2019-10-14,9753.5820,9840.5890,9725.6770,9786.6370,28636699904,313886797824.0000,1
SZSE_COMPONENT,sz.399001,2019-10-15,9759.9530,9759.9530,9658.5110,9671.7280,26734917376,289634369536.0000,1
SZSE_COMPONENT,sz.399001,2019-10-16,9678.3110,9722.1230,9635.4470,9642.0590,23342984192,256663298048.0000,1
SZSE_COMPONENT,sz.399001,2019-10-17,9657.0910,9670.6970,9617.0050,9645.3880,20694003456,225165656064.0000,1
SZSE_COMPONENT,sz.399001,2019-10-18,9665.8070,9706.3770,9516.7470,9533.5050,23825239552,253801611264.0000,1
SZSE_COMPONENT,sz.399001,2019-10-21,9533.0920,9560.9750,9476.4540,9553.5720,21001461760,224399695872.0000,1
SZSE_COMPONENT,sz.399001,2019-10-22,9582.1140,9642.9340,9558.3640,9642.0880,20760295424,226622238720.0000,1
SZSE_COMPONENT,sz.399001,2019-10-23,9641.8850,9652.0730,9547.5040,9567.7480,21607008256,228670857216.0000,1
SZSE_COMPONENT,sz.399001,2019-10-24,9570.3300,9598.3300,9495.0050,9555.7610,20748594944,218622648320.0000,1
SZSE_COMPONENT,sz.399001,2019-10-25,9562.2980,9665.5990,9509.3420,9660.4400,22531307264,245566083072.0000,1
SZSE_COMPONENT,sz.399001,2019-10-28,9721.6410,9802.1460,9704.5320,9801.8740,29926808576,321505189888.0000,1
SZSE_COMPONENT,sz.399001,2019-10-29,9812.4810,9818.7440,9746.0310,9746.0310,32183085056,343693402112.0000,1
SZSE_COMPONENT,sz.399001,2019-10-30,9707.1750,9726.9500,9647.0040,9681.5370,27218448896,285824917504.0000,1
SZSE_COMPONENT,sz.399001,2019-10-31,9709.1000,9720.9680,9626.9330,9635.3290,24359262464,269331402752.0000,1
SZSE_COMPONENT,sz.399001,2019-11-01,9621.8920,9814.6730,9604.3080,9802.3340,22668390912,259274833920.0000,1
SZSE_COMPONENT,sz.399001,2019-11-04,9828.5980,9908.1990,9828.5980,9868.1330,23955840512,280719917056.0000,1
SZSE_COMPONENT,sz.399001,2019-11-05,9885.0230,9982.3390,9847.1980,9938.6060,23891814912,277812580352.0000,1
SZSE_COMPONENT,sz.399001,2019-11-06,9947.3080,9947.3080,9829.7450,9860.9740,23284783616,268586565632.0000,1
SZSE_COMPONENT,sz.399001,2019-11-07,9849.9600,9939.5320,9835.8910,9917.4870,21698808576,243111100416.0000,1
SZSE_COMPONENT,sz.399001,2019-11-08,9985.1960,10008.5140,9890.9960,9895.3360,23445124096,275567484928.0000,1
SZSE_COMPONENT,sz.399001,2019-11-11,9821.4060,9821.4060,9664.0630,9680.5740,23177417728,256712986624.0000,1
SZSE_COMPONENT,sz.399001,2019-11-12,9675.5600,9699.4160,9570.4430,9670.1440,20623032832,226468007936.0000,1
SZSE_COMPONENT,sz.399001,2019-11-13,9678.6490,9702.5130,9622.3080,9687.8530,18418487552,212394070016.0000,1
SZSE_COMPONENT,sz.399001,2019-11-14,9689.9320,9768.6720,9677.7620,9746.5600,20556139264,236230291456.0000,1
SZSE_COMPONENT,sz.399001,2019-11-15,9741.9330,9777.6860,9647.9910,9647.9910,21358611968,248499056640.0000,1
SZSE_COMPONENT,sz.399001,2019-11-18,9635.8060,9725.7810,9624.9470,9715.2740,19216376832,219553185792.0000,1
SZSE_COMPONENT,sz.399001,2019-11-19,9721.0130,9889.7530,9711.2890,9889.7530,22615638784,262562226176.0000,1
SZSE_COMPONENT,sz.399001,2019-11-20,9885.9040,9908.6250,9796.9530,9809.0470,23140264960,267412889600.0000,1
SZSE_COMPONENT,sz.399001,2019-11-21,9772.0330,9818.4870,9733.4400,9774.4420,20275581696,221200003072.0000,1
SZSE_COMPONENT,sz.399001,2019-11-22,9794.3170,9875.7090,9573.4730,9626.9020,25084743680,290476969984.0000,1
SZSE_COMPONENT,sz.399001,2019-11-25,9626.4050,9643.2340,9515.3310,9626.3550,22624475136,245818195968.0000,1
SZSE_COMPONENT,sz.399001,2019-11-26,9662.4130,9698.5980,9609.7300,9677.2340,21764473856,228146434048.0000,1
SZSE_COMPONENT,sz.399001,2019-11-27,9643.1100,9694.2240,9589.2080,9648.3920,20275615744,218108198912.0000,1
SZSE_COMPONENT,sz.399001,2019-11-28,9650.2660,9679.9630,9594.3700,9622.1430,18312471808,195291209728.0000,1
SZSE_COMPONENT,sz.399001,2019-11-29,9614.7120,9633.1380,9490.8460,9582.1550,18457250816,201184616448.0000,1
SZSE_COMPONENT,sz.399001,2019-12-02,9603.0160,9647.9530,9582.3240,9605.1880,18545215488,203141935104.0000,1
SZSE_COMPONENT,sz.399001,2019-12-03,9585.7530,9657.6530,9531.2550,9657.6530,19311457280,211789709312.0000,1
SZSE_COMPONENT,sz.399001,2019-12-04,9624.1850,9703.3950,9614.0370,9687.9500,20208673024,219796480000.0000,1
SZSE_COMPONENT,sz.399001,2019-12-05,9719.3010,9817.2060,9703.9100,9799.0690,22953555968,264063795200.0000,1
SZSE_COMPONENT,sz.399001,2019-12-06,9804.0400,9878.6220,9791.5620,9878.6220,22839699968,260326068224.0000,1
SZSE_COMPONENT,sz.399001,2019-12-09,9908.9680,9917.6050,9853.1970,9876.2680,25581014272,286321811456.0000,1
SZSE_COMPONENT,sz.399001,2019-12-10,9850.0360,9915.8650,9826.8340,9915.8650,25983252480,286000414720.0000,1
SZSE_COMPONENT,sz.399001,2019-12-11,9905.9120,9921.6530,9829.1110,9852.7130,26992696064,290872061952.0000,1
SZSE_COMPONENT,sz.399001,2019-12-12,9862.4320,9887.5630,9824.4140,9836.2340,25620433920,282826104832.0000,1
SZSE_COMPONENT,sz.399001,2019-12-13,9923.7870,10014.2070,9907.7570,10004.6240,29423216896,331559526400.0000,1
SZSE_COMPONENT,sz.399001,2019-12-16,10040.2610,10158.2410,10015.4510,10158.2410,35269837056,384950669312.0000,1
SZSE_COMPONENT,sz.399001,2019-12-17,10157.4250,10350.6500,10148.6850,10306.0310,42526445056,449518452736.0000,1
SZSE_COMPONENT,sz.399001,2019-12-18,10299.0500,10365.1630,10266.6380,10294.6600,38019602688,408804495360.0000,1
SZSE_COMPONENT,sz.399001,2019-12-19,10298.5050,10316.7730,10254.9450,10296.2910,34776409856,357649481728.0000,1
SZSE_COMPONENT,sz.399001,2019-12-20,10305.0970,10343.0690,10229.0970,10229.4860,34563747328,347283566592.0000,1
SZSE_COMPONENT,sz.399001,2019-12-23,10202.2290,10248.8030,10050.4080,10056.2080,30906494208,318740807680.0000,1
SZSE_COMPONENT,sz.399001,2019-12-24,10080.3670,10190.0400,10065.5540,10189.2850,26459523072,274957312000.0000,1
SZSE_COMPONENT,sz.399001,2019-12-25,10176.7210,10255.2030,10170.2090,10229.5780,29114010880,313596682240.0000,1
SZSE_COMPONENT,sz.399001,2019-12-26,10239.7580,10303.7150,10221.3360,10303.7150,29341361408,308029554688.0000,1
SZSE_COMPONENT,sz.399001,2019-12-27,10326.5200,10377.9440,10226.6190,10233.7720,35237195264,373921153024.0000,1
SZSE_COMPONENT,sz.399001,2019-12-30,10203.8150,10365.9570,10133.8810,10365.9570,32315298304,343648903168.0000,1
SZSE_COMPONENT,sz.399001,2019-12-31,10360.7830,10433.2930,10352.8880,10430.7660,28265453568,305896046592.0000,1
SZSE_COMPONENT,sz.399001,2020-01-02,10509.1240,10663.5540,10479.7730,10638.8240,39325746944,424347406336.0000,1
SZSE_COMPONENT,sz.399001,2020-01-03,10666.6550,10689.5910,10594.3570,10656.4060,37418270208,405405339648.0000,1
SZSE_COMPONENT,sz.399001,2020-01-06,10599.4110,10799.5790,10577.7820,10698.2730,43964164608,472892674048.0000,1
SZSE_COMPONENT,sz.399001,2020-01-07,10725.1770,10829.0450,10723.8570,10829.0450,41449962752,444165763072.0000,1
SZSE_COMPONENT,sz.399001,2020-01-08,10776.7070,10851.2810,10681.0240,10706.8680,46250691072,472740642816.0000,1
SZSE_COMPONENT,sz.399001,2020-01-09,10807.0370,10899.4820,10807.0370,10898.1660,39659111424,434903322624.0000,1
SZSE_COMPONENT,sz.399001,2020-01-10,10927.9810,10933.8050,10833.5190,10879.8420,35568971264,398600765440.0000,1
SZSE_COMPONENT,sz.399001,2020-01-13,10893.9950,11040.2010,10851.7190,11040.2010,34527366400,409505554432.0000,1
SZSE_COMPONENT,sz.399001,2020-01-14,11074.8860,11086.8080,10983.4150,10988.7670,37729812224,430400618496.0000,1
SZSE_COMPONENT,sz.399001,2020-01-15,10978.2810,11001.8050,10882.7870,10972.3160,33123327232,378160533504.0000,1
SZSE_COMPONENT,sz.399001,2020-01-16,10986.6480,11008.2080,10934.7240,10967.4350,31796837376,375957684224.0000,1
SZSE_COMPONENT,sz.399001,2020-01-17,11001.6770,11045.2500,10927.8400,10954.3880,30482010368,365143216128.0000,1
SZSE_COMPONENT,sz.399001,2020-01-20,10981.5040,11115.8840,10936.8030,11115.8840,33062551296,408001032192.0000,1
SZSE_COMPONENT,sz.399001,2020-01-21,11077.6570,11078.0390,10948.5760,10953.4130,33854080512,404258430976.0000,1
SZSE_COMPONENT,sz.399001,2020-01-22,10896.5540,11105.6900,10761.6760,11072.0570,35209008128,429531267072.0000,1
SZSE_COMPONENT,sz.399001,2020-01-23,10947.8570,11025.9950,10572.2650,10681.9040,40289425920,481547538432.0000,1
SZSE_COMPONENT,sz.399001,2020-02-03,9706.5790,9934.3490,9706.5790,9779.6680,19544992256,262459731968.0000,1
SZSE_COMPONENT,sz.399001,2020-02-04,9578.8660,10095.6900,9578.8660,10089.6660,51156007936,536037347328.0000,1
SZSE_COMPONENT,sz.399001,2020-02-05,10159.5520,10445.0930,10148.2430,10305.4980,45467182592,523099590656.0000,1
SZSE_COMPONENT,sz.399001,2020-02-06,10306.1150,10633.1650,10214.8110,10601.3420,48110943488,554856050688.0000,1
SZSE_COMPONENT,sz.399001,2020-02-07,10569.6520,10629.1490,10441.9030,10611.5510,48961955840,567200989184.0000,1
SZSE_COMPONENT,sz.399001,2020-02-10,10577.5570,10730.0530,10551.5380,10728.4590,47089083648,544274325504.0000,1
SZSE_COMPONENT,sz.399001,2020-02-11,10749.9730,10839.1850,10678.1060,10768.6270,41781519104,483068698624.0000,1
SZSE_COMPONENT,sz.399001,2020-02-12,10735.0470,10944.6290,10724.0840,10940.7950,42014176256,492545458176.0000,1
SZSE_COMPONENT,sz.399001,2020-02-13,10936.5010,10988.2310,10820.9170,10864.3220,45529039872,536585011200.0000,1
SZSE_COMPONENT,sz.399001,2020-02-14,10854.4550,11017.6450,10822.1330,10916.3110,41709336832,504892465152.0000,1
SZSE_COMPONENT,sz.399001,2020-02-17,10974.9320,11241.4990,10974.9320,11241.4990,48111496448,570188828672.0000,1
SZSE_COMPONENT,sz.399001,2020-02-18,11244.7650,11306.4860,11143.3870,11306.4860,52809083648,624947511296.0000,1
SZSE_COMPONENT,sz.399001,2020-02-19,11300.1610,11387.9920,11229.5510,11235.5950,53776285184,657484296192.0000,1
SZSE_COMPONENT,sz.399001,2020-02-20,11278.8740,11519.0730,11248.9020,11509.0870,55171062016,654664638464.0000,1
SZSE_COMPONENT,sz.399001,2020-02-21,11506.6730,11727.8880,11493.6320,11629.6980,60039173376,725971468288.0000,1
SZSE_COMPONENT,sz.399001,2020-02-24,11620.6310,11809.7490,11548.4090,11772.3750,62054634752,770457501696.0000,1
SZSE_COMPONENT,sz.399001,2020-02-25,11537.5530,11869.4060,11350.2750,11856.0810,73050583040,902187397120.0000,1
SZSE_COMPONENT,sz.399001,2020-02-26,11677.6280,11770.5080,11453.6860,11497.5530,68651309824,817348521984.0000,1
SZSE_COMPONENT,sz.399001,2020-02-27,11555.8180,11684.4970,11401.3230,11534.0180,55169482496,654632005632.0000,1
SZSE_COMPONENT,sz.399001,2020-02-28,11150.6590,11338.3490,10962.2420,10980.7740,61089043712,696848228352.0000,1
SZSE_COMPONENT,sz.399001,2020-03-02,11115.4590,11457.4160,11053.2880,11381.7610,53240554752,632086433792.0000,1
SZSE_COMPONENT,sz.399001,2020-03-03,11597.6630,11734.1770,11378.7630,11484.2110,60166615296,728950349824.0000,1
SZSE_COMPONENT,sz.399001,2020-03-04,11411.5970,11501.7960,11273.2630,11493.0210,51334824704,602117062656.0000,1
SZSE_COMPONENT,sz.399001,2020-03-05,11644.4070,11739.8360,11521.2930,11711.3720,59305420288,689195540480.0000,1
SZSE_COMPONENT,sz.399001,2020-03-06,11555.4580,11690.2000,11541.7810,11582.8150,53885673984,580104347648.0000,1
SZSE_COMPONENT,sz.399001,2020-03-09,11363.7949,11407.4723,11100.9134,11108.5480,58473479978,648077340380.9210,1
SZSE_COMPONENT,sz.399001,2020-03-10,11016.9238,11406.3047,10916.9461,11403.4665,58135515476,656502529541.3840,1
SZSE_COMPONENT,sz.399001,2020-03-11,11436.4378,11444.7814,11197.0928,11200.0502,52958021967,594063173445.3080,1
SZSE_COMPONENT,sz.399001,2020-03-12,11022.4012,11070.4066,10842.3807,10941.0135,46570794670,509406994353.3570,1
SZSE_COMPONENT,sz.399001,2020-03-13,10382.2213,10956.5086,10380.1711,10831.1250,52900453782,573701912360.6780,1
SZSE_COMPONENT,sz.399001,2020-03-16,10867.6626,10867.6626,10217.9324,10253.2846,52048261524,587677958038.1830,1
SZSE_COMPONENT,sz.399001,2020-03-17,10337.9189,10449.3274,9885.8614,10202.7534,44916428758,495073156439.9480,1
SZSE_COMPONENT,sz.399001,2020-03-18,10294.9555,10479.7831,10029.5687,10029.5687,45258080567,518373879323.7040,1
SZSE_COMPONENT,sz.399001,2020-03-19,10023.1210,10101.8034,9719.4923,10019.8582,43223774821,491949299374.1940,1
SZSE_COMPONENT,sz.399001,2020-03-20,10150.7840,10174.5088,9964.2858,10150.1252,38004697447,435458534975.1410,1
SZSE_COMPONENT,sz.399001,2020-03-23,9828.8987,9929.9636,9659.3480,9691.5337,38811461512,418985613298.0880,1
SZSE_COMPONENT,sz.399001,2020-03-24,9900.2203,9945.9199,9634.9677,9921.6831,39835928443,433528584902.3720,1
SZSE_COMPONENT,sz.399001,2020-03-25,10171.4653,10255.5790,10111.3621,10241.0761,41683938177,458152117849.0720,1
SZSE_COMPONENT,sz.399001,2020-03-26,10161.9422,10281.5724,10112.6202,10155.3593,37299227467,394186890299.4070,1
SZSE_COMPONENT,sz.399001,2020-03-27,10300.6192,10310.5324,10105.7185,10109.9066,34500987545,380281699833.0270,1
SZSE_COMPONENT,sz.399001,2020-03-30,9953.0364,9985.3789,9791.0227,9904.9511,35663136928,382440662636.9600,1
SZSE_COMPONENT,sz.399001,2020-03-31,10008.0257,10047.9784,9925.6798,9962.3047,31534832328,337468972411.7540,1
SZSE_COMPONENT,sz.399001,2020-04-01,9967.1158,10127.0970,9927.9208,9951.8367,33307952567,359216781570.2940,1
SZSE_COMPONENT,sz.399001,2020-04-02,9910.3773,10179.2045,9896.6464,10179.2045,32820076188,364617023206.5190,1
SZSE_COMPONENT,sz.399001,2020-04-03,10155.5629,10212.9087,10069.6440,10110.1129,32003127097,358276718557.7880,1
SZSE_COMPONENT,sz.399001,2020-04-07,10312.7148,10441.7414,10296.7194,10428.9132,40185831806,445455425342.4450,1
SZSE_COMPONENT,sz.399001,2020-04-08,10372.7625,10426.4015,10344.4419,10386.5453,39687723477,420856344171.4240,1
SZSE_COMPONENT,sz.399001,2020-04-09,10453.8559,10485.2968,10401.1705,10463.0463,37741883171,405778525241.5480,1
SZSE_COMPONENT,sz.399001,2020-04-10,10459.6992,10509.0039,10265.8840,10298.4127,39477343661,425685347698.1270,1
SZSE_COMPONENT,sz.399001,2020-04-13,10225.5297,10295.1687,10173.1226,10223.1633,29803433754,314914999773.0140,1
SZSE_COMPONENT,sz.399001,2020-04-14,10300.9622,10475.7052,10276.3650,10475.7052,32983875791,365721826479.9840,1
SZSE_COMPONENT,sz.399001,2020-04-15,10468.4629,10528.7349,10404.5092,10417.3744,37919930676,409439234958.2140,1
SZSE_COMPONENT,sz.399001,2020-04-16,10361.7653,10489.1342,10346.1096,10470.7936,34870380920,372555755332.6900,1
SZSE_COMPONENT,sz.399001,2020-04-17,10562.8976,10624.5417,10507.8024,10527.9907,40149237971,460267368501.4660,1
SZSE_COMPONENT,sz.399001,2020-04-20,10553.5476,10621.4968,10523.5916,10621.4968,34015623714,383529246109.0300,1
SZSE_COMPONENT,sz.399001,2020-04-21,10577.7187,10577.7187,10394.4398,10506.8566,35933329193,400623067994.9690,1
SZSE_COMPONENT,sz.399001,2020-04-22,10424.4501,10617.1925,10409.8521,10617.1925,34484857059,373179059514.5500,1
SZSE_COMPONENT,sz.399001,2020-04-23,10657.3995,10667.0113,10557.9433,10564.0458,38280972869,407896394021.0080,1
SZSE_COMPONENT,sz.399001,2020-04-24,10565.0868,10577.0288,10388.6613,10423.4622,37291139586,381097203000.1700,1
SZSE_COMPONENT,sz.399001,2020-04-27,10449.1265,10531.3918,10367.2922,10452.1708,32036978713,331351587770.7600,1
SZSE_COMPONENT,sz.399001,2020-04-28,10477.7614,10547.7453,10194.1515,10501.1471,38469152976,403372452600.1100,1
SZSE_COMPONENT,sz.399001,2020-04-29,10460.9947,10586.5717,10449.3732,10514.1731,29023198868,310081884005.8800,1
SZSE_COMPONENT,sz.399001,2020-04-30,10575.5242,10751.7477,10575.5242,10721.7796,34810253127,401656708729.9900,1
SZSE_COMPONENT,sz.399001,2020-05-06,10618.1651,10884.3400,10613.8877,10883.2183,35016317908,417220851949.8900,1
SZSE_COMPONENT,sz.399001,2020-05-07,10899.9169,10926.8270,10832.0925,10863.2853,34587889048,398621132823.5500,1
SZSE_COMPONENT,sz.399001,2020-05-08,10923.6123,11054.3142,10904.8842,11001.5794,35434789069,410902382069.3100,1
SZSE_COMPONENT,sz.399001,2020-05-11,11053.8157,11096.2844,10902.6048,10969.2819,34932753998,412801067084.0100,1
SZSE_COMPONENT,sz.399001,2020-05-12,10972.0503,11018.9255,10871.6142,11015.5584,30928583190,360877809665.5100,1
SZSE_COMPONENT,sz.399001,2020-05-13,10978.3114,11096.6155,10954.6910,11074.5925,29883684044,357566915907.0200,1
SZSE_COMPONENT,sz.399001,2020-05-14,11026.7120,11047.3764,10955.5382,10962.1473,32504079061,372773922227.0900,1
SZSE_COMPONENT,sz.399001,2020-05-15,11013.1554,11039.6783,10919.5404,10964.8920,31714461969,380063225005.4800,1
SZSE_COMPONENT,sz.399001,2020-05-18,10969.0815,11017.4992,10858.4554,10921.1453,36207888258,442713632746.4200,1
SZSE_COMPONENT,sz.399001,2020-05-19,11023.4280,11052.8476,10978.7168,11052.8476,31011385021,385245479768.3000,1
SZSE_COMPONENT,sz.399001,2020-05-20,11056.9770,11056.9770,10914.7543,10948.4771,34539737800,417524221201.2000,1
SZSE_COMPONENT,sz.399001,2020-05-21,10999.0702,11007.1445,10818.7857,10845.3964,32124994307,375610196357.6000,1
SZSE_COMPONENT,sz.399001,2020-05-22,10832.9134,10832.9134,10559.2977,10604.9659,29971897348,347490133244.3300,1
SZSE_COMPONENT,sz.399001,2020-05-25,10602.4707,10629.6106,10532.8617,10592.8444,24158753245,288513613801.4000,1
SZSE_COMPONENT,sz.399001,2020-05-26,10655.9833,10816.7095,10647.2506,10815.4306,27086420713,322629338262.1900,1
SZSE_COMPONENT,sz.399001,2020-05-27,10823.2430,10823.2430,10657.8055,10682.6976,29342989795,345256176605.4900,1
SZSE_COMPONENT,sz.399001,2020-05-28,10680.8726,10727.9934,10505.7873,10653.4924,29705786836,339058020776.4300,1
SZSE_COMPONENT,sz.399001,2020-05-29,10615.1356,10764.8725,10588.7396,10746.0764,29492296256,338498582332.5200,1
SZSE_COMPONENT,sz.399001,2020-06-01,10837.4919,11123.1949,10837.4919,11102.1504,39028221649,454170074797.3400,1
SZSE_COMPONENT,sz.399001,2020-06-02,11133.6160,11146.8489,11059.1850,11112.4965,41951034031,477710161189.7100,1
SZSE_COMPONENT,sz.399001,2020-06-03,11154.6417,11204.5171,11100.6898,11108.3594,41899491587,477363378228.1500,1
SZSE_COMPONENT,sz.399001,2020-06-04,11146.2929,11165.1389,11080.5061,11139.2565,35881224701,396325346349.8500,1
SZSE_COMPONENT,sz.399001,2020-06-05,11153.2730,11180.5979,11087.2495,11180.5979,34250217834,378387677190.9800,1
SZSE_COMPONENT,sz.399001,2020-06-08,11266.9349,11340.0297,11195.8492,11215.7600,35720978420,409674029152.7500,1
SZSE_COMPONENT,sz.399001,2020-06-09,11238.4418,11303.5381,11195.0030,11284.2423,32998542513,368899489923.2900,1
SZSE_COMPONENT,sz.399001,2020-06-10,11296.1349,11338.2360,11249.4346,11335.8626,31935162854,371135766848.5700,1
SZSE_COMPONENT,sz.399001,2020-06-11,11328.0975,11405.0092,11180.7541,11243.6167,35689466427,431950524104.0100,1
SZSE_COMPONENT,sz.399001,2020-06-12,11017.1459,11306.1396,11003.3191,11251.7077,35469559970,424919067390.8000,1
SZSE_COMPONENT,sz.399001,2020-06-15,11241.2557,11353.1637,11192.2735,11192.2735,38925304748,466150409084.4500,1
SZSE_COMPONENT,sz.399001,2020-06-16,11312.8069,11398.9661,11293.9040,11398.9661,35911707464,441480246116.6600,1
SZSE_COMPONENT,sz.399001,2020-06-17,11421.0280,11421.0280,11330.3687,11420.8365,38296051988,460850397739.2900,1
SZSE_COMPONENT,sz.399001,2020-06-18,11416.0779,11503.3827,11397.5729,11494.5542,37918520604,469208840249.7900,1
SZSE_COMPONENT,sz.399001,2020-06-19,11505.6855,11694.8896,11500.5300,11668.1332,36011458253,459780873827.0400,1
SZSE_COMPONENT,sz.399001,2020-06-22,11680.4052,11756.8556,11658.8057,11702.4416,37921121245,482583046867.9300,1
SZSE_COMPONENT,sz.399001,2020-06-23,11711.2774,11796.4107,11651.8262,11794.0093,34943593688,452996357231.1700,1
SZSE_COMPONENT,sz.399001,2020-06-24,11813.3637,11854.9899,11760.4693,11813.5280,32117466027,431766567846.2000,1
SZSE_COMPONENT,sz.399001,2020-06-29,11780.6503,11814.6410,11695.4506,11752.3591,32724086528,422432536523.7900,1
SZSE_COMPONENT,sz.399001,2020-06-30,11828.5269,12013.6012,11827.7638,11992.3468,32744577368,449354295432.5100,1
SZSE_COMPONENT,sz.399001,2020-07-01,12024.8398,12130.3018,11945.8921,12112.9645,39479772368,537408303851.0600,1
SZSE_COMPONENT,sz.399001,2020-07-02,12095.8495,12278.8293,12055.9523,12269.4885,48295079945,601852588808.8000,1
SZSE_COMPONENT,sz.399001,2020-07-03,12295.6197,12433.6843,12232.7040,12433.2649,51468269514,636094456668.8500,1
SZSE_COMPONENT,sz.399001,2020-07-06,12519.4965,12945.7121,12519.4965,12941.7205,69387857125,841945857714.6200,1
SZSE_COMPONENT,sz.399001,2020-07-07,13084.6499,13407.1927,12997.1671,13163.9796,75751727933,946232727616.6000,1
SZSE_COMPONENT,sz.399001,2020-07-08,13170.2005,13428.9403,13059.2376,13406.3724,67184614394,845815788114.0000,1
SZSE_COMPONENT,sz.399001,2020-07-09,13399.4676,13792.6346,13385.4260,13754.7439,76124434181,974826151011.3900,1
SZSE_COMPONENT,sz.399001,2020-07-10,13662.3836,13831.6114,13599.0329,13671.2441,69912919043,909318666631.2200,1
SZSE_COMPONENT,sz.399001,2020-07-13,13699.2226,14149.1440,13699.2226,14149.1440,71080396940,955042543138.8000,1
SZSE_COMPONENT,sz.399001,2020-07-14,14121.3303,14150.9966,13698.2688,13996.4641,73834211632,997206841399.4500,1
SZSE_COMPONENT,sz.399001,2020-07-15,14017.9304,14077.5600,13646.6622,13734.1288,67254248509,896791871431.7700,1
SZSE_COMPONENT,sz.399001,2020-07-16,13731.2839,13853.4423,12966.3248,12996.3397,62270031911,826680803382.1800,1
SZSE_COMPONENT,sz.399001,2020-07-17,13002.8359,13315.4360,12916.0802,13114.9384,47704743026,629589051103.8500,1
SZSE_COMPONENT,sz.399001,2020-07-20,13303.8024,13448.8492,13032.3959,13448.8492,49488315030,649024905616.0300,1
SZSE_COMPONENT,sz.399001,2020-07-21,13480.3900,13572.9345,13396.5817,13536.1735,47293922965,614163030094.9000,1
SZSE_COMPONENT,sz.399001,2020-07-22,13507.3531,13816.6712,13459.8830,13657.0295,50091430638,657824342408.3500,1
SZSE_COMPONENT,sz.399001,2020-07-23,13511.4507,13699.5281,13281.5494,13661.4997,52779589083,699157793080.9900,1
SZSE_COMPONENT,sz.399001,2020-07-24,13547.8065,13602.7913,12868.9505,12935.6969,56629975050,750564667826.3400,1
SZSE_COMPONENT,sz.399001,2020-07-27,13013.7655,13093.8448,12838.8681,12976.8672,39828126536,524963232760.1700,1
SZSE_COMPONENT,sz.399001,2020-07-28,13107.4330,13196.6155,13022.8183,13147.3536,38983720993,508095234992.9300,1
SZSE_COMPONENT,sz.399001,2020-07-29,13117.1882,13557.4411,13085.9510,13557.4411,43779760122,593635518316.5600,1
SZSE_COMPONENT,sz.399001,2020-07-30,13595.7712,13619.4949,13432.1311,13466.8549,47052868806,616787157102.8700,1
SZSE_COMPONENT,sz.399001,2020-07-31,13464.2070,13748.0338,13399.8592,13637.8826,48620168297,650213230375.0700,1
SZSE_COMPONENT,sz.399001,2020-08-03,13771.7448,13964.5618,13712.9820,13964.5618,56879235377,761532325131.5800,1
SZSE_COMPONENT,sz.399001,2020-08-04,13966.7328,14012.7058,13779.2204,13860.4591,56760579983,767895259883.7700,1
SZSE_COMPONENT,sz.399001,2020-08-05,13859.3182,13993.6689,13726.6178,13960.9250,50299173706,670273055126.9400,1
SZSE_COMPONENT,sz.399001,2020-08-06,13972.3032,13972.3032,13661.8443,13863.1298,53428282477,721023901254.5600,1
SZSE_COMPONENT,sz.399001,2020-08-07,13813.7621,13847.1990,13411.6653,13648.4996,51074060065,700765738527.6900,1
SZSE_COMPONENT,sz.399001,2020-08-10,13576.3194,13752.2925,13453.9457,13657.3134,45259180522,630535955027.0900,1
SZSE_COMPONENT,sz.399001,2020-08-11,13668.3056,13811.5189,13450.2297,13466.2675,46741569781,620588226420.0000,1
SZSE_COMPONENT,sz.399001,2020-08-12,13437.5661,13471.8204,13026.0109,13308.5217,45037701762,602930245068.1600,1
SZSE_COMPONENT,sz.399001,2020-08-13,13373.1634,13392.3470,13254.3928,13291.3199,40388645443,494330064817.7500,1
SZSE_COMPONENT,sz.399001,2020-08-14,13272.7074,13495.9737,13242.7791,13489.0095,38863053474,482289515330.4000,1
SZSE_COMPONENT,sz.399001,2020-08-17,13542.0141,13756.6131,13490.6393,13742.2257,48909370237,616467249911.8900,1
SZSE_COMPONENT,sz.399001,2020-08-18,13748.5154,13813.0217,13692.0738,13768.1672,47496163062,596898404210.6400,1
SZSE_COMPONENT,sz.399001,2020-08-19,13741.2736,13741.2736,13472.9644,13480.8527,47995953969,590147208491.0900,1
SZSE_COMPONENT,sz.399001,2020-08-20,13387.8182,13476.0692,13270.1156,13320.9233,38938383360,470003203120.0900,1
SZSE_COMPONENT,sz.399001,2020-08-21,13445.9626,13547.7930,13373.7157,13477.9999,38432863844,482962971388.2200,1
SZSE_COMPONENT,sz.399001,2020-08-24,13565.2840,13708.1219,13418.9613,13666.6926,41145802560,551396188567.9000,1
SZSE_COMPONENT,sz.399001,2020-08-25,13692.4661,13788.4927,13620.6192,13669.4066,45693579230,586063103587.2700,1
SZSE_COMPONENT,sz.399001,2020-08-26,13680.5853,13717.8980,13376.6610,13428.3991,46552848377,596614407088.9900,1
SZSE_COMPONENT,sz.399001,2020-08-27,13465.8931,13548.6599,13348.4472,13535.0904,41499513193,520691038561.3800,1
SZSE_COMPONENT,sz.399001,2020-08-28,13509.3720,13868.2987,13483.2835,13851.3239,44122499526,568479063990.2800,1
SZSE_COMPONENT,sz.399001,2020-08-31,13929.7475,13994.1433,13755.3632,13758.2278,45192552406,597534971537.2900,1
SZSE_COMPONENT,sz.399001,2020-09-01,13729.3878,13849.6578,13662.6851,13849.6578,39923789924,524538672487.1100,1
SZSE_COMPONENT,sz.399001,2020-09-02,13881.0730,13944.1580,13737.8338,13887.4251,51729370287,623392812789.1800,1
SZSE_COMPONENT,sz.399001,2020-09-03,13871.2682,13933.4238,13722.5761,13772.3737,48294048844,591494024504.9100,1
SZSE_COMPONENT,sz.399001,2020-09-04,13501.9111,13680.0589,13487.6919,13656.6574,43711596516,530504801476.5800,1
SZSE_COMPONENT,sz.399001,2020-09-07,13633.5055,13714.3174,13232.2425,13284.0335,54163942902,663791588007.4500,1
SZSE_COMPONENT,sz.399001,2020-09-08,13315.1484,13351.5667,13118.9426,13293.3300,53406929889,604152978954.3500,1
SZSE_COMPONENT,sz.399001,2020-09-09,13107.9767,13122.7624,12778.4299,12861.7500,63718923129,695257373144.1400,1
SZSE_COMPONENT,sz.399001,2020-09-10,13001.3832,13068.2252,12709.7516,12742.8454,52989805301,563505245098.0200,1
SZSE_COMPONENT,sz.399001,2020-09-11,12711.0884,12952.4655,12702.6217,12942.9488,38395252307,429698229423.8100,1
SZSE_COMPONENT,sz.399001,2020-09-14,13024.5553,13107.2807,12921.7584,13021.9901,41914355134,500237497534.7500,1
SZSE_COMPONENT,sz.399001,2020-09-15,13032.2847,13148.1684,12976.0285,13143.4570,39123347913,473751759490.4200,1
SZSE_COMPONENT,sz.399001,2020-09-16,13123.4964,13137.7196,12947.0492,13011.2814,35324537128,441995000980.2200,1
SZSE_COMPONENT,sz.399001,2020-09-17,12970.3420,13113.7724,12870.9921,13015.1892,35395341326,474313751889.0000,1
SZSE_COMPONENT,sz.399001,2020-09-18,13026.1053,13253.6780,12987.5879,13245.0900,39237245188,498662473853.7900,1
SZSE_COMPONENT,sz.399001,2020-09-21,13280.0081,13289.6040,13135.2411,13149.5014,36664404650,467386110298.5400,1
SZSE_COMPONENT,sz.399001,2020-09-22,13052.0849,13212.2393,12981.9670,13023.4311,35053831009,433184435438.9600,1
SZSE_COMPONENT,sz.399001,2020-09-23,13044.8118,13148.9351,12991.6609,13110.0723,31823574001,420011122360.8800,1
SZSE_COMPONENT,sz.399001,2020-09-24,13018.3023,13044.3819,12816.6063,12816.6063,34406662290,421049315211.4300,1
SZSE_COMPONENT,sz.399001,2020-09-25,12876.0754,12919.6138,12764.2648,12814.1736,27281982365,348702938179.3300,1
SZSE_COMPONENT,sz.399001,2020-09-28,12860.0911,12890.8989,12752.3904,12760.9325,25146757869,330571549214.1400,1
SZSE_COMPONENT,sz.399001,2020-09-29,12843.2273,12966.8509,12798.6508,12900.6952,25319344085,337712472885.6800,1
SZSE_COMPONENT,sz.399001,2020-09-30,12948.9707,13040.0408,12834.7687,12907.4481,25219958095,334240715354.4000,1
SZSE_COMPONENT,sz.399001,2020-10-09,13161.3551,13323.8093,13145.7545,13289.2621,31808432606,447106821134.4200,1
SZSE_COMPONENT,sz.399001,2020-10-12,13386.3445,13708.0666,13382.6982,13708.0666,43426916790,615700251062.3700,1
SZSE_COMPONENT,sz.399001,2020-10-13,13678.6222,13820.5627,13622.9511,13798.5789,38136928418,546439745273.1700,1
SZSE_COMPONENT,sz.399001,2020-10-14,13781.5598,13781.7754,13664.7332,13691.0429,38344693819,546486209380.3700,1
SZSE_COMPONENT,sz.399001,2020-10-15,13702.8323,13737.0754,13617.0817,13624.8908,35572512599,500160789623.2100,1
SZSE_COMPONENT,sz.399001,2020-10-16,13611.9135,13665.5773,13439.8832,13532.7292,32428415619,455152499609.6100,1
SZSE_COMPONENT,sz.399001,2020-10-19,13638.7803,13660.5388,13393.0225,13421.1948,32953932095,455215631009.3300,1
SZSE_COMPONENT,sz.399001,2020-10-20,13417.2213,13603.8810,13371.5541,13603.8810,31664258129,439571085476.2100,1
SZSE_COMPONENT,sz.399001,2020-10-21,13613.8685,13613.8685,13396.5413,13467.9132,31784128351,459421420582.7200,1
SZSE_COMPONENT,sz.399001,2020-10-22,13419.3912,13435.4069,13252.0627,13396.1815,30165867996,427266546406.1100,1
SZSE_COMPONENT,sz.399001,2020-10-23,13405.5349,13487.1072,13110.0177,13128.4553,30248190644,437816160845.3800,1
SZSE_COMPONENT,sz.399001,2020-10-26,13056.3010,13242.6325,12922.5877,13191.2470,27610939613,398149304361.7800,1
SZSE_COMPONENT,sz.399001,2020-10-27,13159.3682,13291.8035,13146.5511,13269.6543,28797432788,413771508672.3900,1
SZSE_COMPONENT,sz.399001,2020-10-28,13273.4991,13438.4685,13188.6553,13388.1038,32393468123,476947352377.2000,1
SZSE_COMPONENT,sz.399001,2020-10-29,13219.8925,13582.3070,13200.7786,13519.6613,33396187162,501666720028.3600,1
SZSE_COMPONENT,sz.399001,2020-10-30,13544.2856,13550.3582,13204.2453,13236.6010,37563158518,541927833404.8500,1
SZSE_COMPONENT,sz.399001,2020-11-02,13269.9698,13462.4226,13258.1628,13420.9609,33927503376,487110104524.2100,1
SZSE_COMPONENT,sz.399001,2020-11-03,13476.5834,13592.9195,13414.0029,13580.0350,34056524371,481009295157.5800,1
SZSE_COMPONENT,sz.399001,2020-11-04,13586.3292,13691.6923,13544.8299,13659.4993,31312451106,459038067570.2000,1
SZSE_COMPONENT,sz.399001,2020-11-05,13802.1789,13894.2566,13728.6406,13894.2566,36579832399,543464101585.7600,1
SZSE_COMPONENT,sz.399001,2020-11-06,13932.4138,13932.4138,13708.7490,13838.4217,36615163878,552972517358.1000,1
SZSE_COMPONENT,sz.399001,2020-11-09,13934.3703,14197.8467,13934.3703,14141.1529,43721814198,653608478471.8700,1
SZSE_COMPONENT,sz.399001,2020-11-10,14121.6855,14121.6855,13908.2079,13993.3352,39435980274,591195899277.9000,1
SZSE_COMPONENT,sz.399001,2020-11-11,13925.4352,13981.9867,13715.4373,13720.1740,35060656176,513813238957.2000,1
SZSE_COMPONENT,sz.399001,2020-11-12,13789.2954,13846.8683,13724.3358,13792.0742,30252256244,421166043225.8700,1
SZSE_COMPONENT,sz.399001,2020-11-13,13755.2852,13802.7123,13620.8899,13754.5536,29635933283,425634573421.6200,1
SZSE_COMPONENT,sz.399001,2020-11-16,13811.8499,13850.8288,13669.2547,13850.8288,33617086394,467276094182.7300,1
SZSE_COMPONENT,sz.399001,2020-11-17,13843.0116,13843.0116,13628.8210,13732.5199,36114507131,499915338642.5700,1
SZSE_COMPONENT,sz.399001,2020-11-18,13710.0233,13773.5817,13602.6927,13658.2034,34749263489,463012987298.1500,1
SZSE_COMPONENT,sz.399001,2020-11-19,13633.9713,13812.7811,13578.3253,13777.4452,34692556329,454766978236.6200,1
SZSE_COMPONENT,sz.399001,2020-11-20,13789.9845,13865.7193,13773.2136,13852.4182,32938386364,438277523421.6600,1
SZSE_COMPONENT,sz.399001,2020-11-23,13871.7112,14021.5046,13795.9196,13955.2848,40104197900,522455359919.4200,1
SZSE_COMPONENT,sz.399001,2020-11-24,13958.0126,13962.3404,13848.9087,13902.5372,35527402650,470795355829.3300,1
SZSE_COMPONENT,sz.399001,2020-11-25,13923.6590,13933.7860,13656.0949,13656.0949,36860357914,479922611618.0900,1
SZSE_COMPONENT,sz.399001,2020-11-26,13651.4321,13692.7342,13452.6760,13599.9939,31772149174,415975881297.5500,1
SZSE_COMPONENT,sz.399001,2020-11-27,13627.8557,13690.8834,13542.6765,13690.8834,31000552919,399658671634.2500,1
SZSE_COMPONENT,sz.399001,2020-11-30,13720.6808,13815.4887,13634.1568,13670.1106,37165448293,496207435156.9700,1
SZSE_COMPONENT,sz.399001,2020-12-01,13650.3888,13940.8990,13646.6879,13930.3746,37014513864,479714599945.7300,1
SZSE_COMPONENT,sz.399001,2020-12-02,13950.7382,13991.4499,13858.4451,13961.5754,38803244919,497650122913.1100,1
SZSE_COMPONENT,sz.399001,2020-12-03,13955.9785,14009.5111,13889.6194,13970.6840,37436378765,473941113981.4600,1
SZSE_COMPONENT,sz.399001,2020-12-04,13933.8767,14049.2121,13903.8362,14026.6567,31886919287,419358435756.3400,1
SZSE_COMPONENT,sz.399001,2020-12-07,14021.1614,14054.8751,13958.7399,13973.4819,31795780793,432150542737.6100,1
SZSE_COMPONENT,sz.399001,2020-12-08,14000.8657,14040.5013,13942.6630,13973.8919,29283603456,397072041871.5100,1
SZSE_COMPONENT,sz.399001,2020-12-09,13998.6174,14017.3504,13710.8602,13716.5307,33648470929,452221666549.1400,1
SZSE_COMPONENT,sz.399001,2020-12-10,13672.0533,13814.8039,13621.1270,13731.3422,29083567922,387622157852.0400,1
SZSE_COMPONENT,sz.399001,2020-12-11,13767.4781,13771.9648,13431.5545,13555.1445,34619340533,455089357170.5900,1
SZSE_COMPONENT,sz.399001,2020-12-14,13583.1949,13695.3226,13511.7790,13692.1325,29100130765,393547602621.4800,1
SZSE_COMPONENT,sz.399001,2020-12-15,13682.2755,13783.0426,13641.7224,13763.3126,28475667106,394301187648.5700,1
SZSE_COMPONENT,sz.399001,2020-12-16,13791.4148,13807.1751,13709.8040,13751.0908,29782815598,392160099961.1000,1
SZSE_COMPONENT,sz.399001,2020-12-17,13746.2809,13901.8302,13688.8326,13889.8663,33010124461,427010618503.9100,1
SZSE_COMPONENT,sz.399001,2020-12-18,13911.8335,13939.9296,13806.6189,13854.1197,31286729859,417246480540.1000,1
SZSE_COMPONENT,sz.399001,2020-12-21,13858.6588,14134.8495,13819.7036,14134.8495,34392615276,480532160300.6400,1
SZSE_COMPONENT,sz.399001,2020-12-22,14085.2860,14172.7675,13872.4986,13882.3026,38539343149,525440139571.6400,1
SZSE_COMPONENT,sz.399001,2020-12-23,13912.5186,14078.1314,13897.1108,14015.0229,36846949303,515807443681.4100,1
SZSE_COMPONENT,sz.399001,2020-12-24,13998.3587,14048.6186,13867.6599,13915.5738,35696184259,462766411213.8100,1
SZSE_COMPONENT,sz.399001,2020-12-25,13879.2359,14017.0570,13835.5154,14017.0570,33825412481,434698020486.9500,1
SZSE_COMPONENT,sz.399001,2020-12-28,14020.9523,14112.5856,13959.1429,14044.1005,37325254653,482909439036.9700,1
SZSE_COMPONENT,sz.399001,2020-12-29,14042.7946,14082.4967,13915.8854,13970.2105,37160031942,477632727523.5600,1
SZSE_COMPONENT,sz.399001,2020-12-30,13970.4455,14208.6815,13968.0894,14201.5654,35191999131,469468396552.2000,1
SZSE_COMPONENT,sz.399001,2020-12-31,14226.2842,14476.5477,14226.2842,14470.6832,37221726383,511265652033.1600,1
SZSE_COMPONENT,sz.399001,2021-01-04,14516.1215,14859.0865,14486.2519,14827.4686,43549775923,641014135681.9900,1
SZSE_COMPONENT,sz.399001,2021-01-05,14760.2525,15149.0965,14716.7892,15147.5693,45893476339,698425783002.2600,1
SZSE_COMPONENT,sz.399001,2021-01-06,15221.4394,15295.0738,14987.3654,15187.6139,43324071836,645417439109.2800,1
SZSE_COMPONENT,sz.399001,2021-01-07,15178.3476,15356.4035,15101.6671,15356.4035,46928407202,670794521589.7200,1
SZSE_COMPONENT,sz.399001,2021-01-08,15402.7426,15453.1783,15162.7059,15319.2912,42006272822,630105126980.5400,1
SZSE_COMPONENT,sz.399001,2021-01-11,15353.0790,15420.6761,15011.5853,15115.3802,43945664406,684894785595.7800,1
SZSE_COMPONENT,sz.399001,2021-01-12,15053.8722,15460.0321,15020.2604,15460.0321,38686160155,604472560455.4300,1
SZSE_COMPONENT,sz.399001,2021-01-13,15491.0659,15597.9698,15240.8992,15365.4279,43269729763,679695848826.3600,1
SZSE_COMPONENT,sz.399001,2021-01-14,15283.5569,15354.1221,15033.4725,15070.1285,39617247690,610092625290.5700,1
SZSE_COMPONENT,sz.399001,2021-01-15,15030.5372,15120.2722,14772.0632,15031.7035,36449833013,556135886555.5900,1
SZSE_COMPONENT,sz.399001,2021-01-18,14980.5049,15309.7901,14898.8796,15269.2724,36406940425,546464419968.7500,1
SZSE_COMPONENT,sz.399001,2021-01-19,15278.5348,15314.0526,14954.3463,15003.9850,39512572920,573740834615.4100,1
SZSE_COMPONENT,sz.399001,2021-01-20,15023.7377,15246.7773,14958.2191,15223.3575,34028754497,518504526235.2100,1
SZSE_COMPONENT,sz.399001,2021-01-21,15251.6686,15608.3841,15251.6686,15520.5980,41062780215,615802143138.6000,1
SZSE_COMPONENT,sz.399001,2021-01-22,15508.9378,15632.3340,15381.6033,15628.7304,39616143973,628223686131.9000,1
SZSE_COMPONENT,sz.399001,2021-01-25,15594.8102,15895.8839,15534.2497,15710.1930,40351691141,681044829587.5100,1
SZSE_COMPONENT,sz.399001,2021-01-26,15637.3883,15637.3883,15328.4111,15352.4196,35029602005,577725665132.9200,1
SZSE_COMPONENT,sz.399001,2021-01-27,15328.8694,15446.8202,15107.0425,15413.8432,33837216736,526877852706.7600,1
SZSE_COMPONENT,sz.399001,2021-01-28,15169.1035,15228.4961,14881.8037,14913.2053,35413517809,524006040755.3400,1
SZSE_COMPONENT,sz.399001,2021-01-29,15039.8923,15096.2520,14609.6419,14821.9946,36867023869,535659380486.1000,1
SZSE_COMPONENT,sz.399001,2021-02-01,14841.7134,15036.3846,14797.4130,15024.2443,33706664513,485262020032.9100,1
SZSE_COMPONENT,sz.399001,2021-02-02,15057.4382,15341.4805,14981.3278,15335.6618,32995125306,516870366223.7900,1
SZSE_COMPONENT,sz.399001,2021-02-03,15360.4207,15435.5310,15218.5729,15233.1493,34816674829,539994306810.3100,1
SZSE_COMPONENT,sz.399001,2021-02-04,15135.8501,15285.8770,14908.7556,15105.9390,35354602533,523754859589.7400,1
SZSE_COMPONENT,sz.399001,2021-02-05,15167.6392,15250.0951,14996.2878,15007.2950,31986707193,493715843656.7800,1
SZSE_COMPONENT,sz.399001,2021-02-08,15066.4555,15299.6533,14945.8436,15269.6266,28319424705,447009121272.9800,1
SZSE_COMPONENT,sz.399001,2021-02-09,15330.3018,15635.3774,15275.3857,15630.5657,29417149291,465785937895.7600,1
SZSE_COMPONENT,sz.399001,2021-02-10,15702.1990,16010.4048,15632.1353,15962.2497,28269118947,482674164202.7900,1
SZSE_COMPONENT,sz.399001,2021-02-18,16275.9832,16293.0875,15697.7203,15767.4355,36845136917,601642414207.8400,1
SZSE_COMPONENT,sz.399001,2021-02-19,15660.4949,15840.1616,15443.2418,15823.1052,38997684711,557583155810.2500,1
SZSE_COMPONENT,sz.399001,2021-02-22,15818.7660,15818.7660,15336.9510,15336.9510,49945871506,694092516388.5000,1
SZSE_COMPONENT,sz.399001,2021-02-23,15174.7177,15411.0278,15146.8870,15243.2519,40102575727,541901401012.3800,1
SZSE_COMPONENT,sz.399001,2021-02-24,15281.3964,15318.8463,14709.1273,14870.6646,39050601698,579471470767.9300,1
SZSE_COMPONENT,sz.399001,2021-02-25,15016.6284,15036.4197,14794.7293,14828.8003,35968005832,489437386951.0200,1
SZSE_COMPONENT,sz.399001,2021-02-26,14480.7416,14713.1169,14396.4462,14507.4453,34499218457,482350458853.9900,1
SZSE_COMPONENT,sz.399001,2021-03-01,14670.1122,14864.5816,14614.0136,14857.3439,34504781206,470711040195.6800,1
SZSE_COMPONENT,sz.399001,2021-03-02,14958.2206,14987.0700,14616.1569,14751.1172,35685697649,489841817209.8500,1
SZSE_COMPONENT,sz.399001,2021-03-03,14679.8351,14932.3850,14612.8467,14932.3850,35507292384,447694766492.0200,1
SZSE_COMPONENT,sz.399001,2021-03-04,14780.9048,14780.9048,14357.1911,14416.0600,39417820483,509805743762.1000,1
SZSE_COMPONENT,sz.399001,2021-03-05,14156.0125,14531.9858,14122.5941,14412.3120,38047606603,467595173186.4100,1
SZSE_COMPONENT,sz.399001,2021-03-08,14513.7854,14597.7487,13859.9500,13863.8136,40329321613,525427707580.1300,1
SZSE_COMPONENT,sz.399001,2021-03-09,13803.2475,13844.2262,13289.3783,13475.7177,42361410921,530551149233.1700,1
SZSE_COMPONENT,sz.399001,2021-03-10,13721.2357,13750.2629,13480.4219,13563.3391,32526874558,410172691044.5000,1
SZSE_COMPONENT,sz.399001,2021-03-11,13598.2002,13904.4660,13535.2447,13866.3658,34587621307,434170293322.1600,1
SZSE_COMPONENT,sz.399001,2021-03-12,13934.2341,13934.2341,13716.0138,13897.0258,36613736659,435021291935.5500,1
SZSE_COMPONENT,sz.399001,2021-03-15,13793.5223,13793.5223,13389.9791,13520.0660,35106034524,425359357346.6800,1
SZSE_COMPONENT,sz.399001,2021-03-16,13574.5603,13652.5475,13439.7302,13642.9546,35558225051,403116685355.2200,1
SZSE_COMPONENT,sz.399001,2021-03-17,13605.7759,13842.8754,13490.4239,13809.7674,34699041445,404206655365.8400,1
SZSE_COMPONENT,sz.399001,2021-03-18,13850.6005,14003.7672,13832.6980,13963.9237,34547019220,420217650007.9900,1
SZSE_COMPONENT,sz.399001,2021-03-19,13738.2077,13837.2285,13522.9370,13606.0016,35198066961,432120896517.0200,1
SZSE_COMPONENT,sz.399001,2021-03-22,13605.7035,13797.2995,13565.1677,13760.9655,36320737250,427360633526.4200,1
SZSE_COMPONENT,sz.399001,2021-03-23,13754.8754,13794.4653,13506.1668,13607.2674,37817031554,445108965624.4200,1
SZSE_COMPONENT,sz.399001,2021-03-24,13529.9349,13651.8983,13378.8836,13407.3469,35716727057,417555746183.1200,1
SZSE_COMPONENT,sz.399001,2021-03-25,13318.9705,13489.2895,13252.2435,13421.1622,33704974852,385737421249.1700,1
SZSE_COMPONENT,sz.399001,2021-03-26,13493.3577,13810.9651,13493.3577,13769.6826,33976911127,425554063618.8600,1
SZSE_COMPONENT,sz.399001,2021-03-29,13802.5090,13895.6065,13684.4315,13771.2589,34703811472,429900787150.8000,1
SZSE_COMPONENT,sz.399001,2021-03-30,13751.2075,13933.3192,13717.5858,13888.4383,34488971562,417726776643.6800,1
SZSE_COMPONENT,sz.399001,2021-03-31,13870.7088,13870.7088,13678.6677,13778.6698,30812250198,373263166626.4900,1
SZSE_COMPONENT,sz.399001,2021-04-01,13812.6357,13992.7480,13808.3171,13979.6942,30368998935,365033055797.5400,1
SZSE_COMPONENT,sz.399001,2021-04-02,14042.1317,14178.0989,14008.8518,14122.6128,31631698178,398764704529.6800,1
SZSE_COMPONENT,sz.399001,2021-04-06,14176.2063,14194.3563,14045.9208,14083.3402,30675741052,373875296121.5700,1
SZSE_COMPONENT,sz.399001,2021-04-07,14100.8470,14100.8470,13856.9730,13979.3091,35367775504,416369113545.8300,1
SZSE_COMPONENT,sz.399001,2021-04-08,13906.8166,14037.4525,13845.1228,13989.9396,37192890799,419266361110.5200,1
SZSE_COMPONENT,sz.399001,2021-04-09,13965.2092,13977.2795,13769.1943,13813.3099,33072618920,388245268145.6400,1
SZSE_COMPONENT,sz.399001,2021-04-12,13811.5865,13867.1566,13454.2657,13495.7174,35867060390,436821379633.3200,1
SZSE_COMPONENT,sz.399001,2021-04-13,13490.3921,13671.3593,13484.0023,13528.3132,33162488319,380941330793.4700,1
SZSE_COMPONENT,sz.399001,2021-04-14,13550.8692,13756.7417,13550.8692,13738.0013,32949469082,385012038684.4600,1
SZSE_COMPONENT,sz.399001,2021-04-15,13705.1345,13705.1345,13539.0737,13680.2690,33465303187,388071329410.5800,1
SZSE_COMPONENT,sz.399001,2021-04-16,13718.2333,13755.4461,13575.6215,13720.7433,35064491234,396213693036.4200,1
SZSE_COMPONENT,sz.399001,2021-04-19,13714.3859,14121.2115,13667.7494,14117.7980,38647667126,493068326963.0600,1
SZSE_COMPONENT,sz.399001,2021-04-20,14062.5044,14215.2787,14035.2264,14101.9028,37819740322,486649853245.9100,1
SZSE_COMPONENT,sz.399001,2021-04-21,14010.5945,14176.9502,13978.5660,14151.1453,33513615633,419614944270.6900,1
SZSE_COMPONENT,sz.399001,2021-04-22,14219.2394,14244.4941,14091.1086,14209.4412,32413208564,423848279143.3000,1
SZSE_COMPONENT,sz.399001,2021-04-23,14213.3585,14386.6172,14208.4015,14351.8559,34010540221,455601582403.7200,1
SZSE_COMPONENT,sz.399001,2021-04-26,14419.8513,14529.4276,14212.2229,14224.4479,37489267163,520278499783.5300,1
SZSE_COMPONENT,sz.399001,2021-04-27,14211.5847,14266.5988,14106.8298,14264.0842,33265774982,437570594757.3700,1
SZSE_COMPONENT,sz.399001,2021-04-28,14238.5639,14398.9611,14190.6375,14398.3808,31652402534,438490007819.5600,1
SZSE_COMPONENT,sz.399001,2021-04-29,14416.8499,14516.2206,14330.0894,14464.0818,32137959901,450595467359.5000,1
SZSE_COMPONENT,sz.399001,2021-04-30,14437.1692,14522.4562,14343.0611,14438.5675,33488423455,465326555468.4400,1
SZSE_COMPONENT,sz.399001,2021-05-06,14355.4049,14398.5799,14088.0408,14210.5960,34095493356,474974577840.0500,1
SZSE_COMPONENT,sz.399001,2021-05-07,14243.7144,14280.0424,13933.8083,13933.8083,37463394996,472803991473.2400,1
SZSE_COMPONENT,sz.399001,2021-05-10,13945.7777,14035.5991,13828.8197,13917.9664,37114852743,455282767993.6300,1
SZSE_COMPONENT,sz.399001,2021-05-11,13814.2751,13996.7001,13696.7275,13966.7856,38484465042,452944800955.3300,1
SZSE_COMPONENT,sz.399001,2021-05-12,13922.1452,14078.3287,13872.1022,14064.8657,35088724353,421629933900.6800,1
SZSE_COMPONENT,sz.399001,2021-05-13,13907.1840,14027.5524,13866.1114,13917.6501,37518928561,445291260167.0700,1
SZSE_COMPONENT,sz.399001,2021-05-14,13960.3341,14214.1350,13872.6306,14208.7832,39352237461,490585634325.7500,1
SZSE_COMPONENT,sz.399001,2021-05-17,14234.7046,14538.7614,14234.7046,14456.5416,36843831549,505568803533.6500,1
SZSE_COMPONENT,sz.399001,2021-05-18,14462.4067,14497.8993,14345.9881,14450.6035,31811062537,416061949704.1300,1
SZSE_COMPONENT,sz.399001,2021-05-19,14399.7634,14544.1992,14359.0189,14484.4546,33337309335,441515291333.5300,1
SZSE_COMPONENT,sz.399001,2021-05-20,14455.6072,14582.4022,14431.7955,14535.0980,36352156138,474157465601.4900,1
SZSE_COMPONENT,sz.399001,2021-05-21,14582.0656,14634.5952,14386.1233,14417.4572,33392499817,452011447776.6400,1
SZSE_COMPONENT,sz.399001,2021-05-24,14436.3570,14506.6072,14295.4764,14506.6072,34703586757,475065888487.0100,1
SZSE_COMPONENT,sz.399001,2021-05-25,14533.9480,14862.1921,14509.7757,14846.4534,38090283500,534263800580.0200,1
SZSE_COMPONENT,sz.399001,2021-05-26,14850.2811,14860.6414,14762.2003,14793.6806,39109510160,511008829147.3800,1
SZSE_COMPONENT,sz.399001,2021-05-27,14796.0511,14955.2996,14720.6691,14897.1875,38370502171,510685721301.9700,1
SZSE_COMPONENT,sz.399001,2021-05-28,14899.3319,14977.2458,14778.8218,14852.8784,40882244278,563783674484.5200,1
SZSE_COMPONENT,sz.399001,2021-05-31,14874.8893,14996.3774,14836.1471,14996.3774,38628013643,559737064724.1800,1
SZSE_COMPONENT,sz.399001,2021-06-01,14963.9545,15039.0233,14820.7371,15034.7791,40829957513,575197376825.9200,1
SZSE_COMPONENT,sz.399001,2021-06-02,15044.9412,15051.2075,14793.7393,14857.9078,41242338729,558298574912.1500,1
SZSE_COMPONENT,sz.399001,2021-06-03,14850.5066,14947.5996,14759.8235,14761.1322,38146103866,512268213796.4100,1
SZSE_COMPONENT,sz.399001,2021-06-04,14704.1896,14989.2119,14667.5320,14870.9141,36538586330,502175172108.9100,1
SZSE_COMPONENT,sz.399001,2021-06-07,14879.4925,14883.5478,14760.2033,14862.5992,36852949938,516971648697.8400,1
SZSE_COMPONENT,sz.399001,2021-06-08,14867.9457,14973.8107,14625.2851,14716.9821,38476998788,542239927577.9100,1
SZSE_COMPONENT,sz.399001,2021-06-09,14698.3531,14762.6433,14641.8336,14718.4026,37427607005,477796322718.1200,1
SZSE_COMPONENT,sz.399001,2021-06-10,14715.1369,14940.3038,14699.3079,14893.5925,41702040072,560146366040.2400,1
SZSE_COMPONENT,sz.399001,2021-06-11,14918.4934,14920.8653,14738.6190,14801.2406,45263788587,625764477714.3300,1
SZSE_COMPONENT,sz.399001,2021-06-15,14806.6891,14829.9722,14564.5600,14673.3392,40795273839,555804533037.0800,1
SZSE_COMPONENT,sz.399001,2021-06-16,14663.4813,14667.2413,14290.2280,14295.9273,37800804904,521603779190.9300,1
SZSE_COMPONENT,sz.399001,2021-06-17,14291.9385,14489.5114,14291.9385,14472.3702,36465907902,503210629740.3100,1
SZSE_COMPONENT,sz.399001,2021-06-18,14510.5604,14635.4978,14449.0591,14583.6676,40194866813,563862094520.9800,1
SZSE_COMPONENT,sz.399001,2021-06-21,14563.0503,14721.6895,14468.7400,14641.2927,40925237988,587717241110.9400,1
SZSE_COMPONENT,sz.399001,2021-06-22,14678.3682,14706.5046,14564.4952,14696.2864,42517894497,574304114798.3500,1
SZSE_COMPONENT,sz.399001,2021-06-23,14713.8377,14882.1378,14641.4706,14843.8313,41469529608,602993013997.1000,1
SZSE_COMPONENT,sz.399001,2021-06-24,14876.7298,14877.6383,14718.8880,14784.8002,40021565085,551713445077.1300,1
SZSE_COMPONENT,sz.399001,2021-06-25,14799.5276,15036.7684,14797.3364,15003.8493,40044149185,570705958321.9500,1
SZSE_COMPONENT,sz.399001,2021-06-28,15049.7748,15166.5553,15031.2056,15150.1680,38337575026,561452365026.1100,1
SZSE_COMPONENT,sz.399001,2021-06-29,15187.8050,15187.8050,14991.1784,14999.7975,37907947593,556542021453.5700,1
SZSE_COMPONENT,sz.399001,2021-06-30,15015.2913,15175.7517,14978.3008,15161.7017,35769709082,527821609771.7000,1
SZSE_COMPONENT,sz.399001,2021-07-01,15203.0681,15206.1493,15001.8908,15038.8760,39001690741,569295491196.8500,1
SZSE_COMPONENT,sz.399001,2021-07-02,14937.7335,14937.7335,14652.7360,14670.7113,35769855118,550596353847.9800,1
SZSE_COMPONENT,sz.399001,2021-07-05,14666.6819,14782.5651,14597.8665,14718.6626,36832036868,560616393460.5700,1
SZSE_COMPONENT,sz.399001,2021-07-06,14745.4539,14779.2952,14480.8673,14667.6452,40099399848,627392185476.5000,1
SZSE_COMPONENT,sz.399001,2021-07-07,14592.7502,14966.2299,14545.2884,14940.0467,38580077872,592897719878.9600,1
SZSE_COMPONENT,sz.399001,2021-07-08,14984.2513,15033.3431,14856.9304,14882.9045,44064434588,670279775837.2700,1
SZSE_COMPONENT,sz.399001,2021-07-09,14805.8061,14887.5984,14583.5481,14844.3561,42355705714,634617475443.1900,1
SZSE_COMPONENT,sz.399001,2021-07-12,14970.1262,15222.1733,14870.8277,15161.5223,48610223807,753220017784.5500,1
SZSE_COMPONENT,sz.399001,2021-07-13,15151.0863,15232.1458,15077.3417,15189.2947,47640976022,708348767096.6800,1
SZSE_COMPONENT,sz.399001,2021-07-14,15141.0433,15215.6330,15021.9908,15056.3182,48374174252,707389194582.3200,1
SZSE_COMPONENT,sz.399001,2021-07-15,15014.9126,15170.6444,14899.3113,15169.3340,46181099706,664306085872.5800,1
SZSE_COMPONENT,sz.399001,2021-07-16,15144.0842,15165.7476,14962.9689,14972.2135,44426530456,663044640705.2600,1
SZSE_COMPONENT,sz.399001,2021-07-19,14958.6159,15033.5973,14856.6437,14992.9043,42888190358,634851081715.3000,1
SZSE_COMPONENT,sz.399001,2021-07-20,14879.2730,15031.8796,14859.7143,15011.3542,38239819904,544089567228.5100,1
SZSE_COMPONENT,sz.399001,2021-07-21,15070.1688,15264.1032,15061.0861,15212.5982,45314181177,692020625852.5800,1
SZSE_COMPONENT,sz.399001,2021-07-22,15258.7289,15290.0553,15172.1039,15262.1885,49219483172,734068491455.4000,1
SZSE_COMPONENT,sz.399001,2021-07-23,15248.2512,15248.2512,14989.5007,15028.5678,52892901371,774539298793.0600,1
SZSE_COMPONENT,sz.399001,2021-07-26,14982.9021,14982.9021,14376.3267,14630.8498,51211719484,779892628601.0900,1
SZSE_COMPONENT,sz.399001,2021-07-27,14640.2611,14741.8699,14093.6351,14093.6351,52896639613,831444879283.0800,1
SZSE_COMPONENT,sz.399001,2021-07-28,13967.4438,14207.3896,13727.4754,14086.4236,47917418772,705288293674.4400,1
SZSE_COMPONENT,sz.399001,2021-07-29,14390.2900,14544.1071,14277.9650,14515.3231,43922151761,709742231492.5600,1
SZSE_COMPONENT,sz.399001,2021-07-30,14482.7755,14522.1208,14294.4778,14473.2098,47765306494,770901186381.1200,1
SZSE_COMPONENT,sz.399001,2021-08-02,14463.2132,14806.8605,14395.3280,14798.1583,50756773583,854946992311.8700,1
SZSE_COMPONENT,sz.399001,2021-08-03,14745.9053,14844.5202,14656.1970,14736.9181,50814584515,812730260200.3800,1
SZSE_COMPONENT,sz.399001,2021-08-04,14715.7499,14990.1090,14683.3532,14990.1090,44670858339,742216465196.3100,1
SZSE_COMPONENT,sz.399001,2021-08-05,14901.9612,14990.6521,14800.4168,14872.2257,47145162216,750470867132.5400,1
SZSE_COMPONENT,sz.399001,2021-08-06,14902.6909,14915.7267,14722.1284,14827.4104,44279303445,708543471491.5200,1
SZSE_COMPONENT,sz.399001,2021-08-09,14738.3674,14980.1471,14682.9403,14941.4419,44765510648,709523798993.5100,1
SZSE_COMPONENT,sz.399001,2021-08-10,14919.5154,15057.5913,14863.0806,15057.5913,47407260331,790672653314.8300,1
SZSE_COMPONENT,sz.399001,2021-08-11,15048.8698,15101.1285,14969.0818,15021.1701,49164369483,740726769364.9500,1
SZSE_COMPONENT,sz.399001,2021-08-12,14972.4948,15037.5769,14857.9113,14901.9705,50351515003,766707398054.9100,1
SZSE_COMPONENT,sz.399001,2021-08-13,14839.5138,14994.6063,14717.6733,14799.0326,49026555129,764286548129.5100,1
SZSE_COMPONENT,sz.399001,2021-08-16,14756.4764,14800.2201,14660.0812,14693.7367,47213628437,721637788500.4200,1
SZSE_COMPONENT,sz.399001,2021-08-17,14696.1883,14750.9322,14308.6341,14350.6479,50938592271,737913397957.7900,1
SZSE_COMPONENT,sz.399001,2021-08-18,14371.8174,14500.1364,14284.8479,14454.1144,44697194926,661708696362.3300,1
SZSE_COMPONENT,sz.399001,2021-08-19,14456.1841,14570.6294,14357.7310,14487.3615,45369446764,677113272665.5000,1
SZSE_COMPONENT,sz.399001,2021-08-20,14376.8993,14448.9249,14100.9239,14253.5349,44077076120,699871806401.8300,1
SZSE_COMPONENT,sz.399001,2021-08-23,14296.9527,14558.4680,14260.0765,14535.8765,48136158585,758251761734.6800,1
SZSE_COMPONENT,sz.399001,2021-08-24,14558.9602,14710.0069,14496.8856,14663.5493,50841942276,792234533691.9900,1
SZSE_COMPONENT,sz.399001,2021-08-25,14657.6518,14697.4968,14562.8223,14697.4968,47495291967,715843870521.4000,1
SZSE_COMPONENT,sz.399001,2021-08-26,14701.9242,14701.9242,14409.8843,14415.4586,51834180752,751913856437.4800,1
SZSE_COMPONENT,sz.399001,2021-08-27,14382.1790,14537.1535,14366.1468,14436.8954,51158054571,748763701765.0700,1
SZSE_COMPONENT,sz.399001,2021-08-30,14482.9746,14546.7443,14339.3843,14423.3660,55168125397,879104569283.0500,1
SZSE_COMPONENT,sz.399001,2021-08-31,14407.9397,14418.2627,14157.5495,14328.3818,53002820661,778576913738.6300,1
SZSE_COMPONENT,sz.399001,2021-09-01,14336.0707,14418.6092,14058.2494,14314.0861,60181317363,868626061667.9900,1
SZSE_COMPONENT,sz.399001,2021-09-02,14294.5447,14348.8153,14226.4232,14277.3392,52224978060,742937247699.7100,1
SZSE_COMPONENT,sz.399001,2021-09-03,14295.5615,14302.9036,14118.7323,14179.8642,59786332762,829276449011.5400,1
SZSE_COMPONENT,sz.399001,2021-09-06,14184.4245,14567.1367,14145.6329,14546.6048,53157271026,772062313963.6500,1
SZSE_COMPONENT,sz.399001,2021-09-07,14543.8392,14724.6253,14483.5469,14702.8985,53223518760,743489213658.9300,1
SZSE_COMPONENT,sz.399001,2021-09-08,14706.8825,14789.0895,14630.4969,14688.0804,61092360904,800435747214.4200,1
SZSE_COMPONENT,sz.399001,2021-09-09,14666.0476,14716.7334,14547.0664,14698.5281,57129567536,752689921080.1800,1
SZSE_COMPONENT,sz.399001,2021-09-10,14673.4537,14811.5104,14645.2577,14771.8711,57388120320,784853695098.0700,1
SZSE_COMPONENT,sz.399001,2021-09-13,14776.8205,14833.8848,14648.7822,14705.8272,54952022428,767014745552.4300,1
SZSE_COMPONENT,sz.399001,2021-09-14,14699.2244,14844.2633,14589.7249,14626.0848,57755259001,819405121229.1000,1
SZSE_COMPONENT,sz.399001,2021-09-15,14590.8001,14602.3375,14476.1943,14536.3136,51525808907,750408019139.9700,1
SZSE_COMPONENT,sz.399001,2021-09-16,14527.0960,14550.3094,14258.1299,14258.1299,57164442778,804472782874.2800,1
SZSE_COMPONENT,sz.399001,2021-09-17,14224.6110,14383.6173,14136.4659,14359.3583,50900041398,714327595795.4000,1
SZSE_COMPONENT,sz.399001,2021-09-22,14139.8979,14311.9586,14117.6320,14277.0753,43591068662,592758912678.8000,1
SZSE_COMPONENT,sz.399001,2021-09-23,14380.0942,14416.3692,14338.9857,14387.3589,51530745414,688258045250.2100,1
SZSE_COMPONENT,sz.399001,2021-09-24,14359.1081,14514.3892,14307.6821,14357.8459,48847728984,676605171279.2300,1
SZSE_COMPONENT,sz.399001,2021-09-27,14430.0401,14527.7690,14253.1501,14344.2873,51231511813,725024676514.0100,1
SZSE_COMPONENT,sz.399001,2021-09-28,14307.5316,14425.1580,14243.2020,14313.8226,38138051862,543683598508.6800,1
SZSE_COMPONENT,sz.399001,2021-09-29,14202.3977,14235.8793,14020.5554,14079.0235,41258802410,566656928233.8400,1
SZSE_COMPONENT,sz.399001,2021-09-30,14124.0754,14337.5048,14124.0754,14309.0127,35261379315,504703883914.1100,1
SZSE_COMPONENT,sz.399001,2021-10-08,14457.9396,14489.3278,14348.9804,14414.1594,40147890017,567706953788.6900,1
SZSE_COMPONENT,sz.399001,2021-10-11,14440.8246,14484.3928,14338.4708,14367.6033,37382765442,523503526693.1400,1
SZSE_COMPONENT,sz.399001,2021-10-12,14335.5355,14335.5355,14006.6470,14135.3762,39385089507,534606735394.5600,1
SZSE_COMPONENT,sz.399001,2021-10-13,14140.4177,14358.4970,14112.9130,14353.0785,33965891989,484657817950.5600,1
SZSE_COMPONENT,sz.399001,2021-10-14,14350.6275,14399.9156,14293.5337,14341.3757,34120029410,483313140368.4800,1
SZSE_COMPONENT,sz.399001,2021-10-15,14294.1795,14440.5762,14232.0311,14415.9919,38365500847,563137427676.1500,1
SZSE_COMPONENT,sz.399001,2021-10-18,14393.1753,14393.1753,14218.6078,14350.0191,36156419930,546460157210.0300,1
SZSE_COMPONENT,sz.399001,2021-10-19,14352.9305,14504.2368,14352.9305,14499.7670,35829868528,533139168462.3600,1
SZSE_COMPONENT,sz.399001,2021-10-20,14500.4561,14552.5738,14431.6317,14452.2460,37811757609,569678002113.5900,1
SZSE_COMPONENT,sz.399001,2021-10-21,14466.4160,14501.4524,14348.1208,14444.8561,37231127946,539402770438.5400,1
SZSE_COMPONENT,sz.399001,2021-10-22,14467.3682,14582.7901,14454.8555,14492.8214,38226250394,559803944578.1700,1
SZSE_COMPONENT,sz.399001,2021-10-25,14491.3483,14599.0043,14452.8808,14596.7242,36280331313,570790029710.7100,1
SZSE_COMPONENT,sz.399001,2021-10-26,14658.9932,14682.4281,14531.4838,14552.8194,38683049733,617166437340.9900,1
SZSE_COMPONENT,sz.399001,2021-10-27,14510.4490,14510.4490,14348.0519,14393.5079,39832512773,606050315221.0900,1
SZSE_COMPONENT,sz.399001,2021-10-28,14350.9100,14407.6626,14188.2889,14244.8198,39184698237,604708157459.3600,1
SZSE_COMPONENT,sz.399001,2021-10-29,14242.6838,14457.4378,14199.5896,14451.3820,38001438315,611152599156.7400,1
SZSE_COMPONENT,sz.399001,2021-11-01,14393.5775,14569.2259,14344.4834,14476.5260,40969401099,659059306860.6300,1
SZSE_COMPONENT,sz.399001,2021-11-02,14476.8977,14558.3570,14248.0046,14377.2656,44383416678,672622360147.7900,1
SZSE_COMPONENT,sz.399001,2021-11-03,14365.2139,14458.6193,14287.3439,14367.7804,36078656530,551101973694.2600,1
SZSE_COMPONENT,sz.399001,2021-11-04,14440.2156,14557.9442,14420.1447,14555.2742,38493183033,609881687749.9600,1
SZSE_COMPONENT,sz.399001,2021-11-05,14536.6000,14623.4776,14462.5935,14462.6220,44573408901,665324270130.6300,1
SZSE_COMPONENT,sz.399001,2021-11-08,14451.5898,14532.7204,14400.8378,14508.8612,40102296495,616865020931.3100,1
SZSE_COMPONENT,sz.399001,2021-11-09,14538.6181,14581.4211,14463.7678,14571.9327,38886038455,589660627308.4400,1
SZSE_COMPONENT,sz.399001,2021-11-10,14521.7201,14536.6267,14302.7969,14515.8805,42661209839,637062582243.3700,1
SZSE_COMPONENT,sz.399001,2021-11-11,14497.9813,14708.1180,14479.3665,14699.7443,45388079203,658370156827.7300,1
SZSE_COMPONENT,sz.399001,2021-11-12,14708.6000,14732.3455,14646.4916,14705.3683,44841196412,655708878356.2600,1
SZSE_COMPONENT,sz.399001,2021-11-15,14724.3426,14732.0501,14578.2343,14636.3905,46560201568,693965567435.9300,1
SZSE_COMPONENT,sz.399001,2021-11-16,14626.8740,14736.3721,14597.0404,14613.9723,45817933855,668984629714.5300,1
SZSE_COMPONENT,sz.399001,2021-11-17,14646.6591,14711.1836,14596.8886,14711.1836,43793166675,635624382895.9800,1
SZSE_COMPONENT,sz.399001,2021-11-18,14685.7850,14685.7850,14555.2232,14579.1666,47926393234,691427290463.7500,1
SZSE_COMPONENT,sz.399001,2021-11-19,14569.9280,14761.5316,14552.6688,14752.4868,46199385428,672557142615.7000,1
SZSE_COMPONENT,sz.399001,2021-11-22,14778.5836,14961.7873,14776.0350,14960.6561,47718399896,745793607875.5000,1
SZSE_COMPONENT,sz.399001,2021-11-23,14929.2421,14954.8477,14874.4326,14905.1331,48071164498,720402991441.2400,1
SZSE_COMPONENT,sz.399001,2021-11-24,14908.9745,14942.9565,14864.8933,14887.5951,47778359002,721360130775.9800,1
SZSE_COMPONENT,sz.399001,2021-11-25,14884.8536,14897.1820,14819.6833,14827.9515,44698049733,662565957511.6700,1
SZSE_COMPONENT,sz.399001,2021-11-26,14802.0155,14862.9322,14745.5918,14777.1712,44128963042,667083885088.3000,1
SZSE_COMPONENT,sz.399001,2021-11-29,14635.4751,14825.4324,14633.0590,14810.1977,43539097698,687529624833.8800,1
SZSE_COMPONENT,sz.399001,2021-11-30,14854.5238,14870.2251,14712.8219,14795.7344,47301283194,728259547107.6600,1
SZSE_COMPONENT,sz.399001,2021-12-01,14794.3653,14824.8087,14724.7195,14794.2469,46044118055,678971158217.9600,1
SZSE_COMPONENT,sz.399001,2021-12-02,14769.6882,14834.7874,14740.2357,14765.5607,47863787945,684884159873.6900,1
SZSE_COMPONENT,sz.399001,2021-12-03,14772.6665,14892.0532,14767.4467,14892.0532,43396698280,641750487954.5800,1
SZSE_COMPONENT,sz.399001,2021-12-06,14872.5453,14942.2414,14742.0972,14752.9567,46777699831,675377501245.9000,1
SZSE_COMPONENT,sz.399001,2021-12-07,14845.0188,14861.3777,14602.7291,14697.1668,45014216981,675619377462.2300,1
SZSE_COMPONENT,sz.399001,2021-12-08,14748.6499,14964.4643,14733.8866,14964.4643,40810274509,615474166881.9300,1
SZSE_COMPONENT,sz.399001,2021-12-09,14965.4355,15193.6750,14957.3368,15147.8749,47054755444,695503275240.2200,1
SZSE_COMPONENT,sz.399001,2021-12-10,15044.6814,15148.7783,15026.3705,15111.5614,45386002614,679057146170.2600,1
SZSE_COMPONENT,sz.399001,2021-12-13,15166.1560,15288.6546,15151.8045,15212.4858,47516232485,696525932201.2700,1
SZSE_COMPONENT,sz.399001,2021-12-14,15171.0544,15185.2522,15109.0581,15136.7753,46156842561,653648447609.0300,1
SZSE_COMPONENT,sz.399001,2021-12-15,15112.1844,15187.2555,15012.7451,15026.2074,47501850159,654947646676.7900,1
SZSE_COMPONENT,sz.399001,2021-12-16,15047.4668,15112.8062,14977.4506,15112.8062,47449150775,647679981375.0900,1
SZSE_COMPONENT,sz.399001,2021-12-17,15075.2268,15075.2268,14867.2510,14867.5533,50418320381,667484921248.8600,1
SZSE_COMPONENT,sz.399001,2021-12-20,14818.4157,14902.1344,14551.3649,14569.1835,50463990934,666449901248.7800,1
SZSE_COMPONENT,sz.399001,2021-12-21,14559.7240,14702.3827,14547.6025,14688.9837,48036278348,571999287353.5400,1
SZSE_COMPONENT,sz.399001,2021-12-22,14723.4088,14813.0421,14709.4020,14791.3320,53163265256,630016031047.6000,1
SZSE_COMPONENT,sz.399001,2021-12-23,14818.9922,14878.9547,14790.4543,14863.9277,49240067621,627289023691.6700,1
SZSE_COMPONENT,sz.399001,2021-12-24,14872.4161,14887.4557,14674.1406,14710.3282,50736522163,655545720823.3300,1
SZSE_COMPONENT,sz.399001,2021-12-27,14704.2859,14802.3512,14652.4177,14715.6458,43610666877,567285592235.5000,1
SZSE_COMPONENT,sz.399001,2021-12-28,14736.7327,14841.8790,14696.4509,14837.8687,43215711767,593880149792.0700,1
SZSE_COMPONENT,sz.399001,2021-12-29,14828.1935,14828.1935,14645.1984,14653.8236,42428006774,586862051288.8000,1
SZSE_COMPONENT,sz.399001,2021-12-30,14652.0812,14846.8171,14652.0812,14796.2313,45543080629,603918623565.7800,1
SZSE_COMPONENT,sz.399001,2021-12-31,14842.0716,14871.9757,14797.1137,14857.3453,46867522613,626736504956.2800,1
SZSE_COMPONENT,sz.399001,2022-01-04,14935.2277,14941.1926,14681.7095,14791.3136,57054686517,756072965835.0500,1
SZSE_COMPONENT,sz.399001,2022-01-05,14752.0826,14767.2230,14469.3692,14525.7588,58383278363,766150488160.2500,1
SZSE_COMPONENT,sz.399001,2022-01-06,14432.4586,14497.7650,14298.4764,14429.5075,51351600672,662400086409.4800,1
SZSE_COMPONENT,sz.399001,2022-01-07,14449.5403,14495.6715,14331.9758,14343.6547,56184984793,704297621699.1400,1
SZSE_COMPONENT,sz.399001,2022-01-10,14304.8596,14430.0941,14194.3505,14406.9731,46312510470,607982063621.0000,1
SZSE_COMPONENT,sz.399001,2022-01-11,14402.2173,14433.5582,14201.8988,14223.3506,47547403184,614437722791.2000,1
SZSE_COMPONENT,sz.399001,2022-01-12,14316.5320,14426.1177,14293.4085,14421.1981,46611136480,625336422334.8300,1
SZSE_COMPONENT,sz.399001,2022-01-13,14440.9829,14440.9829,14138.3361,14138.3361,49513909388,636529733565.7500,1
SZSE_COMPONENT,sz.399001,2022-01-14,14054.6659,14219.4413,14039.8693,14150.5689,50638226785,643758907340.0100,1
SZSE_COMPONENT,sz.399001,2022-01-17,14162.9991,14374.4737,14159.2655,14363.5672,50532197979,681429703705.1800,1
SZSE_COMPONENT,sz.399001,2022-01-18,14365.1860,14444.5381,14285.6258,14391.3891,54887020701,725086776428.2100,1
SZSE_COMPONENT,sz.399001,2022-01-19,14376.3642,14413.3815,14120.2414,14207.1932,48339852745,644543877629.4600,1
SZSE_COMPONENT,sz.399001,2022-01-20,14188.5090,14311.9963,14149.4995,14198.3023,51711538452,669283759400.5900,1
SZSE_COMPONENT,sz.399001,2022-01-21,14144.2187,14181.6231,13991.6388,14029.5456,43878415247,566667205027.4900,1
SZSE_COMPONENT,sz.399001,2022-01-24,13941.9008,14133.0363,13918.9878,14081.7951,37184418416,506151382690.7500,1
SZSE_COMPONENT,sz.399001,2022-01-25,14018.9314,14091.8785,13682.7232,13683.8949,44610545744,553134101915.8600,1
SZSE_COMPONENT,sz.399001,2022-01-26,13742.0250,13820.9407,13580.3995,13780.3008,35128831501,455865831062.3300,1
SZSE_COMPONENT,sz.399001,2022-01-27,13756.8734,13773.4998,13395.3564,13398.8443,37319445338,476438480180.3700,1
SZSE_COMPONENT,sz.399001,2022-01-28,13515.4659,13553.2220,13227.8326,13328.0559,35889292717,465106774523.5200,1
SZSE_COMPONENT,sz.399001,2022-02-07,13558.9445,13632.4474,13412.2027,13456.6473,37163439353,465994019388.0500,1
SZSE_COMPONENT,sz.399001,2022-02-08,13432.0783,13432.3347,13051.8025,13325.4117,39413310313,490826040519.0700,1
SZSE_COMPONENT,sz.399001,2022-02-09,13321.8058,13541.8744,13283.2012,13531.3104,43044232299,538058905082.0500,1
SZSE_COMPONENT,sz.399001,2022-02-10,13537.3055,13537.3055,13339.4972,13432.0677,40894157155,531355975437.8400,1
SZSE_COMPONENT,sz.399001,2022-02-11,13360.3973,13452.7239,13206.6259,13224.3775,44176180143,565245646607.4800,1
SZSE_COMPONENT,sz.399001,2022-02-14,13140.3522,13280.0758,13049.4503,13123.2122,39144947071,500778935100.1500,1
SZSE_COMPONENT,sz.399001,2022-02-15,13143.1028,13346.6735,13138.4417,13345.6264,37139160803,485858666191.8900,1
SZSE_COMPONENT,sz.399001,2022-02-16,13403.6361,13446.0606,13339.7969,13376.3566,37530877510,481453456305.6000,1
SZSE_COMPONENT,sz.399001,2022-02-17,13360.4576,13490.8604,13322.6854,13422.8992,42928561256,553015968538.4000,1
SZSE_COMPONENT,sz.399001,2022-02-18,13334.8963,13460.2109,13316.4715,13459.6804,38837049683,480329814267.7100,1
SZSE_COMPONENT,sz.399001,2022-02-21,13464.8516,13503.0892,13404.7307,13471.1571,44801214227,555046537670.0700,1
SZSE_COMPONENT,sz.399001,2022-02-22,13384.0295,13384.0295,13216.6336,13297.1074,45691784106,590595879353.2200,1
SZSE_COMPONENT,sz.399001,2022-02-23,13319.8729,13553.2676,13319.8729,13549.9854,45406101316,625266219094.3400,1
SZSE_COMPONENT,sz.399001,2022-02-24,13459.0063,13538.7098,13093.9683,13252.2412,62904562120,792905223546.5200,1
SZSE_COMPONENT,sz.399001,2022-02-25,13383.2352,13540.9879,13383.2352,13412.9177,43465089061,577064527234.0500,1
SZSE_COMPONENT,sz.399001,2022-02-28,13397.9289,13457.6120,13279.3167,13455.7332,39794025992,535316715270.7500,1
SZSE_COMPONENT,sz.399001,2022-03-01,13493.2757,13517.2493,13393.8536,13488.6364,39926109157,556498527352.8900,1
SZSE_COMPONENT,sz.399001,2022-03-02,13412.8993,13412.8993,13267.5532,13346.9565,40042991203,517925859617.3400,1
SZSE_COMPONENT,sz.399001,2022-03-03,13397.9697,13407.0350,13187.7402,13201.8199,45112570165,566547160781.5500,1
SZSE_COMPONENT,sz.399001,2022-03-04,13089.4228,13204.2417,12972.2414,13020.4639,44826677556,575567256142.6500,1
SZSE_COMPONENT,sz.399001,2022-03-07,12930.7327,12930.7327,12523.4479,12573.4349,43033849937,566406131168.3400,1
SZSE_COMPONENT,sz.399001,2022-03-08,12594.5950,12653.4583,12178.1777,12244.4971,48566082015,624336264110.4500,1
SZSE_COMPONENT,sz.399001,2022-03-09,12282.1464,12337.7699,11598.3930,12107.1705,52118799520,641926907601.3600,1
SZSE_COMPONENT,sz.399001,2022-03-10,12421.7639,12486.9052,12331.5051,12370.9544,45735173294,612625620244.3900,1
SZSE_COMPONENT,sz.399001,2022-03-11,12181.4844,12464.4979,12043.3816,12447.3730,44642913905,591465321348.3900,1
SZSE_COMPONENT,sz.399001,2022-03-14,12315.7745,12389.4144,12063.6318,12063.6318,41095792224,551758539250.4100,1
SZSE_COMPONENT,sz.399001,2022-03-15,11948.6335,12086.0356,11537.2355,11537.2355,49113319923,616059879999.6500,1
SZSE_COMPONENT,sz.399001,2022-03-16,11765.3058,12034.4583,11331.2257,12000.9593,51065317741,669733224320.6800,1
SZSE_COMPONENT,sz.399001,2022-03-17,12228.8429,12497.8562,12218.1695,12289.9733,53055256130,742943661485.3700,1
SZSE_COMPONENT,sz.399001,2022-03-18,12222.2200,12368.5905,12141.7543,12328.6470,45201628249,562050112555.9000,1
SZSE_COMPONENT,sz.399001,2022-03-21,12385.8687,12469.9831,12257.6725,12379.6360,47249131825,594069216785.5100,1
SZSE_COMPONENT,sz.399001,2022-03-22,12350.7327,12410.4704,12269.1719,12318.7836,46450150819,559997430273.8900,1
SZSE_COMPONENT,sz.399001,2022-03-23,12373.5091,12436.2060,12291.3651,12408.6507,45067751249,537394684003.8600,1
SZSE_COMPONENT,sz.399001,2022-03-24,12339.1438,12384.7789,12188.5751,12305.5042,44069282709,529361678176.1200,1
SZSE_COMPONENT,sz.399001,2022-03-25,12315.3498,12330.9486,12072.7276,12072.7276,43718468033,528491846048.5900,1
SZSE_COMPONENT,sz.399001,2022-03-28,11968.9972,12053.2013,11835.3339,11949.9399,42333298775,495913898261.3700,1
SZSE_COMPONENT,sz.399001,2022-03-29,11983.5403,12050.8547,11857.3681,11895.0771,42513225308,500012942521.2500,1
SZSE_COMPONENT,sz.399001,2022-03-30,11969.3639,12263.8021,11961.0646,12263.8021,45096789846,545377037411.6400,1
SZSE_COMPONENT,sz.399001,2022-03-31,12208.9924,12220.0621,12090.2881,12118.2543,49890606601,581017358248.3600,1
SZSE_COMPONENT,sz.399001,2022-04-01,12040.0141,12275.0751,12009.2052,12227.9303,47057621321,529916746736.3100,1
SZSE_COMPONENT,sz.399001,2022-04-06,12220.7752,12238.0188,12091.9807,12172.9114,48442921704,532502399574.8900,1
SZSE_COMPONENT,sz.399001,2022-04-07,12101.3712,12205.0970,11971.3335,11972.0230,47857870369,524892592191.0000,1
SZSE_COMPONENT,sz.399001,2022-04-08,11988.0480,12001.5910,11799.0204,11959.2715,46248466716,512401292361.8400,1
SZSE_COMPONENT,sz.399001,2022-04-11,11876.1773,11876.1773,11482.7251,11520.2142,46326184026,528592077385.9000,1
SZSE_COMPONENT,sz.399001,2022-04-12,11523.2807,11756.3765,11439.5907,11756.3765,44976561078,493975775671.7100,1
SZSE_COMPONENT,sz.399001,2022-04-13,11669.0811,11744.2452,11568.1697,11568.1697,43871300236,475223618707.5800,1
SZSE_COMPONENT,sz.399001,2022-04-14,11662.5942,11787.1172,11587.8665,11714.6152,40677125141,468901677292.9400,1
SZSE_COMPONENT,sz.399001,2022-04-15,11626.0542,11737.7908,11552.7821,11648.5671,43833582887,497739425806.9900,1
SZSE_COMPONENT,sz.399001,2022-04-18,11557.5203,11710.8428,11459.8387,11691.4727,36460568257,411908669071.2890,1
SZSE_COMPONENT,sz.399001,2022-04-19,11691.7594,11771.5532,11584.2399,11633.3232,35716648071,416624207377.2700,1
SZSE_COMPONENT,sz.399001,2022-04-20,11619.7441,11641.4498,11360.0812,11392.2279,39913347696,447105693620.0200,1
SZSE_COMPONENT,sz.399001,2022-04-21,11328.7068,11429.7810,11038.3772,11084.2841,42925153465,459812617065.5600,1
SZSE_COMPONENT,sz.399001,2022-04-22,11016.6761,11151.6612,10896.9154,11051.6971,37220385101,404474712800.4100,1
SZSE_COMPONENT,sz.399001,2022-04-25,10840.3605,10866.6404,10379.0632,10379.2832,45761244266,469816866453.0500,1
SZSE_COMPONENT,sz.399001,2022-04-26,10401.9941,10548.9574,10181.1693,10206.6385,43356638745,442820889176.0900,1
SZSE_COMPONENT,sz.399001,2022-04-27,10090.9838,10652.9259,10087.5250,10652.9044,47682302063,494782864287.0000,1
SZSE_COMPONENT,sz.399001,2022-04-28,10607.7929,10743.1734,10498.6563,10628.9202,41012913678,451874238322.6500,1
SZSE_COMPONENT,sz.399001,2022-04-29,10719.4524,11029.9355,10631.1434,11021.4353,46575567739,524630981009.5300,1
SZSE_COMPONENT,sz.399001,2022-05-05,10928.6756,11146.0164,10897.2594,11046.3827,41034741214,491568405688.8100,1
SZSE_COMPONENT,sz.399001,2022-05-06,10775.3064,10913.6867,10748.8736,10809.8794,37567948750,413591619867.2300,1
SZSE_COMPONENT,sz.399001,2022-05-09,10743.0252,10867.6124,10698.6655,10765.6253,33950144728,371410507248.4300,1
SZSE_COMPONENT,sz.399001,2022-05-10,10601.4041,10938.5762,10560.7836,10912.7421,41187329424,462850342219.6300,1
SZSE_COMPONENT,sz.399001,2022-05-11,10921.0310,11334.7617,10917.0959,11109.4784,50719014435,605080678722.8900,1
SZSE_COMPONENT,sz.399001,2022-05-12,11029.3436,11173.0161,11006.3206,11094.8694,40473388240,452372394017.4600,1
SZSE_COMPONENT,sz.399001,2022-05-13,11167.5893,11204.5451,11044.4597,11159.7910,38507387443,416221429328.9100,1
SZSE_COMPONENT,sz.399001,2022-05-16,11251.2653,11296.0003,11067.0613,11093.3739,40888218856,437232990574.2800,1
SZSE_COMPONENT,sz.399001,2022-05-17,11095.4025,11230.7430,11059.8317,11230.1589,38757553823,438275675148.6900,1
SZSE_COMPONENT,sz.399001,2022-05-18,11249.2788,11300.2231,11151.2245,11208.0750,39417339217,431504806190.3900,1
SZSE_COMPONENT,sz.399001,2022-05-19,11035.9568,11250.0602,11019.0771,11250.0602,41479335263,446687829909.6100,1
SZSE_COMPONENT,sz.399001,2022-05-20,11311.8106,11454.5272,11292.1409,11454.5272,44684398256,505359794452.4500,1
SZSE_COMPONENT,sz.399001,2022-05-23,11468.8067,11475.1794,11343.2119,11447.9524,42070973404,478517083856.9700,1
SZSE_COMPONENT,sz.399001,2022-05-24,11429.9267,11429.9267,11065.9173,11065.9173,48952972351,551831427782.5700,1
SZSE_COMPONENT,sz.399001,2022-05-25,11062.6284,11143.9698,11009.7345,11143.1818,37530890177,419868151752.3300,1
SZSE_COMPONENT,sz.399001,2022-05-26,11149.3050,11276.1953,10984.7530,11206.8205,40116132499,445563628972.3700,1
SZSE_COMPONENT,sz.399001,2022-05-27,11289.9972,11379.9265,11126.7458,11193.5867,39828233209,443153422277.5600,1
SZSE_COMPONENT,sz.399001,2022-05-30,11248.5086,11327.0472,11185.9496,11310.2823,37487466218,434375284740.4700,1
SZSE_COMPONENT,sz.399001,2022-05-31,11313.4056,11543.1785,11241.0259,11527.6208,42364084309,503693626594.1200,1
SZSE_COMPONENT,sz.399001,2022-06-01,11507.4851,11592.4696,11467.8591,11551.2722,41188567797,482928801408.1900,1
SZSE_COMPONENT,sz.399001,2022-06-02,11492.9663,11637.5337,11470.8909,11628.3083,40826415706,477960850575.2200,1
SZSE_COMPONENT,sz.399001,2022-06-06,11636.6820,11941.1680,11602.3980,11938.1194,46781869028,595282605895.9400,1
SZSE_COMPONENT,sz.399001,2022-06-07,11937.2806,12004.5803,11857.4478,11935.5694,46034312046,556839715565.9500,1
SZSE_COMPONENT,sz.399001,2022-06-08,11947.7500,12040.3473,11815.2850,12033.2604,48032467349,592895012208.5900,1
SZSE_COMPONENT,sz.399001,2022-06-09,12002.8057,12006.0201,11761.2112,11810.5843,43732646670,508460419610.6600,1
SZSE_COMPONENT,sz.399001,2022-06-10,11733.3493,12039.4660,11724.2402,12035.1495,44424635739,546321020535.2600,1
SZSE_COMPONENT,sz.399001,2022-06-13,11922.5591,12056.5251,11881.0783,11999.3118,46890979170,578961519290.5500,1
SZSE_COMPONENT,sz.399001,2022-06-14,11854.1651,12028.1360,11644.3516,12023.7850,49229985903,585627364340.4000,1
SZSE_COMPONENT,sz.399001,2022-06-15,12052.7350,12356.3107,12038.8023,12137.7578,56478381527,676953125049.0200,1
SZSE_COMPONENT,sz.399001,2022-06-16,12146.8511,12274.1818,12101.4935,12150.9578,49214972597,574722538821.0500,1
SZSE_COMPONENT,sz.399001,2022-06-17,12045.8440,12355.3382,12036.2676,12331.1411,46739761182,596078534648.4000,1
SZSE_COMPONENT,sz.399001,2022-06-20,12405.1154,12587.9517,12372.0727,12487.1335,47843253199,636707078495.2800,1
SZSE_COMPONENT,sz.399001,2022-06-21,12477.7254,12542.7151,12299.9487,12423.8644,49431200964,608313510366.9500,1
SZSE_COMPONENT,sz.399001,2022-06-22,12437.6919,12445.1618,12240.7795,12246.5526,44205921368,555603078599.1200,1
SZSE_COMPONENT,sz.399001,2022-06-23,12273.3816,12514.7252,12177.2552,12514.7252,47458829824,601855913610.0000,1
SZSE_COMPONENT,sz.399001,2022-06-24,12553.5584,12690.5370,12516.7088,12686.0322,50572455575,650654502922.8000,1
SZSE_COMPONENT,sz.399001,2022-06-27,12742.5545,12911.2446,12742.5545,12825.5651,51716063724,687230652753.0900,1
SZSE_COMPONENT,sz.399001,2022-06-28,12823.6546,13001.5430,12718.2458,12982.6859,53682104863,695760579756.6900,1
SZSE_COMPONENT,sz.399001,2022-06-29,12930.4261,12998.6289,12682.9333,12696.5049,58112482123,754929396240.0500,1
SZSE_COMPONENT,sz.399001,2022-06-30,12710.2452,12970.6457,12710.2452,12896.2040,50367611076,649502242953.7700,1
SZSE_COMPONENT,sz.399001,2022-07-01,12899.4740,12941.0607,12805.7287,12860.3559,45709950879,592902605029.6100,1
SZSE_COMPONENT,sz.399001,2022-07-04,12813.4890,13026.2463,12751.0784,13026.2463,45843652792,641126829506.4800,1
SZSE_COMPONENT,sz.399001,2022-07-05,13057.2414,13121.3933,12798.0134,12973.1085,49396947233,664378439093.8500,1
SZSE_COMPONENT,sz.399001,2022-07-06,12935.4210,12997.4071,12700.4755,12811.3298,45114192672,599172089953.6000,1
SZSE_COMPONENT,sz.399001,2022-07-07,12826.0920,12962.9888,12732.6982,12935.8499,45354693499,614824414889.4300,1
SZSE_COMPONENT,sz.399001,2022-07-08,12998.5608,13034.4642,12848.6297,12857.1296,46401181600,607479340778.0200,1
SZSE_COMPONENT,sz.399001,2022-07-11,12798.4197,12798.4197,12514.9755,12617.2311,45124333678,583792943196.4800,1
SZSE_COMPONENT,sz.399001,2022-07-12,12616.8440,12657.4878,12396.9114,12439.2679,44428374727,565774930215.0800,1
SZSE_COMPONENT,sz.399001,2022-07-13,12441.7200,12562.9510,12323.2033,12508.8858,44510551662,548175186644.2800,1
SZSE_COMPONENT,sz.399001,2022-07-14,12479.2202,12695.1962,12452.1277,12602.7756,46948063935,595851639986.4400,1
SZSE_COMPONENT,sz.399001,2022-07-15,12557.1519,12687.6729,12411.0076,12411.0076,50583902606,627239630203.3300,1
SZSE_COMPONENT,sz.399001,2022-07-18,12456.2217,12559.0677,12304.1219,12532.6510,47323260939,598045522405.5800,1
SZSE_COMPONENT,sz.399001,2022-07-19,12524.5103,12569.9460,12402.1058,12494.7655,48570264026,600720026414.6400,1
SZSE_COMPONENT,sz.399001,2022-07-20,12551.4338,12625.6327,12518.4174,12573.1153,46061458994,569050297704.2800,1
SZSE_COMPONENT,sz.399001,2022-07-21,12543.5829,12600.9980,12455.1930,12455.1930,48641736566,597513193964.8800,1
SZSE_COMPONENT,sz.399001,2022-07-22,12501.3408,12553.2670,12289.1956,12394.0221,46484015027,557838964284.8500,1
SZSE_COMPONENT,sz.399001,2022-07-25,12386.5515,12414.0707,12251.0785,12291.5927,43357293882,513894847736.4900,1
SZSE_COMPONENT,sz.399001,2022-07-26,12308.7417,12453.1097,12266.8369,12408.5600,42335303601,499711803605.3300,1
SZSE_COMPONENT,sz.399001,2022-07-27,12383.0519,12439.2240,12331.6974,12399.6940,44386410468,528343550244.4300,1
SZSE_COMPONENT,sz.399001,2022-07-28,12467.7595,12550.8979,12407.0737,12428.7225,50486992673,611466432305.5800,1
SZSE_COMPONENT,sz.399001,2022-07-29,12439.4071,12460.1938,12245.2148,12266.9201,48546257779,604184364933.5800,1
SZSE_COMPONENT,sz.399001,2022-08-01,12243.3271,12420.2292,12158.8516,12413.8710,45476623599,594861070524.3900,1
SZSE_COMPONENT,sz.399001,2022-08-02,12260.4535,12273.3666,12008.1733,12120.0210,59642229838,705161509125.8500,1
SZSE_COMPONENT,sz.399001,2022-08-03,12148.2360,12294.8760,11946.4646,11982.2567,52584901775,659550015711.6100,1
SZSE_COMPONENT,sz.399001,2022-08-04,12055.3455,12103.3820,11926.5136,12065.2224,42825587683,528256488896.8900,1
SZSE_COMPONENT,sz.399001,2022-08-05,12088.6495,12275.9568,12051.4045,12269.2130,45484980906,581338906745.2700,1
SZSE_COMPONENT,sz.399001,2022-08-08,12239.8681,12304.2335,12219.0249,12302.1516,42421487404,560327245554.3300,1
SZSE_COMPONENT,sz.399001,2022-08-09,12277.4420,12333.3834,12235.8314,12331.0944,42518371057,561587343672.8900,1
SZSE_COMPONENT,sz.399001,2022-08-10,12302.5676,12347.1499,12166.2309,12223.5137,42792537485,576112336166.2700,1
SZSE_COMPONENT,sz.399001,2022-08-11,12287.7999,12475.1710,12231.0785,12474.0325,48890660216,639275391793.5800,1
SZSE_COMPONENT,sz.399001,2022-08-12,12453.3988,12493.7845,12417.4935,12419.3906,49039043793,595631296421.2500,1
SZSE_COMPONENT,sz.399001,2022-08-15,12392.4975,12531.7657,12386.1617,12460.2212,45729852778,589050552059.3500,1
SZSE_COMPONENT,sz.399001,2022-08-16,12470.6489,12553.6915,12441.9647,12470.1139,49021223935,610983946643.4000,1
SZSE_COMPONENT,sz.399001,2022-08-17,12481.7051,12611.4889,12391.4453,12595.4626,51186851356,650590483630.1900,1
SZSE_COMPONENT,sz.399001,2022-08-18,12557.3402,12576.6180,12496.7857,12517.3202,50257942458,635990044633.2300,1
SZSE_COMPONENT,sz.399001,2022-08-19,12504.4838,12521.7589,12358.5453,12358.5453,51874243881,662348563000.6200,1
SZSE_COMPONENT,sz.399001,2022-08-22,12320.8752,12509.9056,12291.8225,12505.6774,46380368057,598705296883.1200,1
SZSE_COMPONENT,sz.399001,2022-08-23,12481.2426,12525.0102,12405.5831,12455.1526,46067112903,583980846417.6300,1
SZSE_COMPONENT,sz.399001,2022-08-24,12484.4382,12491.1739,12082.4436,12096.3922,54203175856,667671574735.4100,1
SZSE_COMPONENT,sz.399001,2022-08-25,12130.7556,12159.8040,11949.7627,12104.0330,46836774953,567022952030.2000,1
SZSE_COMPONENT,sz.399001,2022-08-26,12142.0532,12210.0125,12039.7412,12059.7068,42320060709,531590580203.2600,1
SZSE_COMPONENT,sz.399001,2022-08-29,11911.1701,12044.5232,11890.4870,12018.1632,39538239238,482076759084.6300,1
SZSE_COMPONENT,sz.399001,2022-08-30,12013.9194,12039.1918,11904.9967,11970.7923,40945317310,484735739677.9500,1
SZSE_COMPONENT,sz.399001,2022-08-31,11909.3073,11968.4557,11743.6924,11815.7927,45983590281,570596999686.2600,1
SZSE_COMPONENT,sz.399001,2022-09-01,11789.8215,11888.0597,11696.5775,11712.3929,39319740470,457759357578.2600,1
SZSE_COMPONENT,sz.399001,2022-09-02,11753.5999,11765.0084,11644.0274,11702.3907,37128161442,433294733347.6300,1
SZSE_COMPONENT,sz.399001,2022-09-05,11667.0452,11714.4103,11597.7275,11678.6946,36534524969,430071344966.4100,1
SZSE_COMPONENT,sz.399001,2022-09-06,11702.1658,11802.7071,11624.8217,11799.8076,40259415897,490521341965.6100,1
SZSE_COMPONENT,sz.399001,2022-09-07,11743.4704,11894.5589,11724.2782,11849.0781,41741387793,503263088621.5100,1
SZSE_COMPONENT,sz.399001,2022-09-08,11858.5255,11865.9675,11739.5713,11746.9218,39504799083,459600786212.4400,1
SZSE_COMPONENT,sz.399001,2022-09-09,11780.8201,11885.4633,11750.4446,11877.7872,37561762853,440969016819.8900,1
SZSE_COMPONENT,sz.399001,2022-09-13,11936.5842,11966.1660,11874.1918,11923.4694,36503876921,432328505764.9300,1
SZSE_COMPONENT,sz.399001,2022-09-14,11751.1140,11841.1839,11703.7598,11774.7836,35532791627,416273968733.9800,1
SZSE_COMPONENT,sz.399001,2022-09-15,11823.7989,11832.4580,11427.5060,11526.9596,44303005956,526626934553.7200,1
SZSE_COMPONENT,sz.399001,2022-09-16,11492.6880,11509.9825,11261.4984,11261.4984,39266043328,444267901595.4800,1
SZSE_COMPONENT,sz.399001,2022-09-19,11241.7835,11318.0052,11149.9751,11207.0444,32959495883,375430720884.8600,1
SZSE_COMPONENT,sz.399001,2022-09-20,11274.8579,11364.1611,11229.9105,11283.9249,32049173843,382373091132.1400,1
SZSE_COMPONENT,sz.399001,2022-09-21,11245.8353,11259.3058,11117.3657,11208.5094,33390792934,366446632798.3700,1
SZSE_COMPONENT,sz.399001,2022-09-22,11122.1121,11241.1233,11094.7359,11114.4282,32162717257,368469428214.7400,1
SZSE_COMPONENT,sz.399001,2022-09-23,11105.7574,11146.7879,10899.5859,11006.4132,34092508482,381988411199.0200,1
SZSE_COMPONENT,sz.399001,2022-09-26,10921.6433,11141.5862,10908.9645,10962.5610,32720826132,374418070455.7600,1
SZSE_COMPONENT,sz.399001,2022-09-27,10999.1011,11175.1179,10959.8157,11175.1179,32091690707,376138593467.9900,1
SZSE_COMPONENT,sz.399001,2022-09-28,11136.1784,11136.1784,10899.6953,10899.6953,32397235191,371216304077.2500,1
SZSE_COMPONENT,sz.399001,2022-09-29,11023.8272,11045.9808,10864.4922,10919.4351,31450467150,348132411161.1700,1
SZSE_COMPONENT,sz.399001,2022-09-30,10925.0075,10962.2161,10777.9053,10778.6145,28322313182,320578275697.6400,1
SZSE_COMPONENT,sz.399001,2022-10-10,10788.6879,10801.3393,10500.7662,10522.1155,29815077335,337870025437.0500,1
SZSE_COMPONENT,sz.399001,2022-10-11,10555.0635,10617.9165,10487.6611,10577.8103,27728749849,317100032607.4700,1
SZSE_COMPONENT,sz.399001,2022-10-12,10568.0115,10838.6312,10402.0581,10838.4767,34713543952,403345995955.5400,1
SZSE_COMPONENT,sz.399001,2022-10-13,10762.6654,10923.9208,10737.3039,10817.6679,35245916921,410574203455.1200,1
SZSE_COMPONENT,sz.399001,2022-10-14,10914.1847,11177.2288,10890.1947,11121.7151,39034146984,488757894665.7100,1
SZSE_COMPONENT,sz.399001,2022-10-17,11059.2293,11173.3920,11041.5820,11162.2594,38248813267,458064126282.7500,1
SZSE_COMPONENT,sz.399001,2022-10-18,11223.1465,11270.4830,11135.4650,11187.6976,38814493339,467799549152.7700,1
SZSE_COMPONENT,sz.399001,2022-10-19,11154.1270,11197.1488,11027.2413,11027.2413,36558353892,445291209696.1600,1
SZSE_COMPONENT,sz.399001,2022-10-20,10948.4313,11126.1620,10832.0853,10965.3322,37534670116,456150968087.5000,1
SZSE_COMPONENT,sz.399001,2022-10-21,10955.8417,11000.3901,10875.1825,10918.9657,34383015050,397212754987.1700,1
SZSE_COMPONENT,sz.399001,2022-10-24,10908.7427,11043.0283,10635.3503,10694.6128,40722461196,486317578542.3700,1
SZSE_COMPONENT,sz.399001,2022-10-25,10644.6704,10760.6711,10510.9138,10639.8173,39193125953,465368849953.0300,1
SZSE_COMPONENT,sz.399001,2022-10-26,10664.4291,10928.4490,10657.0172,10818.3263,43841294300,541376237666.1500,1
SZSE_COMPONENT,sz.399001,2022-10-27,10843.3437,10886.0970,10750.1415,10750.1415,42656907962,542578935102.8700,1
SZSE_COMPONENT,sz.399001,2022-10-28,10659.6958,10698.6941,10368.9128,10401.8371,44010669005,524397371045.9000,1
SZSE_COMPONENT,sz.399001,2022-10-31,10304.1993,10518.3918,10301.7110,10397.0413,39502025610,486465964553.3700,1
SZSE_COMPONENT,sz.399001,2022-11-01,10420.9452,10734.2480,10395.5591,10734.2480,42496541008,546530955016.9200,1
SZSE_COMPONENT,sz.399001,2022-11-02,10704.2492,10951.4532,10687.2135,10877.5058,46641616638,594556048414.5000,1
SZSE_COMPONENT,sz.399001,2022-11-03,10766.2185,10877.7427,10754.2912,10840.0601,40092465859,515881815798.8600,1
SZSE_COMPONENT,sz.399001,2022-11-04,10848.3001,11226.2127,10848.3001,11187.4298,46611715800,621906969893.2700,1
SZSE_COMPONENT,sz.399001,2022-11-07,11184.1622,11272.8012,11127.2500,11207.7307,45513644380,581740214517.9400,1
SZSE_COMPONENT,sz.399001,2022-11-08,11202.4390,11212.5413,11055.0784,11142.9268,39951153048,496794896858.1400,1
SZSE_COMPONENT,sz.399001,2022-11-09,11149.3681,11185.5123,11049.3281,11055.2909,39369381117,471819769363.2500,1
SZSE_COMPONENT,sz.399001,2022-11-10,10964.9381,10979.7053,10848.4762,10908.5490,42639469990,506896460257.3500,1
SZSE_COMPONENT,sz.399001,2022-11-11,11217.1088,11272.1560,11085.9336,11139.7732,59827424735,709334987013.2700,1
SZSE_COMPONENT,sz.399001,2022-11-14,11177.0650,11260.8605,11067.8863,11113.4646,51824774205,612751091880.8100,1
SZSE_COMPONENT,sz.399001,2022-11-15,11100.2315,11351.3318,11069.1481,11351.3318,50367125916,612151515139.7800,1
SZSE_COMPONENT,sz.399001,2022-11-16,11336.0716,11385.8651,11220.3299,11235.5578,46618738063,555714062614.7600,1
SZSE_COMPONENT,sz.399001,2022-11-17,11199.6212,11221.4545,11077.5951,11221.4545,43882270847,535216708400.1700,1
SZSE_COMPONENT,sz.399001,2022-11-18,11229.1111,11310.2246,11171.1942,11180.4284,49222165782,589522447352.2500,1
SZSE_COMPONENT,sz.399001,2022-11-21,11086.6852,11137.6286,11014.9583,11134.4663,42052447893,504248443961.3300,1
SZSE_COMPONENT,sz.399001,2022-11-22,11113.3151,11151.9995,10960.8848,11002.9345,43375629709,510483607793.1400,1
SZSE_COMPONENT,sz.399001,2022-11-23,10970.9989,11025.4787,10842.5890,10972.8086,40579967384,474079302422.1500,1
SZSE_COMPONENT,sz.399001,2022-11-24,11019.4732,11061.3550,10927.8535,10956.6846,37626282600,439869209110.4200,1
SZSE_COMPONENT,sz.399001,2022-11-25,10928.1538,10962.1381,10881.0822,10904.2658,36896049502,414462585778.8900,1
SZSE_COMPONENT,sz.399001,2022-11-28,10708.5557,10833.2677,10657.8877,10829.0804,37538158328,419844174797.2300,1
SZSE_COMPONENT,sz.399001,2022-11-29,10891.7233,11112.7275,10888.5368,11089.0122,46971468464,529016062334.4200,1
SZSE_COMPONENT,sz.399001,2022-11-30,11071.3112,11140.4957,11044.0298,11108.4971,47740024879,527150019765.3100,1
SZSE_COMPONENT,sz.399001,2022-12-01,11282.4629,11350.4846,11262.8115,11264.1573,49470577158,596166106743.3400,1
SZSE_COMPONENT,sz.399001,2022-12-02,11238.4412,11312.3185,11206.7804,11219.7927,42885201734,498207072951.0500,1
SZSE_COMPONENT,sz.399001,2022-12-05,11292.3395,11338.8639,11250.6226,11323.3450,48937488323,575901446011.6500,1
SZSE_COMPONENT,sz.399001,2022-12-06,11278.4849,11465.4141,11264.4707,11398.8201,45579641014,562964953760.5800,1
SZSE_COMPONENT,sz.399001,2022-12-07,11365.9813,11504.3936,11358.6814,11418.7632,44550081255,546530031585.0400,1
SZSE_COMPONENT,sz.399001,2022-12-08,11403.1905,11429.7660,11343.5685,11389.7925,44001980129,504931899273.8300,1
SZSE_COMPONENT,sz.399001,2022-12-09,11397.0970,11511.3170,11360.1496,11501.5781,46434589244,561346221280.0100,1
SZSE_COMPONENT,sz.399001,2022-12-12,11453.2562,11457.0936,11392.8909,11399.1344,43032904135,514862328435.1100,1
SZSE_COMPONENT,sz.399001,2022-12-13,11398.8400,11400.0112,11312.0997,11323.7042,40909216984,482901926303.8500,1
SZSE_COMPONENT,sz.399001,2022-12-14,11341.9583,11375.2238,11298.4349,11321.8119,40611174112,476926630751.1900,1
SZSE_COMPONENT,sz.399001,2022-12-15,11306.7933,11371.1788,11269.6118,11358.1069,39268917262,461043860370.1900,1
SZSE_COMPONENT,sz.399001,2022-12-16,11289.5184,11327.2698,11234.6181,11295.0274,40400994659,454187249015.7900,1
SZSE_COMPONENT,sz.399001,2022-12-19,11286.6615,11329.5556,11083.8517,11124.7013,40070534965,448907977559.7100,1
SZSE_COMPONENT,sz.399001,2022-12-20,11092.8579,11092.8579,10908.5263,10949.1201,32821820964,378107632805.5100,1
SZSE_COMPONENT,sz.399001,2022-12-21,10966.3112,11001.1522,10872.2700,10912.0895,31518279498,347827238918.4900,1
SZSE_COMPONENT,sz.399001,2022-12-22,10976.5749,11034.6730,10840.3016,10876.3100,34740856690,391173437962.8100,1
SZSE_COMPONENT,sz.399001,2022-12-23,10811.5718,10918.1788,10794.1379,10849.6368,31596722736,352043828653.0500,1
SZSE_COMPONENT,sz.399001,2022-12-26,10858.3258,10996.6376,10858.3258,10978.9853,31866416759,368805661793.4000,1
SZSE_COMPONENT,sz.399001,2022-12-27,11010.9295,11115.7713,11000.1099,11106.5025,34769681610,400690168479.1600,1
SZSE_COMPONENT,sz.399001,2022-12-28,11055.0614,11061.1884,10975.1341,11010.5289,34622647768,390261749973.8800,1
SZSE_COMPONENT,sz.399001,2022-12-29,10971.2729,11064.0244,10956.9506,10996.4100,32309466459,360827045229.3900,1
SZSE_COMPONENT,sz.399001,2022-12-30,11046.0664,11071.9297,11013.3224,11015.9860,32254053338,353707649819.6500,1
SZSE_COMPONENT,sz.399001,2023-01-03,11003.0469,11134.9614,10921.4191,11117.1303,39789964322,457443911913.0100,1
SZSE_COMPONENT,sz.399001,2023-01-04,11099.1479,11149.1537,11035.7724,11095.3733,41214408411,467334510173.4600,1
SZSE_COMPONENT,sz.399001,2023-01-05,11136.7707,11346.2194,11136.7707,11332.0103,41085381639,507125753763.9400,1
SZSE_COMPONENT,sz.399001,2023-01-06,11327.0258,11443.4487,11314.3464,11367.7321,40714402732,499549690460.2200,1
SZSE_COMPONENT,sz.399001,2023-01-09,11411.3703,11490.5947,11408.6652,11450.1472,36031347200,464473354344.9200,1
SZSE_COMPONENT,sz.399001,2023-01-10,11455.6021,11526.2794,11413.9918,11506.7938,34200840627,436844214795.5100,1
SZSE_COMPONENT,sz.399001,2023-01-11,11498.9698,11563.7801,11424.2545,11439.4395,34915980416,432601300476.0100,1
SZSE_COMPONENT,sz.399001,2023-01-12,11470.6066,11528.9270,11425.1051,11465.7280,34007263376,406082464913.0400,1
SZSE_COMPONENT,sz.399001,2023-01-13,11509.2051,11602.3042,11489.1866,11602.3042,33143448620,414249451463.3600,1
SZSE_COMPONENT,sz.399001,2023-01-16,11612.3621,11886.9475,11612.3621,11785.7679,39275666396,503878168726.8300,1
SZSE_COMPONENT,sz.399001,2023-01-17,11794.9568,11830.5767,11746.7609,11800.5529,33137576950,404543870946.2000,1
SZSE_COMPONENT,sz.399001,2023-01-18,11813.3785,11855.4409,11793.3228,11810.6598,31438250579,369658040551.9200,1
SZSE_COMPONENT,sz.399001,2023-01-19,11796.3960,11913.2639,11763.8181,11913.2639,32662191320,390151666422.1700,1
SZSE_COMPONENT,sz.399001,2023-01-20,11942.1479,11997.5262,11931.8811,11980.6201,34345669129,420081970830.7200,1
SZSE_COMPONENT,sz.399001,2023-01-30,12229.3765,12246.0148,12088.2371,12097.7623,48592554879,608917708196.3800,1
SZSE_COMPONENT,sz.399001,2023-01-31,12076.1392,12115.4473,11987.0115,12001.2646,44544997731,524922474788.3000,1
SZSE_COMPONENT,sz.399001,2023-02-01,12034.8813,12158.1902,11984.4514,12158.1902,49865671327,591211958831.9200,1
SZSE_COMPONENT,sz.399001,2023-02-02,12187.5510,12208.8766,12107.5181,12131.2009,49073537831,595594549924.0200,1
SZSE_COMPONENT,sz.399001,2023-02-03,12086.2833,12095.3880,11904.2770,12054.2950,44799247435,536009517767.3100,1
SZSE_COMPONENT,sz.399001,2023-02-06,11957.2702,11977.2443,11841.6694,11912.5612,42421989159,525584144420.2300,1
SZSE_COMPONENT,sz.399001,2023-02-07,11936.3617,11958.2243,11864.7196,11926.8803,44082203393,524398559164.8100,1
SZSE_COMPONENT,sz.399001,2023-02-08,11939.8614,11957.0107,11843.2878,11853.4630,42827227893,511448766871.0000,1
SZSE_COMPONENT,sz.399001,2023-02-09,11821.9576,12048.2717,11811.9824,12048.2717,44255161842,549344191425.3100,1
SZSE_COMPONENT,sz.399001,2023-02-10,12031.7181,12062.1634,11917.7436,11976.8529,45816354627,551126051031.4800,1
SZSE_COMPONENT,sz.399001,2023-02-13,11964.7468,12116.0404,11952.6030,12113.6075,46650020487,582132385089.6400,1
SZSE_COMPONENT,sz.399001,2023-02-14,12142.8348,12143.2905,12035.5515,12094.9404,44809979757,558431029786.6100,1
SZSE_COMPONENT,sz.399001,2023-02-15,12103.7180,12132.8039,12036.2338,12064.3775,46423708462,579686819536.0700,1
SZSE_COMPONENT,sz.399001,2023-02-16,12064.0435,12163.9692,11826.7219,11907.3990,60310966806,724618468990.7700,1
SZSE_COMPONENT,sz.399001,2023-02-17,11894.8834,11927.1063,11713.8001,11715.7684,45250226800,558493619093.9000,1
SZSE_COMPONENT,sz.399001,2023-02-20,11717.6846,11956.8941,11681.5327,11954.1276,43848704697,552058242172.4700,1
SZSE_COMPONENT,sz.399001,2023-02-21,11947.6526,12004.9999,11886.2381,11968.6048,43015639827,530710903368.5600,1
SZSE_COMPONENT,sz.399001,2023-02-22,11892.1395,11963.2124,11868.7936,11900.1225,36959389647,462831583782.3600,1
SZSE_COMPONENT,sz.399001,2023-02-23,11895.4629,11963.1439,11829.8694,11884.3049,38270185474,472884405027.6500,1
SZSE_COMPONENT,sz.399001,2023-02-24,11887.7686,11889.2351,11742.7301,11787.4527,32640550192,417778046795.1700,1
SZSE_COMPONENT,sz.399001,2023-02-27,11728.0948,11781.2819,11678.7967,11701.9465,33779567322,429031645679.9600,1
SZSE_COMPONENT,sz.399001,2023-02-28,11745.1586,11792.6792,11666.3730,11783.7975,34666245659,438728229895.3100,1
SZSE_COMPONENT,sz.399001,2023-03-01,11783.7648,11931.0976,11751.3621,11914.3180,41527377498,534542031230.1200,1
SZSE_COMPONENT,sz.399001,2023-03-02,11902.1696,11929.1456,11837.1212,11849.5074,43098305339,544079910377.1700,1
SZSE_COMPONENT,sz.399001,2023-03-03,11862.1602,11895.9740,11770.3426,11851.9177,38688633111,480634863246.7100,1
SZSE_COMPONENT,sz.399001,2023-03-06,11850.8222,11862.3724,11742.1277,11842.8846,38584328876,519291321929.0600,1
SZSE_COMPONENT,sz.399001,2023-03-07,11824.1712,11839.6143,11606.1943,11608.5832,40896713247,502562851645.0700,1
SZSE_COMPONENT,sz.399001,2023-03-08,11566.5673,11617.9401,11534.6655,11598.2881,31456755395,405672051564.6900,1
SZSE_COMPONENT,sz.399001,2023-03-09,11605.9360,11637.0266,11525.2332,11579.9936,32839119354,427827723242.9800,1
SZSE_COMPONENT,sz.399001,2023-03-10,11513.6620,11535.5373,11437.9853,11442.5371,36121706587,467353246822.3900,1
SZSE_COMPONENT,sz.399001,2023-03-13,11405.1370,11511.1229,11396.6109,11505.0237,36338344592,474946171008.2200,1
SZSE_COMPONENT,sz.399001,2023-03-14,11483.6450,11486.5575,11282.5769,11416.5695,39755973534,522440932674.9600,1
SZSE_COMPONENT,sz.399001,2023-03-15,11485.9487,11537.7238,11408.1894,11413.4325,35058963027,445104875350.0100,1
SZSE_COMPONENT,sz.399001,2023-03-16,11336.7547,11381.7323,11223.0977,11237.7039,35760653174,452132167206.3300,1
SZSE_COMPONENT,sz.399001,2023-03-17,11328.3726,11388.5240,11245.1469,11278.0462,40588290028,541126224282.9300,1
SZSE_COMPONENT,sz.399001,2023-03-20,11289.9614,11342.0269,11231.0135,11247.1347,43832066409,577224812666.6700,1
SZSE_COMPONENT,sz.399001,2023-03-21,11270.0666,11427.2467,11270.0666,11427.2467,38709306082,504999749014.3500,1
SZSE_COMPONENT,sz.399001,2023-03-22,11459.8289,11521.4171,11448.1914,11496.9307,44598282516,575341080586.2600,1
SZSE_COMPONENT,sz.399001,2023-03-23,11457.7856,11605.2891,11442.9454,11605.2891,43789564710,594115483045.1200,1
SZSE_COMPONENT,sz.399001,2023-03-24,11616.4641,11648.5382,11581.4247,11634.2202,47851508750,643967262494.1700,1
SZSE_COMPONENT,sz.399001,2023-03-27,11621.9230,11658.9999,11558.3799,11647.9387,49453482701,686398148231.5100,1
SZSE_COMPONENT,sz.399001,2023-03-28,11637.5076,11649.1519,11548.4184,11564.4505,44584846523,607329887656.1400,1
SZSE_COMPONENT,sz.399001,2023-03-29,11584.9149,11623.4253,11538.1719,11579.9147,41380186887,575562998502.2600,1
SZSE_COMPONENT,sz.399001,2023-03-30,11578.3272,11656.4801,11505.5497,11651.8314,39228429799,543047089897.4400,1
SZSE_COMPONENT,sz.399001,2023-03-31,11666.3079,11737.2835,11657.5713,11726.3977,39963708507,556603475582.9600,1
SZSE_COMPONENT,sz.399001,2023-04-03,11751.6799,11898.7604,11751.6799,11889.4196,49782389614,739603496080.6500,1
SZSE_COMPONENT,sz.399001,2023-04-04,11878.1595,11885.3839,11792.2361,11859.4765,50821423383,768760508862.4500,1
SZSE_COMPONENT,sz.399001,2023-04-06,11787.3534,11874.7956,11778.8033,11866.3110,45453786461,686785473371.8800,1
SZSE_COMPONENT,sz.399001,2023-04-07,11867.8698,11979.5923,11858.4971,11967.7433,42769714167,617629160022.8100,1
SZSE_COMPONENT,sz.399001,2023-04-10,11987.6840,11992.3238,11845.8840,11871.9274,47831698197,709149197702.7600,1
SZSE_COMPONENT,sz.399001,2023-04-11,11866.3475,11914.3226,11819.7615,11877.1473,42309468463,616287040656.3900,1
SZSE_COMPONENT,sz.399001,2023-04-12,11873.2611,11912.9520,11842.2592,11883.5141,45220399256,650082318811.8500,1
SZSE_COMPONENT,sz.399001,2023-04-13,11836.8210,11844.3988,11727.8909,11739.8415,47030759091,659261305468.7300,1
SZSE_COMPONENT,sz.399001,2023-04-14,11760.4329,11816.6764,11737.3041,11800.0939,43995163414,636690732733.3000,1
SZSE_COMPONENT,sz.399001,2023-04-17,11783.6763,11855.4840,11781.2933,11855.4840,42363340665,597052515500.6500,1
SZSE_COMPONENT,sz.399001,2023-04-18,11834.7704,11891.1121,11818.2546,11860.3994,39786667004,585692909702.2600,1
SZSE_COMPONENT,sz.399001,2023-04-19,11844.3166,11844.3166,11743.8505,11760.2715,41492310488,606129019777.4700,1
SZSE_COMPONENT,sz.399001,2023-04-20,11751.3836,11751.3836,11659.6529,11717.2636,43395332681,639013483724.9200,1
SZSE_COMPONENT,sz.399001,2023-04-21,11729.8038,11751.4146,11450.1280,11450.4349,47931197873,687349533847.4100,1
SZSE_COMPONENT,sz.399001,2023-04-24,11442.3751,11452.9141,11265.7687,11317.0122,42715528699,610062481168.0800,1
SZSE_COMPONENT,sz.399001,2023-04-25,11307.0900,11320.4472,11034.1794,11149.0112,46377350473,639693500579.4600,1
SZSE_COMPONENT,sz.399001,2023-04-26,11101.1764,11244.0401,11088.1976,11185.6823,43856541338,641802706126.1900,1
SZSE_COMPONENT,sz.399001,2023-04-27,11140.8943,11258.7592,11128.1079,11216.9975,41568532176,578698180336.6300,1
SZSE_COMPONENT,sz.399001,2023-04-28,11228.4641,11340.4625,11228.4641,11338.6662,45384862528,601981958347.7200,1
SZSE_COMPONENT,sz.399001,2023-05-04,11310.3475,11328.9998,11242.1197,11273.8659,48201199265,621216170976.4500,1
SZSE_COMPONENT,sz.399001,2023-05-05,11260.6192,11262.3314,11124.9134,11180.8720,44202627083,571887910852.2000,1
SZSE_COMPONENT,sz.399001,2023-05-08,11206.3327,11234.9212,11158.8285,11225.7742,43932914294,572244190098.1000,1
SZSE_COMPONENT,sz.399001,2023-05-09,11208.7432,11265.3285,11121.9737,11125.0219,48133800205,602684327774.0200,1
SZSE_COMPONENT,sz.399001,2023-05-10,11101.0122,11177.8108,11043.3636,11140.1880,39466304559,530466025063.4000,1
SZSE_COMPONENT,sz.399001,2023-05-11,11158.7225,11200.9054,11136.2566,11142.5252,38530878337,494592609157.9100,1
SZSE_COMPONENT,sz.399001,2023-05-12,11131.2955,11172.7052,11004.2632,11005.6438,36769364463,460999181778.1000,1
SZSE_COMPONENT,sz.399001,2023-05-15,11019.6999,11178.6231,10995.7033,11178.6231,38468437998,506596961426.0700,1
SZSE_COMPONENT,sz.399001,2023-05-16,11182.3562,11182.3562,11069.4400,11099.2574,35374351132,480886438964.4600,1
SZSE_COMPONENT,sz.399001,2023-05-17,11084.5574,11120.9694,11036.7728,11091.0838,32626696342,440922245666.6400,1
SZSE_COMPONENT,sz.399001,2023-05-18,11108.3251,11144.4754,11024.0859,11078.2818,37172307555,511486308615.4400,1
SZSE_COMPONENT,sz.399001,2023-05-19,11061.7531,11145.5069,11034.6333,11091.3595,35540747068,488454824842.6100,1
SZSE_COMPONENT,sz.399001,2023-05-22,11083.3814,11159.3090,11037.2098,11127.0372,34566785075,452992716253.8400,1
SZSE_COMPONENT,sz.399001,2023-05-23,11124.2580,11137.6310,11012.5764,11012.5764,34007403219,441111204248.9000,1
SZSE_COMPONENT,sz.399001,2023-05-24,10976.7283,11028.5676,10920.3267,10920.3267,34557037360,460018122724.0500,1
SZSE_COMPONENT,sz.399001,2023-05-25,10915.1154,10954.2433,10801.2204,10896.5820,37751382932,509231593095.4300,1
SZSE_COMPONENT,sz.399001,2023-05-26,10889.2699,10926.8360,10798.6544,10909.6503,35757600895,487185597490.6800,1
SZSE_COMPONENT,sz.399001,2023-05-29,10942.6665,10961.7928,10790.5002,10822.0928,39553931733,542939397530.7000,1
SZSE_COMPONENT,sz.399001,2023-05-30,10799.4018,10869.5521,10697.8713,10869.5521,39734108619,556589545825.6500,1
SZSE_COMPONENT,sz.399001,2023-05-31,10849.8124,10849.8124,10732.4209,10793.8493,38807976631,553781824235.4900,1
SZSE_COMPONENT,sz.399001,2023-06-01,10758.8876,10913.6377,10735.5086,10835.8963,41904130927,585600591787.6600,1
SZSE_COMPONENT,sz.399001,2023-06-02,10875.3100,11012.5461,10875.3100,10998.0749,40644684503,563121358380.1700,1
SZSE_COMPONENT,sz.399001,2023-06-05,10990.7298,10990.7298,10903.0475,10946.0841,37580179445,515963796666.0300,1
SZSE_COMPONENT,sz.399001,2023-06-06,10928.5147,10933.6059,10752.2249,10773.4501,41493852039,549964902631.7900,1
SZSE_COMPONENT,sz.399001,2023-06-07,10783.3106,10799.4649,10681.4755,10708.8224,34852050059,483428011486.9600,1
SZSE_COMPONENT,sz.399001,2023-06-08,10710.9104,10775.3353,10648.1396,10722.8729,36961157246,505966211106.9700,1
SZSE_COMPONENT,sz.399001,2023-06-09,10733.5167,10793.9257,10697.3602,10793.9257,40849231536,576348802984.1500,1
SZSE_COMPONENT,sz.399001,2023-06-12,10769.0210,10914.6246,10752.0114,10873.7400,40533542509,562214986599.5100,1
SZSE_COMPONENT,sz.399001,2023-06-13,10855.4428,10963.6472,10853.5704,10955.9599,40182879115,565125852487.8000,1
SZSE_COMPONENT,sz.399001,2023-06-14,10976.5069,11034.1767,10962.4470,10984.5560,42702622386,596607840664.0100,1
SZSE_COMPONENT,sz.399001,2023-06-15,11011.9470,11185.6808,11011.8465,11182.9436,43349553668,634935106087.2400,1
SZSE_COMPONENT,sz.399001,2023-06-16,11194.5496,11316.2432,11183.7942,11306.5313,42611843548,623329917926.4200,1
SZSE_COMPONENT,sz.399001,2023-06-19,11305.7850,11307.7485,11244.4215,11274.0491,43085713253,651498874995.5000,1
SZSE_COMPONENT,sz.399001,2023-06-20,11260.1489,11338.1545,11248.1389,11305.3546,42828640973,656752823942.0900,1
SZSE_COMPONENT,sz.399001,2023-06-21,11262.8415,11278.9714,11058.6341,11058.6341,41874659483,615744791457.9300,1
SZSE_COMPONENT,sz.399001,2023-06-26,10963.6161,11002.3661,10848.7222,10872.2999,42419118735,578384784003.8800,1
SZSE_COMPONENT,sz.399001,2023-06-27,10879.4890,10987.1945,10863.6575,10978.0815,37043083788,486576104933.3900,1
SZSE_COMPONENT,sz.399001,2023-06-28,10947.8941,10951.4103,10792.3470,10926.3232,39982436823,528143662377.0900,1
SZSE_COMPONENT,sz.399001,2023-06-29,10909.0821,10965.1068,10880.8762,10915.4988,38042407202,524384641611.7300,1
SZSE_COMPONENT,sz.399001,2023-06-30,10897.4192,11067.3892,10883.5669,11026.5855,40483652577,558882284452.6400,1
SZSE_COMPONENT,sz.399001,2023-07-03,11059.3129,11128.9263,11028.2394,11091.5629,44114703893,603232462910.1000,1
SZSE_COMPONENT,sz.399001,2023-07-04,11080.6379,11133.4450,11055.2558,11130.3037,39902877587,542152776790.0400,1
SZSE_COMPONENT,sz.399001,2023-07-05,11129.1185,11129.1185,11014.3896,11029.2958,38644821939,516551920454.2100,1
SZSE_COMPONENT,sz.399001,2023-07-06,11001.8663,11072.0746,10954.1542,10968.3697,37844066248,499010076468.0300,1
SZSE_COMPONENT,sz.399001,2023-07-07,10939.2851,10949.9754,10852.9642,10888.5548,38431419554,486201449555.9000,1
SZSE_COMPONENT,sz.399001,2023-07-10,10926.3569,10995.7989,10901.8366,10942.8323,34417387291,449907660445.6100,1
SZSE_COMPONENT,sz.399001,2023-07-11,10953.8837,11030.1891,10933.2325,11028.6830,35092441324,463666668513.0600,1
SZSE_COMPONENT,sz.399001,2023-07-12,11020.3614,11029.2878,10905.8472,10919.2586,41586279001,546484889072.8600,1
SZSE_COMPONENT,sz.399001,2023-07-13,10963.2347,11103.0822,10963.2347,11095.4366,39594051596,547550132585.8100,1
SZSE_COMPONENT,sz.399001,2023-07-14,11108.9249,11120.1893,11069.3183,11080.3233,40161616286,554237629720.0200,1
SZSE_COMPONENT,sz.399001,2023-07-17,11039.1263,11039.1263,10963.4748,11010.3578,36350543057,480502002955.1600,1
SZSE_COMPONENT,sz.399001,2023-07-18,11030.9760,11032.1175,10947.5091,10972.9624,36248864641,469796927661.2000,1
SZSE_COMPONENT,sz.399001,2023-07-19,10959.0440,10992.6908,10876.9595,10932.6491,32805868337,421248406462.8700,1
SZSE_COMPONENT,sz.399001,2023-07-20,10947.6257,10998.0705,10804.3524,10816.2715,38613206838,483243978614.7300,1
SZSE_COMPONENT,sz.399001,2023-07-21,10801.3351,10886.7263,10775.3476,10810.1815,37220041568,430283899377.1000,1
SZSE_COMPONENT,sz.399001,2023-07-24,10771.6442,10837.9820,10730.9367,10747.7928,35365431044,398804341435.0500,1
SZSE_COMPONENT,sz.399001,2023-07-25,10909.1856,11021.9330,10909.1856,11021.2907,43841155090,537275457925.0900,1
SZSE_COMPONENT,sz.399001,2023-07-26,11001.8601,11001.8601,10942.4130,10968.9802,41517796050,463851007957.7500,1
SZSE_COMPONENT,sz.399001,2023-07-27,10985.5848,11024.0127,10904.7435,10923.7746,41998895188,447874313722.7300,1
SZSE_COMPONENT,sz.399001,2023-07-28,10895.4825,11120.5888,10877.4048,11100.3951,46949557502,511383113919.1200,1
SZSE_COMPONENT,sz.399001,2023-07-31,11158.7212,11289.1578,11153.7235,11183.9113,53495854044,593689024829.0400,1
SZSE_COMPONENT,sz.399001,2023-08-01,11168.5017,11211.6805,11102.8410,11143.2347,48096138203,515654864772.4300,1
SZSE_COMPONENT,sz.399001,2023-08-02,11120.8641,11176.9362,11073.2293,11104.1586,42848863701,447062408029.0600,1
SZSE_COMPONENT,sz.399001,2023-08-03,11067.7496,11164.7640,11067.2917,11163.4197,41594123937,443344550568.4700,1
SZSE_COMPONENT,sz.399001,2023-08-04,11229.4637,11305.5014,11185.9025,11238.0613,48604373358,551972086950.5400,1
SZSE_COMPONENT,sz.399001,2023-08-07,11207.5809,11207.5809,11113.1403,11145.0304,41652663256,497019702510.5200,1
SZSE_COMPONENT,sz.399001,2023-08-08,11126.6892,11156.2085,11075.4499,11098.4456,37919025828,443144463019.4800,1
SZSE_COMPONENT,sz.399001,2023-08-09,11068.5296,11096.9261,11023.3679,11039.4508,35938401196,426798581781.9100,1
SZSE_COMPONENT,sz.399001,2023-08-10,11023.2437,11060.4657,10974.5038,11050.2215,32237315451,386871601708.3700,1
SZSE_COMPONENT,sz.399001,2023-08-11,11060.8485,11060.8485,10808.8655,10808.8655,37180933416,424303880914.1300,1
SZSE_COMPONENT,sz.399001,2023-08-14,10697.8129,10763.2970,10607.7105,10755.1425,34568209228,419328589694.0200,1
SZSE_COMPONENT,sz.399001,2023-08-15,10764.7990,10780.5204,10589.8473,10679.7280,33254016732,405668296583.2500,1
SZSE_COMPONENT,sz.399001,2023-08-16,10640.1312,10686.9215,10579.4722,10579.5575,33397765170,400622307635.1900,1
SZSE_COMPONENT,sz.399001,2023-08-17,10540.4373,10656.8349,10469.7941,10644.5235,34946410771,419033826030.4000,1
SZSE_COMPONENT,sz.399001,2023-08-18,10637.6775,10655.6088,10458.5103,10458.5103,36391916361,424224876266.8800,1
SZSE_COMPONENT,sz.399001,2023-08-21,10432.9468,10482.1107,10320.3923,10320.3923,32154114358,384541011556.2100,1
SZSE_COMPONENT,sz.399001,2023-08-22,10376.8597,10409.4302,10198.0116,10374.7270,38655581560,469741718331.5500,1
SZSE_COMPONENT,sz.399001,2023-08-23,10351.7010,10351.7010,10151.8226,10152.6045,33688478548,407929683840.2100,1
SZSE_COMPONENT,sz.399001,2023-08-24,10203.1429,10341.8588,10153.4391,10256.1896,36698947898,453283452492.4600,1
SZSE_COMPONENT,sz.399001,2023-08-25,10197.9573,10212.6467,10091.8625,10130.4711,38752250803,448534888062.6000,1
SZSE_COMPONENT,sz.399001,2023-08-28,10714.6933,10714.6933,10204.9813,10233.1533,52925222606,609414535381.4300,1
SZSE_COMPONENT,sz.399001,2023-08-29,10204.2480,10496.6161,10200.8493,10454.9802,50772244234,593126465584.3500,1
SZSE_COMPONENT,sz.399001,2023-08-30,10477.6438,10569.5464,10446.4619,10482.4967,47583031554,569619932988.6400,1
SZSE_COMPONENT,sz.399001,2023-08-31,10471.9945,10483.0850,10405.9561,10418.2100,40193056516,466692822660.8700,1
SZSE_COMPONENT,sz.399001,2023-09-01,10449.6029,10513.4202,10429.5921,10463.7436,35993370996,410622387826.6400,1
SZSE_COMPONENT,sz.399001,2023-09-04,10520.4581,10611.7396,10473.1897,10611.7396,41616602282,480361264665.8400,1
SZSE_COMPONENT,sz.399001,2023-09-05,10593.6796,10611.4439,10522.8919,10540.7089,38645892881,461095800942.5200,1
SZSE_COMPONENT,sz.399001,2023-09-06,10503.1541,10531.2870,10449.1585,10515.2128,37387250710,447278746846.3700,1
SZSE_COMPONENT,sz.399001,2023-09-07,10493.3683,10493.3683,10321.3771,10321.4376,38846285661,449647709435.5100,1
SZSE_COMPONENT,sz.399001,2023-09-08,10284.4800,10319.8408,10233.7142,10281.8784,34340684579,411802523005.4000,1
SZSE_COMPONENT,sz.399001,2023-09-11,10290.8087,10443.0046,10256.2344,10382.3770,39410867597,489275538043.1400,1
SZSE_COMPONENT,sz.399001,2023-09-12,10376.1636,10421.5559,10349.3332,10373.9929,34376652554,426410705039.4700,1
SZSE_COMPONENT,sz.399001,2023-09-13,10351.7892,10373.1533,10200.7010,10255.8678,35691326682,416172855894.1700,1
SZSE_COMPONENT,sz.399001,2023-09-14,10243.2449,10252.0195,10154.6369,10197.5915,33557711844,384223741432.5800,1
SZSE_COMPONENT,sz.399001,2023-09-15,10213.6129,10241.8752,10115.2809,10144.5949,33221331524,395642647116.6900,1
SZSE_COMPONENT,sz.399001,2023-09-18,10111.6688,10253.4872,10093.4656,10200.0359,33534246692,398900705833.9400,1
SZSE_COMPONENT,sz.399001,2023-09-19,10185.0729,10185.0729,10082.6714,10125.7283,31689827030,360902289134.8700,1
SZSE_COMPONENT,sz.399001,2023-09-20,10110.4136,10123.6893,10072.4585,10072.4585,29483664553,330242547943.8200,1
SZSE_COMPONENT,sz.399001,2023-09-21,10050.4805,10087.0322,9981.5232,9981.6702,29704772564,335490145946.7000,1
SZSE_COMPONENT,sz.399001,2023-09-22,9975.3677,10183.9281,9962.9388,10178.7361,36744305355,444014591054.1900,1
SZSE_COMPONENT,sz.399001,2023-09-25,10181.1784,10181.1784,10105.2103,10120.6237,34471513958,423275869419.9500,1
SZSE_COMPONENT,sz.399001,2023-09-26,10110.0621,10146.8933,10060.1512,10060.1512,31556206164,395614576865.9200,1
SZSE_COMPONENT,sz.399001,2023-09-27,10057.9920,10185.0204,10057.1677,10104.3242,34530583077,423112882573.5500,1
SZSE_COMPONENT,sz.399001,2023-09-28,10131.6551,10155.0338,10085.0858,10109.5275,35256157593,428793641068.8500,1
SZSE_COMPONENT,sz.399001,2023-10-09,10095.7064,10139.4876,9991.1695,10106.9604,38636754647,467325974770.9600,1
SZSE_COMPONENT,sz.399001,2023-10-10,10133.0198,10159.4715,10044.6691,10050.0355,39690971684,481015828304.7000,1
SZSE_COMPONENT,sz.399001,2023-10-11,10088.1437,10164.0706,10058.3328,10084.8944,40842537668,512172676777.4900,1
SZSE_COMPONENT,sz.399001,2023-10-12,10145.4913,10174.2305,10097.1062,10168.4945,40371165198,505430976965.2900,1
SZSE_COMPONENT,sz.399001,2023-10-13,10110.3779,10110.3779,10028.7388,10068.2825,40753513350,498900705713.8700,1
SZSE_COMPONENT,sz.399001,2023-10-16,10065.0658,10065.9668,9889.6593,9924.9198,42546544654,498543938096.6200,1
SZSE_COMPONENT,sz.399001,2023-10-17,9944.6814,9958.9814,9888.0908,9940.2176,37732827648,435335290561.9400,1
SZSE_COMPONENT,sz.399001,2023-10-18,9914.0206,9914.0206,9809.3698,9816.6759,39240657735,456343828285.1400,1
SZSE_COMPONENT,sz.399001,2023-10-19,9757.1859,9784.5332,9654.9703,9655.0860,39422585237,457615135766.5300,1
SZSE_COMPONENT,sz.399001,2023-10-20,9605.2906,9665.8106,9554.6269,9570.3572,36815152567,424332538845.6300,1
SZSE_COMPONENT,sz.399001,2023-10-23,9552.5477,9552.5477,9373.7562,9425.9755,38320756765,417090860612.7900,1
SZSE_COMPONENT,sz.399001,2023-10-24,9458.3283,9523.8955,9380.7925,9483.9036,40126378626,464159717150.5400,1
SZSE_COMPONENT,sz.399001,2023-10-25,9573.6702,9617.6723,9524.8230,9528.3063,44014524321,510929773543.0800,1
SZSE_COMPONENT,sz.399001,2023-10-26,9470.4888,9571.1587,9432.8388,9566.1021,43571534283,510189439761.1900,1
SZSE_COMPONENT,sz.399001,2023-10-27,9535.6454,9805.6956,9513.3238,9770.8440,47734287777,578695625116.0800,1
SZSE_COMPONENT,sz.399001,2023-10-30,9759.2246,9952.4258,9759.1685,9927.9945,49123327646,598518490051.0000,1
SZSE_COMPONENT,sz.399001,2023-10-31,9924.7218,9927.4466,9814.9791,9863.8035,45425317677,532043957570.3800,1
SZSE_COMPONENT,sz.399001,2023-11-01,9897.9256,9901.3679,9808.3960,9826.7316,40768406819,464810907937.8600,1
SZSE_COMPONENT,sz.399001,2023-11-02,9842.5619,9879.2678,9733.3913,9734.7665,40306557782,454843216308.0900,1
SZSE_COMPONENT,sz.399001,2023-11-03,9747.8246,9886.8632,9747.8246,9853.8894,40951344868,480246665463.4000,1
SZSE_COMPONENT,sz.399001,2023-11-06,9922.4499,10080.0013,9922.4499,10071.5558,51475483763,616550311070.0500,1
SZSE_COMPONENT,sz.399001,2023-11-07,10047.1409,10088.0834,10000.5470,10056.4935,48968290724,591933989903.5900,1
SZSE_COMPONENT,sz.399001,2023-11-08,10032.2356,10101.5529,9986.8410,10052.0857,51634227155,621326423738.1000,1
SZSE_COMPONENT,sz.399001,2023-11-09,10037.5567,10099.9986,10004.0555,10032.0860,46708994001,573888744682.0600,1
SZSE_COMPONENT,sz.399001,2023-11-10,9987.4647,9997.7848,9939.1027,9978.5418,39288374185,480532950126.9200,1
SZSE_COMPONENT,sz.399001,2023-11-13,10012.8504,10033.5133,9936.7080,9988.8281,42399804068,524462039260.6100,1
SZSE_COMPONENT,sz.399001,2023-11-14,9988.5124,10056.8628,9963.5498,10005.5575,44445218290,535239000562.0500,1
SZSE_COMPONENT,sz.399001,2023-11-15,10111.8331,10122.2040,10048.4579,10077.9625,47766677307,600546928290.0300,1
SZSE_COMPONENT,sz.399001,2023-11-16,10053.8049,10064.9132,9954.4008,9954.4008,42672726332,521282823959.2100,1
SZSE_COMPONENT,sz.399001,2023-11-17,9924.1563,9980.3788,9914.4797,9979.6861,41739648391,498076822965.0400,1
SZSE_COMPONENT,sz.399001,2023-11-20,9986.9247,10050.8336,9924.4430,10022.6973,46381412410,560232951489.3800,1
SZSE_COMPONENT,sz.399001,2023-11-21,10050.4765,10113.1889,9981.1142,9997.0880,53072003436,606515259423.1600,1
SZSE_COMPONENT,sz.399001,2023-11-22,9957.5379,9975.0941,9855.6604,9855.6604,48218537771,545051033886.4300,1
SZSE_COMPONENT,sz.399001,2023-11-23,9846.6828,9938.8419,9814.1697,9933.0199,44845244255,508590880024.1000,1
SZSE_COMPONENT,sz.399001,2023-11-24,9932.9731,9932.9731,9816.2753,9839.5211,44822423431,501783839703.6400,1
SZSE_COMPONENT,sz.399001,2023-11-27,9829.5504,9829.5504,9736.7813,9785.5667,41612676617,478095879614.8830,1
SZSE_COMPONENT,sz.399001,2023-11-28,9781.5389,9835.1370,9742.0053,9833.4556,38472664549,455463963954.2270,1
SZSE_COMPONENT,sz.399001,2023-11-29,9826.0148,9827.7395,9733.3195,9744.3927,38706291701,452910473468.0060,1
SZSE_COMPONENT,sz.399001,2023-11-30,9728.3788,9768.9043,9677.7727,9726.9153,38367995114,446730903502.7380,1
SZSE_COMPONENT,sz.399001,2023-12-01,9723.9269,9752.0207,9624.9184,9720.5715,41774804885,498585865737.1830,1
SZSE_COMPONENT,sz.399001,2023-12-04,9715.4746,9736.1138,9660.4439,9660.4439,41681321814,506888133576.0720,1
SZSE_COMPONENT,sz.399001,2023-12-05,9628.2770,9628.2770,9470.3604,9470.3604,40321708880,482035889170.0580,1
SZSE_COMPONENT,sz.399001,2023-12-06,9451.1634,9599.5779,9446.8816,9533.2461,40266961307,480819528118.2260,1
SZSE_COMPONENT,sz.399001,2023-12-07,9518.4489,9561.9755,9456.9773,9519.9076,39325178823,472176918622.6820,1
SZSE_COMPONENT,sz.399001,2023-12-08,9531.0468,9592.9163,9500.8096,9553.9227,43642689878,538252150960.4100,1
SZSE_COMPONENT,sz.399001,2023-12-11,9496.4641,9649.8687,9406.6970,9632.6116,42147293923,506145969508.1410,1
SZSE_COMPONENT,sz.399001,2023-12-12,9616.1340,9648.9731,9593.3466,9625.2642,37620663078,454324857106.9430,1
SZSE_COMPONENT,sz.399001,2023-12-13,9606.4829,9606.4829,9476.6234,9476.6234,36734097989,437067128806.5510,1
SZSE_COMPONENT,sz.399001,2023-12-14,9527.4190,9578.6022,9413.8102,9417.9717,36622561219,424317999599.1100,1
SZSE_COMPONENT,sz.399001,2023-12-15,9449.8882,9507.4311,9368.4710,9385.3332,35945750738,411123703234.4570,1
SZSE_COMPONENT,sz.399001,2023-12-18,9346.9509,9376.6749,9258.9618,9279.3889,35352830299,387729425322.1540,1
SZSE_COMPONENT,sz.399001,2023-12-19,9270.1980,9331.9927,9225.0089,9289.3358,31794896148,359542447337.8040,1
SZSE_COMPONENT,sz.399001,2023-12-20,9303.0851,9310.8597,9158.4374,9158.4374,32405114902,372789942150.7400,1
SZSE_COMPONENT,sz.399001,2023-12-21,9122.4144,9286.0663,9106.1463,9257.0905,36168520018,416543193696.6370,1
SZSE_COMPONENT,sz.399001,2023-12-22,9247.0748,9331.1213,9186.0270,9221.3126,39602429128,451945061341.4800,1
SZSE_COMPONENT,sz.399001,2023-12-25,9200.6482,9268.2655,9200.6482,9256.2830,31207962631,346625188374.1600,1
SZSE_COMPONENT,sz.399001,2023-12-26,9248.0700,9248.4912,9124.8069,9157.2496,31361598077,349655025854.6320,1
SZSE_COMPONENT,sz.399001,2023-12-27,9170.2552,9211.4192,9121.1668,9191.7415,32807413912,357786160671.2260,1
SZSE_COMPONENT,sz.399001,2023-12-28,9182.8469,9476.8022,9166.5819,9441.0545,41093410375,491969686954.9780,1
SZSE_COMPONENT,sz.399001,2023-12-29,9434.5805,9534.6765,9427.9155,9524.6895,39414751848,473608947014.9500,1
SZSE_COMPONENT,sz.399001,2024-01-02,9527.1058,9527.1058,9401.3478,9401.3478,38596954271,441826397276.5180,1
SZSE_COMPONENT,sz.399001,2024-01-03,9378.6864,9405.0901,9280.8161,9330.8640,36681390123,416452702082.5090,1
SZSE_COMPONENT,sz.399001,2024-01-04,9317.3999,9317.3999,9171.1287,9215.2456,33057226462,377140370113.2530,1
SZSE_COMPONENT,sz.399001,2024-01-05,9205.3938,9275.2290,9074.9283,9116.4423,36584000431,410386979251.8060,1
SZSE_COMPONENT,sz.399001,2024-01-08,9095.7053,9119.1223,8947.7233,8947.7233,33819316256,366871509525.0920,1
SZSE_COMPONENT,sz.399001,2024-01-09,8960.9726,9042.4469,8912.0289,8971.7185,34925480540,379819298644.8000,1
SZSE_COMPONENT,sz.399001,2024-01-10,8938.4489,9035.1879,8857.9679,8922.7937,34094162952,365827057849.3180,1
SZSE_COMPONENT,sz.399001,2024-01-11,8918.2309,9099.2233,8898.1951,9053.8831,37985442252,413523453252.4130,1
SZSE_COMPONENT,sz.399001,2024-01-12,9026.7369,9095.6070,8995.4142,8996.2556,37224375935,393788411701.2630,1
SZSE_COMPONENT,sz.399001,2024-01-15,8957.7161,9045.5473,8912.4452,8963.9261,32173681823,341693774141.2130,1
SZSE_COMPONENT,sz.399001,2024-01-16,8946.9341,9002.3432,8871.1875,8992.0726,36727810980,383997197945.6290,1
SZSE_COMPONENT,sz.399001,2024-01-17,8968.5262,8968.5262,8759.7577,8759.7577,33560351031,354455914268.8130,1
SZSE_COMPONENT,sz.399001,2024-01-18,8706.1420,8858.3962,8585.1999,8847.0034,44359667870,464080667781.6960,1
SZSE_COMPONENT,sz.399001,2024-01-19,8821.7651,8890.1194,8771.5813,8787.0249,33407864814,369892376990.5700,1
SZSE_COMPONENT,sz.399001,2024-01-22,8769.3928,8769.3928,8430.6142,8479.5495,41997942010,434149104401.0980,1
SZSE_COMPONENT,sz.399001,2024-01-23,8465.0026,8638.8951,8402.0634,8596.2810,37823542938,392050613597.4930,1
SZSE_COMPONENT,sz.399001,2024-01-24,8633.1676,8693.0823,8404.0686,8682.1862,40808601165,409638474030.5520,1
SZSE_COMPONENT,sz.399001,2024-01-25,8661.4465,8858.2079,8621.1840,8856.2234,43498171413,453753233021.6770,1
SZSE_COMPONENT,sz.399001,2024-01-26,8809.7638,8859.6275,8746.0953,8762.3287,41194846598,426293465213.5550,1
SZSE_COMPONENT,sz.399001,2024-01-29,8775.3840,8800.6436,8581.7588,8581.7588,39432566176,408207940080.4430,1
SZSE_COMPONENT,sz.399001,2024-01-30,8523.7373,8579.5947,8370.0598,8375.9816,33872631922,334386095324.6980,1
SZSE_COMPONENT,sz.399001,2024-01-31,8340.7179,8408.6661,8208.4472,8212.8445,43125459652,402618307452.3860,1
SZSE_COMPONENT,sz.399001,2024-02-01,8172.8107,8371.3796,8134.8129,8240.4829,39724642481,365451472785.9080,1
SZSE_COMPONENT,sz.399001,2024-02-02,8239.5021,8300.7496,7840.6209,8055.7747,46859511630,413026082177.1900,1
SZSE_COMPONENT,sz.399001,2024-02-05,7987.3366,8171.7650,7683.6267,7964.7120,53704465055,452502742925.3310,1
SZSE_COMPONENT,sz.399001,2024-02-06,7886.3200,8471.2781,7880.4047,8460.3788,59207592588,485109902975.3730,1
SZSE_COMPONENT,sz.399001,2024-02-07,8464.8742,8724.1736,8445.7058,8708.2406,61678023989,526013314780.0070,1
SZSE_COMPONENT,sz.399001,2024-02-08,8750.5365,8975.0531,8742.9494,8820.6029,62641426750,534522708239.6960,1
SZSE_COMPONENT,sz.399001,2024-02-19,8957.2750,8957.2750,8797.4586,8902.3337,55736510069,515139483403.6510,1
SZSE_COMPONENT,sz.399001,2024-02-20,8857.5041,8919.8079,8798.4343,8905.9620,44177586265,432390342915.0500,1
SZSE_COMPONENT,sz.399001,2024-02-21,8829.7043,9130.0343,8798.3665,8975.9741,54363489574,529328781472.5540,1
SZSE_COMPONENT,sz.399001,2024-02-22,8971.4394,9050.2738,8946.2445,9043.7482,45808948952,457124201174.2370,1
SZSE_COMPONENT,sz.399001,2024-02-23,9074.6140,9077.5633,8971.3404,9069.4150,52027504073,523724591588.9060,1
SZSE_COMPONENT,sz.399001,2024-02-26,9070.2217,9154.5978,9023.3252,9066.0868,55870130417,561535478988.6060,1
SZSE_COMPONENT,sz.399001,2024-02-27,9032.2591,9269.5679,9016.6076,9269.5679,53339610227,577389504457.0330,1
SZSE_COMPONENT,sz.399001,2024-02-28,9293.1467,9391.5246,9047.0952,9047.0952,76686411168,780099170769.0430,1
SZSE_COMPONENT,sz.399001,2024-02-29,9001.2834,9334.9438,9001.2834,9330.4431,56545599185,599849958734.5260,1
SZSE_COMPONENT,sz.399001,2024-03-01,9345.7380,9452.6334,9298.1603,9434.7471,53967112517,612260432146.3500,1
SZSE_COMPONENT,sz.399001,2024-03-04,9456.3734,9486.7031,9359.8398,9438.2444,53009940816,615375587092.3400,1
SZSE_COMPONENT,sz.399001,2024-03-05,9371.9429,9448.7348,9344.4494,9416.8042,51103531884,608149760358.5870,1
SZSE_COMPONENT,sz.399001,2024-03-06,9366.7097,9487.1871,9309.8447,9395.6541,46636105582,530447564736.8830,1
SZSE_COMPONENT,sz.399001,2024-03-07,9398.0510,9454.5352,9267.1168,9267.1168,51117810092,558270858894.9760,1
SZSE_COMPONENT,sz.399001,2024-03-08,9281.6083,9386.7464,9230.0643,9369.0462,43568736085,489979325214.3430,1
SZSE_COMPONENT,sz.399001,2024-03-11,9369.6469,9581.6558,9363.4105,9581.5338,49221442847,577960575961.0050,1
SZSE_COMPONENT,sz.399001,2024-03-12,9603.4546,9649.7432,9535.2081,9630.5452,56573750712,650816829416.2330,1
SZSE_COMPONENT,sz.399001,2024-03-13,9640.0912,9674.1397,9568.8831,9604.9936,52763140357,612318352587.9610,1
SZSE_COMPONENT,sz.399001,2024-03-14,9598.4179,9675.4706,9489.0184,9555.4162,50905804216,570907335138.0180,1
SZSE_COMPONENT,sz.399001,2024-03-15,9532.4227,9616.4949,9455.5079,9612.7499,47650683480,538637335227.0170,1
SZSE_COMPONENT,sz.399001,2024-03-18,9665.0701,9752.8338,9646.2132,9752.8338,56235512999,652383878051.9490,1
SZSE_COMPONENT,sz.399001,2024-03-19,9723.4036,9785.0974,9696.6875,9696.6875,53455197769,631009846323.7860,1
SZSE_COMPONENT,sz.399001,2024-03-20,9669.7029,9725.3056,9654.5276,9717.3729,51138902170,592551703425.2470,1
SZSE_COMPONENT,sz.399001,2024-03-21,9736.2318,9758.3348,9663.4854,9682.5098,55890739799,630132949195.7550,1
SZSE_COMPONENT,sz.399001,2024-03-22,9659.8752,9680.2135,9505.9933,9565.5635,56528197199,640543546577.0160,1
SZSE_COMPONENT,sz.399001,2024-03-25,9538.3546,9601.8367,9421.0784,9422.6124,52755832043,599961542394.1840,1
SZSE_COMPONENT,sz.399001,2024-03-26,9413.2555,9490.7541,9366.0021,9449.4292,48515370201,559618409849.5170,1
SZSE_COMPONENT,sz.399001,2024-03-27,9437.5578,9437.6713,9222.4658,9222.4658,46783399431,512616683660.5600,1
SZSE_COMPONENT,sz.399001,2024-03-28,9221.5311,9440.3075,9221.5311,9342.9187,48063271695,539328573376.1320,1
SZSE_COMPONENT,sz.399001,2024-03-29,9335.1135,9400.8526,9304.7603,9400.8526,45074660765,494023054769.6630,1
SZSE_COMPONENT,sz.399001,2024-04-01,9451.7260,9647.0718,9451.7260,9647.0718,51732380601,578434301053.5630,1
SZSE_COMPONENT,sz.399001,2024-04-02,9633.9690,9633.9690,9546.4736,9586.9524,53083877246,570946741251.6350,1
SZSE_COMPONENT,sz.399001,2024-04-03,9564.6460,9575.5553,9508.6456,9544.7657,49383183453,525235045441.3610,1
SZSE_COMPONENT,sz.399001,2024-04-08,9512.6014,9525.9540,9393.6133,9394.6060,48105234839,509564325281.7040,1
SZSE_COMPONENT,sz.399001,2024-04-09,9386.7994,9449.6543,9352.3520,9448.9808,41371882780,448514601616.4740,1
SZSE_COMPONENT,sz.399001,2024-04-10,9425.8017,9425.8017,9243.7966,9297.9597,44403669753,465276841750.3580,1
SZSE_COMPONENT,sz.399001,2024-04-11,9234.9171,9378.4347,9233.2694,9300.7709,41893890966,448653002672.5350,1
SZSE_COMPONENT,sz.399001,2024-04-12,9301.0757,9343.1818,9212.5953,9228.2347,41653560287,447058529808.6920,1
SZSE_COMPONENT,sz.399001,2024-04-15,9228.1350,9407.0679,9189.9590,9369.7015,54569916186,537297950908.7170,1
SZSE_COMPONENT,sz.399001,2024-04-16,9312.4928,9341.9693,9148.8211,9155.0690,53562024814,511958060396.2550,1
SZSE_COMPONENT,sz.399001,2024-04-17,9180.5120,9381.7723,9180.5120,9381.7723,50947589822,502214816989.5860,1
SZSE_COMPONENT,sz.399001,2024-04-18,9336.7339,9477.1332,9299.3331,9376.8055,48375148137,508191179306.5470,1
SZSE_COMPONENT,sz.399001,2024-04-19,9316.9759,9351.9556,9220.6376,9279.4602,43977363059,463720868186.3050,1
SZSE_COMPONENT,sz.399001,2024-04-22,9228.1800,9327.5912,9212.2848,9239.1396,41696598035,439878814197.9250,1
SZSE_COMPONENT,sz.399001,2024-04-23,9231.9040,9269.7146,9147.9477,9183.1409,39645906978,426693435494.5940,1
SZSE_COMPONENT,sz.399001,2024-04-24,9186.1945,9254.6459,9135.5755,9251.1336,41982115134,460189348801.0090,1
SZSE_COMPONENT,sz.399001,2024-04-25,9204.7948,9329.4053,9198.3171,9264.4808,42147288820,458498057872.2970,1
SZSE_COMPONENT,sz.399001,2024-04-26,9258.4909,9471.2927,9258.4909,9463.9072,54214171105,602218160034.8190,1
SZSE_COMPONENT,sz.399001,2024-04-29,9479.5983,9718.3582,9479.5983,9673.7582,58303815801,656212223690.0980,1
SZSE_COMPONENT,sz.399001,2024-04-30,9647.0557,9662.5573,9587.0765,9587.1245,52697389055,556846038511.4440,1
SZSE_COMPONENT,sz.399001,2024-05-06,9735.8848,9804.1994,9732.6892,9779.2109,52711364122,591203235531.1570,1
SZSE_COMPONENT,sz.399001,2024-05-07,9778.1562,9804.7608,9743.1938,9770.9388,49770195676,541742341324.1540,1
SZSE_COMPONENT,sz.399001,2024-05-08,9743.8685,9743.8685,9633.6957,9638.8170,46349654809,497163155055.6850,1
SZSE_COMPONENT,sz.399001,2024-05-09,9648.2173,9805.1156,9648.2173,9788.0682,45384490979,502136810630.4680,1
SZSE_COMPONENT,sz.399001,2024-05-10,9788.8297,9805.9209,9670.8943,9731.2375,47281377936,505824672539.8680,1
SZSE_COMPONENT,sz.399001,2024-05-13,9659.6357,9720.4755,9605.1843,9673.3192,44947077231,483756728309.6670,1
SZSE_COMPONENT,sz.399001,2024-05-14,9689.5526,9736.2848,9633.8017,9668.7263,42964808531,454492183881.6930,1
SZSE_COMPONENT,sz.399001,2024-05-15,9648.4253,9659.0347,9577.2050,9583.5408,41936225898,428065543985.0880,1
SZSE_COMPONENT,sz.399001,2024-05-16,9614.7299,9668.8481,9582.2195,9604.1312,46003333499,470285318546.3160,1
SZSE_COMPONENT,sz.399001,2024-05-17,9590.3868,9709.4225,9563.4696,9709.4220,48531203805,497791150309.8440,1
SZSE_COMPONENT,sz.399001,2024-05-20,9710.1967,9779.3601,9701.8498,9750.8222,52611108552,546626812572.0240,1
SZSE_COMPONENT,sz.399001,2024-05-21,9721.7227,9730.2792,9649.1491,9681.6597,44511548579,452661450066.1810,1
SZSE_COMPONENT,sz.399001,2024-05-22,9674.4971,9709.0049,9643.8681,9693.0546,43949777397,467146384188.6780,1
SZSE_COMPONENT,sz.399001,2024-05-23,9667.1806,9672.1777,9520.2057,9541.6430,46939843705,491013757759.2990,1
SZSE_COMPONENT,sz.399001,2024-05-24,9508.8522,9578.7340,9421.5514,9424.5771,41477801455,441175644590.8510,1
SZSE_COMPONENT,sz.399001,2024-05-27,9444.2276,9511.1437,9375.5245,9507.7451,41278560277,429422966332.8140,1
SZSE_COMPONENT,sz.399001,2024-05-28,9489.0824,9494.7684,9385.4385,9391.0520,40812739552,420739719534.1540,1
SZSE_COMPONENT,sz.399001,2024-05-29,9387.6497,9460.6258,9379.2958,9414.9792,40207974234,410878750669.5530,1
SZSE_COMPONENT,sz.399001,2024-05-30,9395.7880,9441.4881,9366.1302,9384.7234,39633005528,404813032382.7710,1
SZSE_COMPONENT,sz.399001,2024-05-31,9388.2686,9455.3347,9364.3752,9364.3752,39705545944,413836989185.4520,1
SZSE_COMPONENT,sz.399001,2024-06-03,9358.5909,9422.0733,9307.9207,9370.4972,44781001343,463090357311.2020,1
SZSE_COMPONENT,sz.399001,2024-06-04,9350.8337,9486.7449,9327.8295,9469.3154,41604094966,420123243488.8870,1
SZSE_COMPONENT,sz.399001,2024-06-05,9450.0716,9509.7803,9393.6113,9393.6113,39250075195,388856345878.0950,1
SZSE_COMPONENT,sz.399001,2024-06-06,9417.9310,9446.8819,9313.8779,9340.0099,49785882153,474615120976.9370,1
SZSE_COMPONENT,sz.399001,2024-06-07,9343.7983,9366.3365,9181.8880,9255.6836,39233778588,397920913934.3660,1
SZSE_COMPONENT,sz.399001,2024-06-11,9198.5384,9282.7102,9166.4679,9262.3471,35380495841,370244589284.2290,1
SZSE_COMPONENT,sz.399001,2024-06-12,9244.3135,9299.3577,9243.7328,9269.9358,35799909423,379861946130.0320,1
SZSE_COMPONENT,sz.399001,2024-06-13,9281.0481,9296.3656,9190.8815,9206.2368,37674266030,415611533725.8340,1
SZSE_COMPONENT,sz.399001,2024-06-14,9177.4054,9265.9651,9138.3197,9252.2510,39320414596,451900233046.3850,1
SZSE_COMPONENT,sz.399001,2024-06-17,9209.4617,9298.0068,9202.1678,9281.2537,35828845093,413460399730.8830,1
SZSE_COMPONENT,sz.399001,2024-06-18,9278.2756,9329.9945,9276.4441,9318.4684,38656363745,419713265929.1720,1
SZSE_COMPONENT,sz.399001,2024-06-19,9324.8804,9325.8535,9218.9071,9219.0690,36299475065,404459133589.6920,1
SZSE_COMPONENT,sz.399001,2024-06-20,9201.3470,9225.0211,9066.0546,9068.8510,38616797763,400291899946.4160,1
SZSE_COMPONENT,sz.399001,2024-06-21,9041.4410,9100.8302,9008.3388,9064.8447,32451574566,339322141327.4450,1
SZSE_COMPONENT,sz.399001,2024-06-24,9004.8466,9030.7079,8916.4644,8924.1722,37569003865,377016893326.3970,1
SZSE_COMPONENT,sz.399001,2024-06-25,8911.9007,8948.2246,8797.0456,8850.2895,34717835571,351626020544.7190,1
SZSE_COMPONENT,sz.399001,2024-06-26,8837.9999,9001.0281,8811.3586,8987.3020,37093843125,367170196970.5930,1
SZSE_COMPONENT,sz.399001,2024-06-27,8944.7296,8947.9581,8844.8716,8849.6973,35071363612,359652055123.8300,1
SZSE_COMPONENT,sz.399001,2024-06-28,8814.9336,8960.9563,8814.9336,8848.6992,37047125087,389910206943.2890,1
SZSE_COMPONENT,sz.399001,2024-07-01,8835.1553,8914.1977,8771.0114,8899.1656,34869972432,363749256106.4940,1
SZSE_COMPONENT,sz.399001,2024-07-02,8886.0911,8895.5515,8789.2808,8812.6726,37067717662,362094473545.8440,1
SZSE_COMPONENT,sz.399001,2024-07-03,8808.3659,8827.0856,8734.7152,8760.4340,34426899512,322541186184.9820,1
SZSE_COMPONENT,sz.399001,2024-07-04,8775.8424,8820.9967,8670.3422,8673.8257,35303394328,324134124200.9000,1
SZSE_COMPONENT,sz.399001,2024-07-05,8664.8042,8719.7078,8573.7553,8695.5480,31700914448,303341328032.0740,1
SZSE_COMPONENT,sz.399001,2024-07-08,8675.9713,8675.9713,8539.4161,8561.9502,33106645158,311138567455.6220,1
SZSE_COMPONENT,sz.399001,2024-07-09,8548.1594,8733.8715,8513.1686,8705.9437,39741954357,404092547640.7060,1
SZSE_COMPONENT,sz.399001,2024-07-10,8672.3266,8762.7658,8664.9179,8697.2154,35588586089,371561987116.8030,1
SZSE_COMPONENT,sz.399001,2024-07-11,8800.3877,8890.7559,8746.9031,8870.3563,42494047677,449363331970.8880,1
SZSE_COMPONENT,sz.399001,2024-07-12,8831.6785,8885.3601,8814.0878,8854.0832,36747701458,384415596982.4660,1
SZSE_COMPONENT,sz.399001,2024-07-15,8825.4733,8834.0344,8780.7490,8801.6245,33209397399,333441871146.3700,1
SZSE_COMPONENT,sz.399001,2024-07-16,8783.3520,8881.7745,8780.0895,8877.0177,32455854686,361587190878.3850,1
SZSE_COMPONENT,sz.399001,2024-07-17,8860.7534,8884.7920,8809.1324,8835.1440,33859049958,369626699300.6130,1
SZSE_COMPONENT,sz.399001,2024-07-18,8760.6625,8880.4362,8730.9795,8879.3259,34155477612,370967712429.9930,1
SZSE_COMPONENT,sz.399001,2024-07-19,8826.6401,8932.0787,8820.0855,8903.2320,31693793816,350733285358.8090,1
SZSE_COMPONENT,sz.399001,2024-07-22,8908.2065,8925.4351,8823.7784,8869.8170,31762806136,340102151205.8310,1
SZSE_COMPONENT,sz.399001,2024-07-23,8862.9448,8862.9448,8606.5830,8606.5830,35220718740,354993771554.1770,1
SZSE_COMPONENT,sz.399001,2024-07-24,8582.6303,8640.3307,8469.8766,8493.0953,34386945032,338552788324.6690,1
SZSE_COMPONENT,sz.399001,2024-07-25,8443.4381,8524.8142,8428.7520,8474.7038,30984971118,315353159191.2390,1
SZSE_COMPONENT,sz.399001,2024-07-26,8512.7898,8617.6460,8512.7898,8597.1739,32920989230,330665818674.5970,1
SZSE_COMPONENT,sz.399001,2024-07-29,8589.2751,8589.2751,8510.4895,8514.6477,32484641767,325844608489.6530,1
SZSE_COMPONENT,sz.399001,2024-07-30,8482.1718,8488.5190,8416.6008,8468.5817,34219157453,329999501700.6230,1
SZSE_COMPONENT,sz.399001,2024-07-31,8446.4957,8754.9280,8444.1475,8754.0873,49010042180,484430145872.1200,1
SZSE_COMPONENT,sz.399001,2024-08-01,8767.3254,8799.0902,8656.9459,8673.5776,42850008325,429663281029.8510,1
SZSE_COMPONENT,sz.399001,2024-08-02,8599.0565,8697.4913,8542.3939,8553.5509,41921627149,407442285347.2500,1
SZSE_COMPONENT,sz.399001,2024-08-05,8475.4526,8646.8559,8395.0398,8395.0537,45762539227,433619549453.3470,1
SZSE_COMPONENT,sz.399001,2024-08-06,8481.7304,8525.7158,8388.2610,8463.8637,40061456130,358354485208.2480,1
SZSE_COMPONENT,sz.399001,2024-08-07,8450.4872,8505.1340,8416.2480,8449.5824,35547603012,328241148374.6590,1
SZSE_COMPONENT,sz.399001,2024-08-08,8415.0833,8514.6664,8361.5823,8446.2077,38968860037,348767350448.9910,1
SZSE_COMPONENT,sz.399001,2024-08-09,8486.4208,8527.6435,8393.6993,8393.6993,37102703941,310192845502.8100,1
SZSE_COMPONENT,sz.399001,2024-08-12,8386.8331,8419.7020,8354.4248,8373.4710,33833603190,278254690453.3780,1
SZSE_COMPONENT,sz.399001,2024-08-13,8372.7072,8409.2400,8327.3492,8409.2240,30920159022,266414003766.8550,1
SZSE_COMPONENT,sz.399001,2024-08-14,8403.4828,8403.4828,8310.9983,8310.9983,31136059327,269995914317.7440,1
SZSE_COMPONENT,sz.399001,2024-08-15,8292.1954,8439.6855,8288.7096,8370.1229,40234645666,336535483466.8710,1
SZSE_COMPONENT,sz.399001,2024-08-16,8377.9486,8408.3853,8339.5761,8349.8703,39738232456,347548660596.9530,1
SZSE_COMPONENT,sz.399001,2024-08-19,8341.8259,8437.8838,8341.1009,8356.8979,37396241311,327622468203.3000,1
SZSE_COMPONENT,sz.399001,2024-08-20,8363.8678,8367.3828,8233.0700,8252.8679,38435236588,320474631172.2650,1
SZSE_COMPONENT,sz.399001,2024-08-21,8221.3500,8297.0977,8213.0930,8229.7503,34400568021,299645618264.7000,1
SZSE_COMPONENT,sz.399001,2024-08-22,8234.2801,8247.9471,8151.6342,8162.1750,36175883626,319029043133.0210,1
SZSE_COMPONENT,sz.399001,2024-08-23,8134.4000,8207.5895,8133.5705,8181.9170,34381374453,295643540715.8060,1
SZSE_COMPONENT,sz.399001,2024-08-26,8194.9363,8225.9940,8163.8783,8194.6452,34267835306,309718933588.0540,1
SZSE_COMPONENT,sz.399001,2024-08-27,8161.6812,8168.0422,8084.0370,8103.7591,33685015173,295770774377.7530,1
SZSE_COMPONENT,sz.399001,2024-08-28,8071.8636,8098.3133,8036.4016,8078.8194,32885869824,282744362220.4920,1
SZSE_COMPONENT,sz.399001,2024-08-29,8030.7407,8191.3694,8028.3665,8154.4391,37682840126,349603401970.4650,1
SZSE_COMPONENT,sz.399001,2024-08-30,8152.8136,8453.6587,8152.8136,8348.4774,52102637354,492495772884.6150,1
SZSE_COMPONENT,sz.399001,2024-09-02,8331.4565,8340.3826,8172.2079,8172.2079,43309610281,390919821376.4660,1
SZSE_COMPONENT,sz.399001,2024-09-03,8157.4403,8294.7673,8157.4403,8268.0499,37028373327,327818301665.4910,1
SZSE_COMPONENT,sz.399001,2024-09-04,8207.2799,8297.8200,8189.5263,8226.2415,36236838805,324668079563.0440,1
SZSE_COMPONENT,sz.399001,2024-09-05,8224.5090,8297.9387,8220.5526,8249.6588,34757508755,307323902523.6220,1
SZSE_COMPONENT,sz.399001,2024-09-06,8252.0062,8260.6909,8128.7666,8130.7698,36378777179,314062276972.5660,1
SZSE_COMPONENT,sz.399001,2024-09-09,8086.2816,8129.5397,8023.3745,8063.2693,33111943224,282030698182.1490,1
SZSE_COMPONENT,sz.399001,2024-09-10,8064.3981,8113.6891,7973.7870,8073.8337,34749537762,301239631984.2860,1
SZSE_COMPONENT,sz.399001,2024-09-11,8052.2475,8139.7023,8031.9472,8105.3849,31001736656,279800064132.7680,1
SZSE_COMPONENT,sz.399001,2024-09-12,8122.7719,8176.0523,8053.8807,8054.2426,33651741283,296996277138.8360,1
SZSE_COMPONENT,sz.399001,2024-09-13,8054.4271,8084.3530,7983.5478,7983.5478,34822022538,296940694519.3680,1
SZSE_COMPONENT,sz.399001,2024-09-18,7975.1893,8017.3836,7908.5233,7992.2527,33354474083,266237690153.5720,1
SZSE_COMPONENT,sz.399001,2024-09-19,8015.3936,8161.2219,7950.7025,8087.6044,41370148725,346464780203.1650,1
SZSE_COMPONENT,sz.399001,2024-09-20,8079.7608,8092.4962,8014.5047,8075.1416,38337072743,319314897331.0780,1
SZSE_COMPONENT,sz.399001,2024-09-23,8071.9931,8163.1045,8054.5923,8083.3819,36565600998,315787407886.6340,1
SZSE_COMPONENT,sz.399001,2024-09-24,8148.1742,8435.7058,8083.3046,8435.7041,58681255519,528547322749.4730,1
SZSE_COMPONENT,sz.399001,2024-09-25,8555.7236,8738.4124,8525.7512,8537.7311,71584781842,640673015520.8840,1
SZSE_COMPONENT,sz.399001,2024-09-26,8524.1925,8916.8015,8505.6417,8916.6464,70484299530,637766326736.9000,1
SZSE_COMPONENT,sz.399001,2024-09-27,9100.7665,9619.7687,9100.7665,9514.8647,94883654000,965392383997.2340,1
SZSE_COMPONENT,sz.399001,2024-09-30,9950.6531,10556.9334,9829.4314,10529.7568,132400053035,1425264091627.2500,1
SZSE_COMPONENT,sz.399001,2024-10-08,11864.1097,11864.1097,10834.4991,11495.1003,158791179957,1941425791423.9000,1
SZSE_COMPONENT,sz.399001,2024-10-09,11158.9887,11295.0988,10516.6676,10557.8117,127422156998,1675510926508.2700,1
SZSE_COMPONENT,sz.399001,2024-10-10,10609.4731,10823.3685,10310.3898,10471.0808,96357328462,1195200766242.0900,1
SZSE_COMPONENT,sz.399001,2024-10-11,10366.5715,10378.4598,9935.8179,10060.7393,76794500742,907687463372.5380,1
SZSE_COMPONENT,sz.399001,2024-10-14,10118.3751,10361.6926,9966.9887,10327.4004,76786473279,933486093609.1280,1
SZSE_COMPONENT,sz.399001,2024-10-15,10286.2360,10424.1371,10066.5168,10066.5168,80099233726,1015688650868.6500,1
SZSE_COMPONENT,sz.399001,2024-10-16,9898.1265,10112.7882,9890.8971,9965.0241,70123816425,842310229788.9120,1
SZSE_COMPONENT,sz.399001,2024-10-17,10034.4142,10123.2248,9887.9409,9891.7627,75958300071,933912619631.5810,1
SZSE_COMPONENT,sz.399001,2024-10-18,9868.8458,10607.8080,9865.8745,10357.6764,95374309335,1269726757123.6700,1
SZSE_COMPONENT,sz.399001,2024-10-21,10441.8706,10636.1604,10331.7888,10470.9138,96500262583,1328206164127.6000,1
SZSE_COMPONENT,sz.399001,2024-10-22,10459.1559,10604.7830,10409.6803,10559.5095,92798535681,1213666459406.2700,1
SZSE_COMPONENT,sz.399001,2024-10-23,10536.8970,10721.3667,10479.2236,10576.4133,92060793932,1166793703423.9100,1
SZSE_COMPONENT,sz.399001,2024-10-24,10508.6516,10533.8416,10404.8314,10441.7465,74927242151,935287277588.7460,1
SZSE_COMPONENT,sz.399001,2024-10-25,10470.0673,10733.0683,10460.9302,10619.8490,86542105534,1094882473771.2300,1
SZSE_COMPONENT,sz.399001,2024-10-28,10617.9041,10685.8902,10519.4848,10685.8902,95867413324,1145396320939.6100,1
SZSE_COMPONENT,sz.399001,2024-10-29,10706.0172,10729.5687,10536.8066,10543.3283,103306751329,1255535897007.5700,1
SZSE_COMPONENT,sz.399001,2024-10-30,10488.2262,10596.2225,10426.7437,10530.8489,93173321416,1116035280270.0800,1
SZSE_COMPONENT,sz.399001,2024-10-31,10535.4143,10693.8423,10458.8476,10591.2180,110309471953,1352352747322.4300,1
SZSE_COMPONENT,sz.399001,2024-11-01,10563.8353,10629.8111,10417.9764,10455.5022,118472029006,1352275455389.8100,1
SZSE_COMPONENT,sz.399001,2024-11-04,10457.8943,10663.0966,10457.8943,10663.0966,82654902413,1001563840428.9100,1
SZSE_COMPONENT,sz.399001,2024-11-05,10653.1989,11030.6226,10609.8145,11006.9377,107740888900,1373699162243.1400,1
SZSE_COMPONENT,sz.399001,2024-11-06,11023.9989,11177.6877,10896.3237,10968.1420,121476775704,1536034646514.0100,1
SZSE_COMPONENT,sz.399001,2024-11-07,10852.1213,11235.9208,10839.9417,11235.9208,122251344774,1456235718184.7100,1
SZSE_COMPONENT,sz.399001,2024-11-08,11374.2005,11410.9798,11135.3285,11161.7022,125343281592,1573593148862.6900,1
SZSE_COMPONENT,sz.399001,2024-11-11,11087.4109,11390.4790,11071.6540,11388.5668,112188089396,1483392842522.7100,1
SZSE_COMPONENT,sz.399001,2024-11-12,11430.2208,11560.3548,11210.9546,11314.4586,113897492979,1511118660209.2100,1
SZSE_COMPONENT,sz.399001,2024-11-13,11231.7273,11380.4959,11143.3368,11359.2889,91186378710,1179810560593.5600,1
SZSE_COMPONENT,sz.399001,2024-11-14,11333.4029,11335.3623,11023.7390,11037.7827,83896742213,1075621868087.6900,1
SZSE_COMPONENT,sz.399001,2024-11-15,10983.5360,11065.4172,10748.9700,10748.9700,84298445532,1080599719063.0200,1
SZSE_COMPONENT,sz.399001,2024-11-18,10774.4401,10816.5122,10478.2651,10544.0228,87180347111,1001885166555.6000,1
SZSE_COMPONENT,sz.399001,2024-11-19,10559.3250,10748.6017,10427.9408,10743.8442,77072145189,906518949437.2910,1
SZSE_COMPONENT,sz.399001,2024-11-20,10709.9225,10875.4513,10692.5584,10827.1889,81635677889,986404104271.6770,1
SZSE_COMPONENT,sz.399001,2024-11-21,10787.9284,10867.4060,10739.2812,10819.8767,81837576465,996798121774.8550,1
SZSE_COMPONENT,sz.399001,2024-11-22,10785.5188,10836.6939,10438.7215,10438.7215,92594828048,1082058067701.4400,1
SZSE_COMPONENT,sz.399001,2024-11-25,10462.4400,10505.2396,10282.4973,10420.5207,77022626653,893690967762.8840,1
SZSE_COMPONENT,sz.399001,2024-11-26,10387.0049,10480.9569,10330.4543,10333.2251,71183213494,795484175909.7980,1
SZSE_COMPONENT,sz.399001,2024-11-27,10284.7208,10566.1006,10202.2260,10566.1006,79557129618,887125205578.3180,1
SZSE_COMPONENT,sz.399001,2024-11-28,10560.4099,10581.5937,10416.3309,10432.5399,85088787686,932295840485.2220,1
SZSE_COMPONENT,sz.399001,2024-11-29,10406.0790,10727.0831,10406.0790,10611.7190,89215787876,1044492312250.9900,1
SZSE_COMPONENT,sz.399001,2024-12-02,10595.4731,10777.6937,10583.7206,10756.5476,93752318422,1077203653440.6800,1
SZSE_COMPONENT,sz.399001,2024-12-03,10757.4936,10761.4414,10625.4756,10713.5785,93970902205,1031925156819.9600,1
SZSE_COMPONENT,sz.399001,2024-12-04,10700.0579,10717.5592,10556.6013,10604.0121,93081650252,1009658110991.4300,1
SZSE_COMPONENT,sz.399001,2024-12-05,10565.0274,10674.7702,10565.0274,10634.4890,84466366148,933068980436.0950,1
SZSE_COMPONENT,sz.399001,2024-12-06,10642.8921,10860.2458,10618.7608,10791.3390,102934032914,1102866354631.1200,1
SZSE_COMPONENT,sz.399001,2024-12-09,10780.9842,10821.5056,10668.3310,10731.6589,95515594718,985064287388.7880,1
SZSE_COMPONENT,sz.399001,2024-12-10,11124.7822,11134.5527,10792.0148,10812.5838,117138802611,1339737614620.7600,1
SZSE_COMPONENT,sz.399001,2024-12-11,10781.0965,10884.0600,10781.0835,10848.4228,101227283475,1083447077126.0200,1
SZSE_COMPONENT,sz.399001,2024-12-12,10846.5445,10967.2783,10813.7917,10957.1289,104058705015,1132740374453.2700,1
SZSE_COMPONENT,sz.399001,2024-12-13,10876.1903,10876.1903,10709.1393,10713.0720,107554718202,1218512329521.3600,1
SZSE_COMPONENT,sz.399001,2024-12-16,10705.5166,10721.7095,10535.5265,10573.9194,92267696201,1024563635124.3700,1
SZSE_COMPONENT,sz.399001,2024-12-17,10557.2316,10677.7429,10526.2556,10537.4285,85814053161,925567807733.4080,1
SZSE_COMPONENT,sz.399001,2024-12-18,10561.9354,10639.7699,10535.7611,10584.2695,74084662199,820732340344.4710,1
SZSE_COMPONENT,sz.399001,2024-12-19,10483.5035,10673.9616,10460.1961,10649.0339,76069334340,884957667134.2620,1
SZSE_COMPONENT,sz.399001,2024-12-20,10631.4447,10731.0762,10618.7944,10646.6176,73237537835,918303558422.8660,1
SZSE_COMPONENT,sz.399001,2024-12-23,10650.5750,10708.8229,10527.1463,10537.4021,79568783045,907671813698.3180,1
SZSE_COMPONENT,sz.399001,2024-12-24,10548.1453,10673.3372,10548.1453,10671.4274,66497704116,776807907609.6370,1
SZSE_COMPONENT,sz.399001,2024-12-25,10675.7290,10677.6475,10544.8803,10603.0998,66796306236,759136338914.2910,1
SZSE_COMPONENT,sz.399001,2024-12-26,10586.9570,10692.8864,10570.0857,10673.9684,59399742654,753522611377.5590,1
SZSE_COMPONENT,sz.399001,2024-12-27,10679.3433,10780.5327,10632.5252,10659.9751,67993458784,847760350853.6470,1
SZSE_COMPONENT,sz.399001,2024-12-30,10644.1537,10726.6603,10632.7442,10671.1550,60905276931,753918099057.2810,1
SZSE_COMPONENT,sz.399001,2024-12-31,10668.1680,10678.7711,10414.6113,10414.6113,64665300880,783178607372.0290,1
SZSE_COMPONENT,sz.399001,2025-01-02,10400.6644,10409.6132,10006.5558,10088.0589,68111670937,793191277013.9850,1
SZSE_COMPONENT,sz.399001,2025-01-03,10097.9312,10139.9895,9891.8398,9897.1203,68523525692,744702909994.8720,1
SZSE_COMPONENT,sz.399001,2025-01-06,9890.9841,9975.9921,9817.7509,9885.6545,58623548268,614445158398.2150,1
SZSE_COMPONENT,sz.399001,2025-01-07,9860.5780,10000.3408,9822.0008,9998.7565,58891906830,640248820159.6600,1
SZSE_COMPONENT,sz.399001,2025-01-08,9940.1968,10016.2192,9731.4379,9944.6404,68356138045,734817586317.9150,1
SZSE_COMPONENT,sz.399001,2025-01-09,9906.9088,10021.9397,9901.6345,9976.0038,60520292074,677482470748.0840,1
SZSE_COMPONENT,sz.399001,2025-01-10,9957.8343,10004.0607,9795.9438,9795.9438,61636098545,682335422569.9380,1
SZSE_COMPONENT,sz.399001,2025-01-13,9697.4484,9866.3609,9693.7998,9796.1764,50480043564,554603230733.7430,1
SZSE_COMPONENT,sz.399001,2025-01-14,9822.3490,10178.6709,9788.7610,10165.1692,69071645495,811716723384.9350,1
SZSE_COMPONENT,sz.399001,2025-01-15,10139.7803,10147.2632,10038.2979,10060.1297,62657312976,722613426980.2800,1
SZSE_COMPONENT,sz.399001,2025-01-16,10110.4149,10249.6211,10011.1670,10101.0952,67961881355,774747271935.8150,1
SZSE_COMPONENT,sz.399001,2025-01-17,10059.9895,10227.7114,10059.1576,10161.3212,57621440908,678981034542.0540,1
SZSE_COMPONENT,sz.399001,2025-01-20,10240.7148,10333.1584,10225.3442,10256.3954,58773577977,713186939974.2600,1
SZSE_COMPONENT,sz.399001,2025-01-21,10323.1204,10325.6873,10205.9861,10305.6935,59739678942,736974131772.4540,1
SZSE_COMPONENT,sz.399001,2025-01-22,10263.0421,10272.5913,10161.9982,10225.8713,53343230020,683542190444.6220,1
SZSE_COMPONENT,sz.399001,2025-01-23,10323.4463,10411.4727,10176.1741,10176.1741,64807888595,815483915299.6970,1
SZSE_COMPONENT,sz.399001,2025-01-24,10141.4064,10315.3746,10141.4064,10292.7299,58994433015,741331577648.9430,1
SZSE_COMPONENT,sz.399001,2025-01-27,10299.9705,10329.6078,10156.0665,10156.0665,53284741781,667641130329.3170,1
SZSE_COMPONENT,sz.399001,2025-02-05,10237.7056,10241.3690,10124.1952,10164.2238,58326774483,768449245813.5860,1
SZSE_COMPONENT,sz.399001,2025-02-06,10142.8499,10393.6337,10135.1529,10393.6337,71099013431,944938901427.8210,1
SZSE_COMPONENT,sz.399001,2025-02-07,10410.0347,10666.7390,10384.2458,10576.0034,88720613135,1202631199833.8400,1
SZSE_COMPONENT,sz.399001,2025-02-10,10608.6063,10645.9609,10532.1194,10631.2462,81642797871,1053785768750.4700,1
SZSE_COMPONENT,sz.399001,2025-02-11,10640.8374,10640.8374,10524.0097,10557.6223,77022717337,1003780990776.2200,1
SZSE_COMPONENT,sz.399001,2025-02-12,10529.4138,10709.2679,10513.2275,10708.8838,76233590457,1029827484463.2600,1
SZSE_COMPONENT,sz.399001,2025-02-13,10691.4586,10739.5076,10621.0898,10626.6239,83933051636,1113993618441.9100,1
SZSE_COMPONENT,sz.399001,2025-02-14,10616.0193,10760.8608,10616.0193,10749.4562,78638009726,1047448093579.2000,1
SZSE_COMPONENT,sz.399001,2025-02-17,10820.9577,10829.8219,10711.4294,10791.0599,86705929130,1191361330338.8100,1
SZSE_COMPONENT,sz.399001,2025-02-18,10781.1975,10817.6547,10577.0801,10617.2606,84217120344,1102311658926.7700,1
SZSE_COMPONENT,sz.399001,2025-02-19,10592.0255,10774.0166,10588.4944,10772.6544,75049663110,1045873251680.3300,1
SZSE_COMPONENT,sz.399001,2025-02-20,10765.9503,10826.3831,10726.5271,10794.5454,78257765228,1086489113030.5300,1
SZSE_COMPONENT,sz.399001,2025-02-21,10821.8099,11003.9521,10806.5073,10991.3690,90701864675,1336950359477.2500,1
SZSE_COMPONENT,sz.399001,2025-02-24,10995.2612,11045.9566,10909.3677,10983.0433,88271232487,1277635672397.0100,1
SZSE_COMPONENT,sz.399001,2025-02-25,10835.9117,10964.6745,10815.3378,10854.4956,81279046427,1169252233272.8500,1
SZSE_COMPONENT,sz.399001,2025-02-26,10870.7334,10955.6488,10831.1105,10955.6488,84215382307,1190457443504.2400,1
SZSE_COMPONENT,sz.399001,2025-02-27,10969.9201,10999.4844,10792.0822,10927.5078,89475120899,1230525017854.9100,1
SZSE_COMPONENT,sz.399001,2025-02-28,10861.8241,10883.8316,10583.7068,10611.2398,82558011813,1108968938005.6400,1
SZSE_COMPONENT,sz.399001,2025-03-03,10642.1846,10803.6717,10586.1982,10649.5918,72506898239,980695622308.6180,1
SZSE_COMPONENT,sz.399001,2025-03-04,10558.7457,10688.5294,10540.4184,10679.4351,63501128030,866849634243.8510,1
SZSE_COMPONENT,sz.399001,2025-03-05,10686.4669,10718.6895,10626.7104,10709.4601,66828336104,906047047022.4230,1
SZSE_COMPONENT,sz.399001,2025-03-06,10774.0794,10924.2213,10759.4019,10898.7514,82055102681,1170018723514.4900,1
SZSE_COMPONENT,sz.399001,2025-03-07,10858.7771,10931.9462,10798.1937,10843.7328,82036812447,1130360435652.5900,1
SZSE_COMPONENT,sz.399001,2025-03-10,10862.9288,10896.1103,10747.1367,10825.7042,67492626325,910633461539.7120,1
SZSE_COMPONENT,sz.399001,2025-03-11,10698.8070,10861.1640,10692.7184,10861.1640,67024477222,889609924037.9020,1
SZSE_COMPONENT,sz.399001,2025-03-12,10897.4249,10939.5681,10828.4240,10843.2266,75683423892,1035254200469.5900,1
SZSE_COMPONENT,sz.399001,2025-03-13,10830.1083,10865.3191,10677.8372,10736.1944,73031655596,970516736841.4740,1
SZSE_COMPONENT,sz.399001,2025-03-14,10741.5225,10985.9513,10737.6250,10978.2984,75821380703,1041778692502.2300,1
SZSE_COMPONENT,sz.399001,2025-03-17,11009.5744,11015.4686,10940.7702,10957.8180,70157392693,933655218111.5080,1
SZSE_COMPONENT,sz.399001,2025-03-18,10999.3224,11041.4122,10958.8710,11014.7474,67026091831,933349997313.0630,1
SZSE_COMPONENT,sz.399001,2025-03-19,11003.7331,11030.1874,10916.2791,10979.0519,65830605489,906472303662.5120,1
SZSE_COMPONENT,sz.399001,2025-03-20,10971.4119,10973.1404,10869.1644,10879.4891,66033277818,875945195340.6120,1
SZSE_COMPONENT,sz.399001,2025-03-21,10843.9793,10898.2566,10656.8793,10687.5533,73797742505,927692315362.6050,1
SZSE_COMPONENT,sz.399001,2025-03-24,10695.0177,10723.7527,10563.8847,10695.4879,73186830760,863993868606.3800,1
SZSE_COMPONENT,sz.399001,2025-03-25,10702.6892,10735.5501,10618.0521,10649.0764,60284329360,741833982027.2350,1
SZSE_COMPONENT,sz.399001,2025-03-26,10636.1164,10703.0375,10635.7795,10643.8189,56246349670,669119730175.8440,1
SZSE_COMPONENT,sz.399001,2025-03-27,10610.8858,10745.0895,10556.6153,10668.1010,57357559191,694232398533.0450,1
SZSE_COMPONENT,sz.399001,2025-03-28,10658.1522,10688.0501,10593.8522,10607.3309,55060153716,650166739570.6520,1
SZSE_COMPONENT,sz.399001,2025-03-31,10559.6562,10609.7654,10427.9550,10504.3318,56671275642,690054229801.5960,1
SZSE_COMPONENT,sz.399001,2025-04-01,10523.6459,10581.9793,10491.7036,10503.6553,50596571318,632850855400.5320,1
SZSE_COMPONENT,sz.399001,2025-04-02,10500.5274,10573.0078,10490.8489,10513.1169,45905545136,562826586441.1710,1
SZSE_COMPONENT,sz.399001,2025-04-03,10384.9503,10481.5984,10328.0237,10365.7315,52253863357,651109936767.6930,1
SZSE_COMPONENT,sz.399001,2025-04-07,9747.6613,9831.6301,9220.1240,9364.4976,72979895617,852431714949.7010,1
SZSE_COMPONENT,sz.399001,2025-04-08,9356.6935,9505.6392,9296.1191,9424.6795,81890145272,895477031195.8560,1
SZSE_COMPONENT,sz.399001,2025-04-09,9271.2365,9591.8094,9119.6006,9539.8919,87247716467,944174886186.3960,1
SZSE_COMPONENT,sz.399001,2025-04-10,9757.9781,9884.2380,9713.6368,9754.6435,79793878408,927111334868.6330,1
SZSE_COMPONENT,sz.399001,2025-04-11,9681.4521,9909.5578,9679.2798,9834.4446,63799002683,767874017897.1640,1
SZSE_COMPONENT,sz.399001,2025-04-14,9955.6551,9964.7256,9862.3448,9884.3017,63003532921,733662247514.6810,1
SZSE_COMPONENT,sz.399001,2025-04-15,9886.0970,9895.4464,9804.6018,9858.0969,54456953657,620861217915.6040,1
SZSE_COMPONENT,sz.399001,2025-04-16,9813.1256,9814.4986,9650.7923,9774.7273,55550874792,622703442371.1980,1
SZSE_COMPONENT,sz.399001,2025-04-17,9715.2938,9828.9225,9712.0001,9759.0472,49387213426,556858435911.8500,1
SZSE_COMPONENT,sz.399001,2025-04-18,9745.7498,9798.4258,9719.9513,9781.6476,48644034748,534342502012.4580,1
SZSE_COMPONENT,sz.399001,2025-04-21,9768.6466,9913.0886,9733.4299,9905.5279,53399889207,612012816527.1100,1
SZSE_COMPONENT,sz.399001,2025-04-22,9882.9598,9914.4691,9857.7685,9870.0539,56973669202,637326686340.4610,1
SZSE_COMPONENT,sz.399001,2025-04-23,9956.3691,9990.0258,9892.7000,9935.7970,62116838025,743505156339.4880,1
SZSE_COMPONENT,sz.399001,2025-04-24,9933.8935,9969.9669,9846.2296,9878.3155,57933511465,674313083979.0240,1
SZSE_COMPONENT,sz.399001,2025-04-25,9900.0998,9976.7701,9878.6695,9917.0550,58204970304,668149455621.0200,1
SZSE_COMPONENT,sz.399001,2025-04-28,9925.7145,9926.9044,9848.6671,9855.1962,55673781493,614490372005.4670,1
SZSE_COMPONENT,sz.399001,2025-04-29,9828.4586,9882.5411,9799.6463,9849.8016,50831739891,591239110310.0010,1
SZSE_COMPONENT,sz.399001,2025-04-30,9863.4976,9925.8703,9845.3551,9899.8215,55915790928,663769896798.5850,1
SZSE_COMPONENT,sz.399001,2025-05-06,9974.5257,10082.3353,9960.5227,10082.3353,63406007015,784366185688.0750,1
SZSE_COMPONENT,sz.399001,2025-05-07,10218.3255,10248.9847,10048.0019,10104.1286,70997855074,873103395725.7560,1
SZSE_COMPONENT,sz.399001,2025-05-08,10081.2719,10222.8143,10067.3033,10197.6592,63900826061,791790953276.0420,1
SZSE_COMPONENT,sz.399001,2025-05-09,10190.1274,10190.1274,10087.5509,10126.8254,60053534657,727160070910.8160,1
SZSE_COMPONENT,sz.399001,2025-05-12,10220.3298,10302.0463,10200.2060,10301.1580,59505940477,786340324791.9980,1
SZSE_COMPONENT,sz.399001,2025-05-13,10401.9451,10401.9451,10274.3398,10288.0831,61338868947,784941212103.0460,1
SZSE_COMPONENT,sz.399001,2025-05-14,10278.9076,10418.4403,10240.1332,10354.2223,62258478573,781873182683.8650,1
SZSE_COMPONENT,sz.399001,2025-05-15,10324.8426,10324.8426,10186.4478,10186.4478,57142181589,691113043101.5450,1
SZSE_COMPONENT,sz.399001,2025-05-16,10157.6824,10217.9077,10152.7711,10179.5957,54123932925,653896066490.4440,1
SZSE_COMPONENT,sz.399001,2025-05-19,10171.2910,10184.4018,10090.2959,10171.0898,55394150959,649295736348.7690,1
SZSE_COMPONENT,sz.399001,2025-05-20,10182.2469,10273.5914,10151.8647,10249.1731,59959947938,719412151109.3780,1
SZSE_COMPONENT,sz.399001,2025-05-21,10246.5151,10325.9250,10243.1835,10294.2208,57990058075,707520849756.9530,1
SZSE_COMPONENT,sz.399001,2025-05-22,10274.6758,10283.2947,10214.4967,10219.6213,55747392040,664355148904.3630,1
SZSE_COMPONENT,sz.399001,2025-05-23,10210.6166,10294.5661,10132.4124,10132.4124,56209650952,687001322751.6230,1
SZSE_COMPONENT,sz.399001,2025-05-26,10114.6871,10142.9358,10044.0788,10091.1584,48451814037,609433795810.0450,1
SZSE_COMPONENT,sz.399001,2025-05-27,10074.0293,10076.8782,9996.8280,10029.1114,49805637358,604517403139.7830,1
SZSE_COMPONENT,sz.399001,2025-05-28,10039.2487,10058.1280,9987.4065,10003.2651,53569192058,620609249519.7340,1
SZSE_COMPONENT,sz.399001,2025-05-29,10006.4311,10139.1825,10002.0855,10127.2045,61267124894,731680602157.0600,1
SZSE_COMPONENT,sz.399001,2025-05-30,10091.1936,10099.1549,10022.8100,10040.6265,59605082409,695819645322.4450,1
SZSE_COMPONENT,sz.399001,2025-06-03,10006.1303,10088.1856,10004.9360,10057.1702,56067415584,673116542535.7730,1
SZSE_COMPONENT,sz.399001,2025-06-04,10070.8533,10158.0248,10070.8533,10144.5810,58808019153,706202700254.7310,1
SZSE_COMPONENT,sz.399001,2025-06-05,10152.5515,10220.2986,10113.0462,10203.5012,62955320724,792163814260.0870,1
SZSE_COMPONENT,sz.399001,2025-06-06,10205.5173,10223.5645,10166.7010,10183.6994,56353370338,699275374847.6280,1
SZSE_COMPONENT,sz.399001,2025-06-09,10200.4503,10280.8312,10190.2477,10250.1379,61554272079,774531408088.4680,1
SZSE_COMPONENT,sz.399001,2025-06-10,10248.2906,10256.8528,10095.0059,10162.1811,71138744190,857945116091.7770,1
SZSE_COMPONENT,sz.399001,2025-06-11,10176.4950,10295.3990,10176.4950,10246.0203,61593813516,753659809036.2140,1
SZSE_COMPONENT,sz.399001,2025-06-12,10208.2975,10263.4633,10182.4131,10234.3346,60575308437,770160430275.1220,1
SZSE_COMPONENT,sz.399001,2025-06-13,10193.9287,10215.5446,10089.5927,10122.1140,69879823069,861860263568.7180,1
SZSE_COMPONENT,sz.399001,2025-06-16,10096.5713,10173.0607,10096.5713,10163.5471,56871256464,733493561365.5070,1
SZSE_COMPONENT,sz.399001,2025-06-17,10177.6716,10198.9848,10129.4118,10151.4267,59707858725,749183713511.1100,1
SZSE_COMPONENT,sz.399001,2025-06-18,10142.5830,10190.0355,10118.6754,10175.5883,58795623738,750076595745.4350,1
SZSE_COMPONENT,sz.399001,2025-06-19,10156.1742,10181.9707,10027.3253,10051.9655,61043216018,777379097192.4780,1
SZSE_COMPONENT,sz.399001,2025-06-20,10039.0008,10084.1007,9998.4983,10005.0319,51682251551,656864779596.4910,1
SZSE_COMPONENT,sz.399001,2025-06-23,9950.1389,10064.7523,9950.1389,10048.3935,53858338131,679840129781.3760,1
SZSE_COMPONENT,sz.399001,2025-06-24,10074.2725,10224.1216,10074.2725,10217.6287,66768629291,869731745358.6000,1
SZSE_COMPONENT,sz.399001,2025-06-25,10240.1309,10403.5076,10233.1504,10393.7241,72246735395,982615273048.3980,1
SZSE_COMPONENT,sz.399001,2025-06-26,10389.2318,10440.7253,10340.6920,10343.4784,72190476562,980082935680.3330,1
SZSE_COMPONENT,sz.399001,2025-06-27,10371.8138,10455.5070,10343.3009,10378.5502,69921359064,935385167115.6470,1
SZSE_COMPONENT,sz.399001,2025-06-30,10405.9636,10470.2399,10399.9204,10465.1199,67681112329,919747265886.6060,1
SZSE_COMPONENT,sz.399001,2025-07-01,10458.3892,10483.3295,10407.1657,10476.2940,69594329262,912479261475.9870,1
SZSE_COMPONENT,sz.399001,2025-07-02,10455.8261,10455.8261,10386.4935,10412.6284,67882587383,833849924712.1220,1
SZSE_COMPONENT,sz.399001,2025-07-03,10431.0259,10546.7356,10431.0259,10534.5841,63936024712,809544553038.6080,1
SZSE_COMPONENT,sz.399001,2025-07-04,10534.9913,10610.5009,10480.7189,10508.7609,66766546368,861316252714.1470,1
SZSE_COMPONENT,sz.399001,2025-07-07,10488.1077,10501.3064,10426.5468,10435.5065,57888197107,732452711989.1610,1
SZSE_COMPONENT,sz.399001,2025-07-08,10431.7780,10593.8374,10431.7780,10588.3948,66633479908,886442571409.1640,1
SZSE_COMPONENT,sz.399001,2025-07-09,10592.5076,10656.5828,10557.8132,10581.7979,70342975523,909224442195.2550,1
SZSE_COMPONENT,sz.399001,2025-07-10,10593.7034,10667.4123,10562.1605,10631.1263,70226835819,881009191214.7470,1
SZSE_COMPONENT,sz.399001,2025-07-11,10637.4485,10757.2405,10610.8016,10696.0974,74329439625,958583794708.3330,1
SZSE_COMPONENT,sz.399001,2025-07-14,10705.4389,10715.0744,10663.8695,10684.5167,64707164976,835648432520.6520,1
SZSE_COMPONENT,sz.399001,2025-07-15,10700.3725,10784.9679,10651.1545,10744.5615,72651514302,965211745503.0680,1
SZSE_COMPONENT,sz.399001,2025-07-16,10749.7137,10804.1775,10697.4024,10720.8065,61673892656,869623405330.4990,1
SZSE_COMPONENT,sz.399001,2025-07-17,10718.8544,10873.6189,10718.8544,10873.6189,63572429406,929583770621.5300,1
SZSE_COMPONENT,sz.399001,2025-07-18,10902.7243,10946.4040,10865.8866,10913.8390,64482189727,927427194950.6390,1
SZSE_COMPONENT,sz.399001,2025-07-21,10937.5997,11008.4772,10922.5228,11007.4871,73259683950,969074333171.4860,1
SZSE_COMPONENT,sz.399001,2025-07-22,11004.0086,11099.8309,10970.2185,11099.8309,78615313668,1052464845824.6100,1
SZSE_COMPONENT,sz.399001,2025-07-23,11101.3221,11158.2230,11042.1968,11059.0374,77295459300,1007553832442.2400,1
SZSE_COMPONENT,sz.399001,2025-07-24,11069.6039,11193.0591,11069.6039,11193.0591,74225009707,992466090729.8570,1
SZSE_COMPONENT,sz.399001,2025-07-25,11196.2033,11210.9074,11139.3161,11168.1414,72440144499,965727200355.1250,1
SZSE_COMPONENT,sz.399001,2025-07-28,11176.3927,11226.1825,11114.9250,11217.5814,68403926163,981041846806.5290,1
SZSE_COMPONENT,sz.399001,2025-07-29,11199.6260,11289.4203,11136.2760,11289.4059,68778245825,1009564173263.3000,1
SZSE_COMPONENT,sz.399001,2025-07-30,11262.9764,11307.6201,11126.9987,11203.0295,71394812986,1024651537565.8400,1
SZSE_COMPONENT,sz.399001,2025-07-31,11208.4596,11223.6411,10976.2129,11009.7685,74131134334,1090142295589.4100,1
SZSE_COMPONENT,sz.399001,2025-08-01,11001.2546,11068.3105,10919.8894,10991.3214,62430483980,913705309185.6840,1
SZSE_COMPONENT,sz.399001,2025-08-04,10932.6206,11041.5596,10928.4866,11041.5596,58826562849,858774512839.6830,1
SZSE_COMPONENT,sz.399001,2025-08-05,11078.5833,11106.9569,11041.4745,11106.9569,63790591161,939698369625.0720,1
SZSE_COMPONENT,sz.399001,2025-08-06,11091.8340,11177.8780,11086.7167,11177.7818,69593698421,1026846804876.6300,1
SZSE_COMPONENT,sz.399001,2025-08-07,11189.4886,11229.5862,11089.5791,11157.9408,71141571849,1075789507354.8700,1
SZSE_COMPONENT,sz.399001,2025-08-08,11136.3431,11184.5515,11108.4640,11128.6725,68193469493,996656917079.2050,1
SZSE_COMPONENT,sz.399001,2025-08-11,11159.0268,11311.8812,11159.0268,11291.4261,71385294605,1075643532272.4200,1
SZSE_COMPONENT,sz.399001,2025-08-12,11292.4576,11351.6325,11255.4826,11351.6325,70963272011,1103359004034.7500,1
SZSE_COMPONENT,sz.399001,2025-08-13,11371.0813,11558.5927,11362.9004,11551.3649,79554170524,1263914042151.6300,1
SZSE_COMPONENT,sz.399001,2025-08-14,11557.0043,11607.4066,11417.9271,11451.4347,86799146173,1329744664079.8300,1
SZSE_COMPONENT,sz.399001,2025-08-15,11419.2825,11647.3921,11419.2825,11634.6678,79894615064,1283986982869.7100,1
SZSE_COMPONENT,sz.399001,2025-08-18,11690.9383,11919.5652,11642.5898,11835.5726,100227170829,1630221110289.9400,1
SZSE_COMPONENT,sz.399001,2025-08-19,11827.9015,11908.6795,11774.9166,11821.6260,94316964885,1527469705916.8000,1
SZSE_COMPONENT,sz.399001,2025-08-20,11749.9932,11926.7408,11677.8547,11926.7408,89403291865,1390733947684.3700,1
SZSE_COMPONENT,sz.399001,2025-08-21,11965.8011,12011.7756,11865.4647,11919.7624,91564235638,1426314862960.4000,1
SZSE_COMPONENT,sz.399001,2025-08-22,11902.0368,12167.2780,11902.0368,12166.0606,89165570058,1451618129559.8100,1
SZSE_COMPONENT,sz.399001,2025-08-25,12291.1228,12477.9731,12246.5635,12441.0676,107080327698,1780233495782.8400,1
SZSE_COMPONENT,sz.399001,2025-08-26,12398.8132,12561.4919,12361.4890,12473.1740,96885601318,1564831995948.4000,1
SZSE_COMPONENT,sz.399001,2025-08-27,12483.1946,12665.3568,12295.0695,12295.0695,114364021865,1838716010279.2600,1
SZSE_COMPONENT,sz.399001,2025-08-28,12254.2740,12571.3712,12199.9385,12571.3712,106077270854,1705617179690.6900,1
SZSE_COMPONENT,sz.399001,2025-08-29,12568.6298,12791.1785,12508.9736,12696.1507,90039159316,1576605426828.8600,1
SZSE_COMPONENT,sz.399001,2025-09-01,12773.2194,12830.1815,12663.3386,12828.9525,90618710337,1541612589328.0600,1
SZSE_COMPONENT,sz.399001,2025-09-02,12817.0336,12857.1607,12450.4649,12553.8380,99108379603,1652213634701.3300,1
SZSE_COMPONENT,sz.399001,2025-09-03,12599.9559,12669.8034,12393.0898,12471.9953,85684881475,1351790359509.9100,1
SZSE_COMPONENT,sz.399001,2025-09-04,12526.2994,12580.0892,11967.5680,12118.7018,89935604700,1436365320805.1700,1
SZSE_COMPONENT,sz.399001,2025-09-05,12140.7570,12597.8887,12085.5359,12590.5616,81649422586,1325596804626.3200,1
SZSE_COMPONENT,sz.399001,2025-09-08,12631.9812,12689.1655,12511.4185,12666.8414,82213572224,1392846217814.0400,1
SZSE_COMPONENT,sz.399001,2025-09-09,12598.2945,12653.8675,12434.8443,12510.5967,75834702535,1200728197335.4000,1
SZSE_COMPONENT,sz.399001,2025-09-10,12511.0839,12621.1912,12415.1947,12557.6798,71682785890,1157008991306.0900,1
SZSE_COMPONENT,sz.399001,2025-09-11,12570.8706,12979.8914,12516.3451,12979.8914,83569260132,1420924654160.1700,1
SZSE_COMPONENT,sz.399001,2025-09-12,12941.2633,13048.5192,12905.4748,12924.1348,86829049183,1427118173099.4000,1
SZSE_COMPONENT,sz.399001,2025-09-15,12971.4307,13098.7763,12943.4002,13005.7743,79885768034,1291248301054.7500,1
SZSE_COMPONENT,sz.399001,2025-09-16,13017.5783,13071.2150,12863.8221,13063.9732,88981206747,1351636076564.5800,1
SZSE_COMPONENT,sz.399001,2025-09-17,13062.6406,13226.2022,13004.3810,13215.4566,85372316196,1370067340574.8000,1
SZSE_COMPONENT,sz.399001,2025-09-18,13161.1545,13328.1008,12915.9743,13075.6584,107378534526,1769208959829.6400,1
SZSE_COMPONENT,sz.399001,2025-09-19,13074.9051,13182.6014,13016.0648,13070.8630,81973963357,1307489962649.1300,1
SZSE_COMPONENT,sz.399001,2025-09-22,13119.8267,13157.9738,13006.3557,13157.9738,72235571824,1179690201336.7900,1
SZSE_COMPONENT,sz.399001,2025-09-23,13246.9324,13267.9042,12875.3253,13119.8170,86069356793,1422691445409.5300,1
SZSE_COMPONENT,sz.399001,2025-09-24,13037.0774,13356.1428,13009.6427,13356.1428,72791023760,1311083097474.4300,1
SZSE_COMPONENT,sz.399001,2025-09-25,13333.0187,13529.3262,13295.5301,13445.8956,74056563650,1369884560258.9300,1
SZSE_COMPONENT,sz.399001,2025-09-26,13394.7858,13453.8555,13205.6285,13208.9965,69455282324,1219024952078.6200,1
SZSE_COMPONENT,sz.399001,2025-09-29,13248.1977,13531.9771,13239.7274,13479.4278,67590600825,1193253421058.2800,1
SZSE_COMPONENT,sz.399001,2025-09-30,13504.6471,13598.1775,13460.3194,13526.5091,65856725234,1208141143826.5400,1
SZSE_COMPONENT,sz.399001,2025-10-09,13598.3534,13806.6929,13565.2944,13725.5569,79711482788,1436312889659.5800,1
SZSE_COMPONENT,sz.399001,2025-10-10,13633.1868,13644.5129,13304.6013,13355.4185,78024941130,1383492750237.8300,1
SZSE_COMPONENT,sz.399001,2025-10-13,12837.2507,13256.5132,12837.2507,13231.4656,74280363444,1269338155679.1600,1
SZSE_COMPONENT,sz.399001,2025-10-14,13369.5606,13405.5088,12844.0241,12895.1076,78134962115,1366249533937.6400,1
SZSE_COMPONENT,sz.399001,2025-10-15,12919.2693,13123.2813,12817.8881,13118.7542,66497250499,1111306358134.0200,1
SZSE_COMPONENT,sz.399001,2025-10-16,13064.2579,13218.1656,13033.3715,13086.4092,63042714969,1061873251678.3300,1
SZSE_COMPONENT,sz.399001,2025-10-17,13060.2417,13091.7593,12677.4379,12688.9360,66747347454,1064934758204.8200,1
SZSE_COMPONENT,sz.399001,2025-10-20,12877.6999,12948.3188,12742.8379,12813.2077,58287773562,965101984813.5130,1
SZSE_COMPONENT,sz.399001,2025-10-21,12880.1659,13100.0821,12848.3172,13077.3164,63561369955,1035955935651.3500,1
SZSE_COMPONENT,sz.399001,2025-10-22,12985.9621,13078.6432,12932.0116,12996.6083,59338817782,926331521732.0880,1
SZSE_COMPONENT,sz.399001,2025-10-23,12959.4151,13042.3357,12803.8567,13025.4461,61471385420,924978489984.3980,1
SZSE_COMPONENT,sz.399001,2025-10-24,13091.3369,13289.1841,13091.3369,13289.1841,65254498922,1115717842832.4200,1
SZSE_COMPONENT,sz.399001,2025-10-27,13448.9151,13510.7081,13346.8121,13489.4032,72402253232,1296727492318.5300,1
SZSE_COMPONENT,sz.399001,2025-10-28,13411.6676,13572.9047,13375.3224,13430.1031,68253217591,1207098813660.0100,1
SZSE_COMPONENT,sz.399001,2025-10-29,13484.0129,13691.3829,13475.6476,13691.3829,73070974609,1287814408534.5900,1
SZSE_COMPONENT,sz.399001,2025-10-30,13661.6093,13700.2517,13509.2418,13532.1259,77324917262,1351618220861.1700,1
SZSE_COMPONENT,sz.399001,2025-10-31,13517.1740,13618.1507,13378.2118,13378.2118,74576092904,1286687778035.5800,1
SZSE_COMPONENT,sz.399001,2025-11-03,13364.4188,13404.0636,13158.3065,13404.0636,71688587821,1165427053025.2200,1
SZSE_COMPONENT,sz.399001,2025-11-04,13373.5505,13399.9241,13094.2146,13175.2208,68291968704,1062819658962.3200,1
SZSE_COMPONENT,sz.399001,2025-11-05,12953.8414,13273.2351,12953.8414,13223.5593,70220148922,1045207672200.3200,1
SZSE_COMPONENT,sz.399001,2025-11-06,13272.4663,13468.4012,13272.4663,13452.4168,70896330271,1124972130179.7400,1
SZSE_COMPONENT,sz.399001,2025-11-07,13380.3536,13496.6966,13322.6095,13404.0556,70056774710,1123566510494.0600,1
SZSE_COMPONENT,sz.399001,2025-11-10,13453.3662,13502.1644,13306.6617,13427.6123,75709725385,1213865329688.2300,1
SZSE_COMPONENT,sz.399001,2025-11-11,13476.2453,13493.1673,13271.6749,13289.0050,73358023648,1135223894878.0100,1
SZSE_COMPONENT,sz.399001,2025-11-12,13240.7030,13312.5295,13120.7121,13240.6158,73100266968,1104567011927.0400,1
SZSE_COMPONENT,sz.399001,2025-11-13,13228.5012,13488.6308,13222.7805,13476.5213,74808454232,1165561187893.8700,1
SZSE_COMPONENT,sz.399001,2025-11-14,13323.4513,13394.0632,13216.0314,13216.0314,76941624036,1120109421329.5800,1
SZSE_COMPONENT,sz.399001,2025-11-17,13200.5432,13251.7755,13137.2809,13202.0045,74868770069,1105057953098.8900,1
SZSE_COMPONENT,sz.399001,2025-11-18,13161.7044,13223.1218,13022.4436,13080.4886,78884718270,1135119123817.9500,1
SZSE_COMPONENT,sz.399001,2025-11-19,13071.9397,13164.9669,13009.0088,13080.0860,69523591376,1004999694822.1500,1
SZSE_COMPONENT,sz.399001,2025-11-20,13215.0657,13226.0358,12970.5575,12980.8183,67314768058,996847443319.7930,1
SZSE_COMPONENT,sz.399001,2025-11-21,12752.7224,12812.3750,12538.0710,12538.0710,81157893277,1140729557309.7100,1
SZSE_COMPONENT,sz.399001,2025-11-24,12605.1311,12655.2930,12448.3200,12585.0844,68995329424,1012234281702.6100,1
SZSE_COMPONENT,sz.399001,2025-11-25,12692.0893,12882.8068,12684.2940,12777.3128,69984203079,1089358574521.2900,1
SZSE_COMPONENT,sz.399001,2025-11-26,12769.9270,13012.3282,12749.0194,12907.8335,68673377809,1082326611514.2400,1
SZSE_COMPONENT,sz.399001,2025-11-27,12903.9110,13082.7703,12863.2590,12875.1949,63755837739,1011274506713.7200,1
SZSE_COMPONENT,sz.399001,2025-11-28,12869.6609,13000.0653,12834.0845,12984.0808,61139106892,940040409329.7700,1
SZSE_COMPONENT,sz.399001,2025-12-01,13038.1560,13149.3978,12993.8872,13146.7162,69444076430,1088279479837.3600,1
SZSE_COMPONENT,sz.399001,2025-12-02,13130.0724,13132.8065,13011.1072,13056.7009,64385112607,965989590305.0190,1
SZSE_COMPONENT,sz.399001,2025-12-03,13071.1572,13126.6706,12922.6751,12955.2534,69170604669,1022795744662.8100,1
SZSE_COMPONENT,sz.399001,2025-12-04,12957.8036,13042.9555,12881.5600,13006.7169,63419808420,925247252263.9130,1
SZSE_COMPONENT,sz.399001,2025-12-05,13020.2872,13164.4842,12938.3490,13147.6769,66930306488,1009028858320.1900,1
SZSE_COMPONENT,sz.399001,2025-12-08,13178.9565,13389.6727,13178.9565,13329.9903,72908982535,1197207361360.3100,1
SZSE_COMPONENT,sz.399001,2025-12-09,13295.6220,13398.2486,13227.7749,13277.3627,68804590208,1122792903262.7200,1
SZSE_COMPONENT,sz.399001,2025-12-10,13251.2659,13344.8510,13126.2079,13316.4240,67629097123,1048145055527.8300,1
SZSE_COMPONENT,sz.399001,2025-12-11,13333.2922,13388.2645,13147.3871,13147.3871,70536990697,1092762489870.0800,1
SZSE_COMPONENT,sz.399001,2025-12-12,13174.4472,13284.2718,13085.4242,13258.3281,70099821530,1182255359656.0700,1
SZSE_COMPONENT,sz.399001,2025-12-15,13150.4323,13244.0339,13111.3783,13112.0887,62728573127,1008834668219.4500,1
SZSE_COMPONENT,sz.399001,2025-12-16,13084.8765,13113.9872,12851.2217,12914.6679,66452184425,990879111832.3030,1
SZSE_COMPONENT,sz.399001,2025-12-17,12927.3938,13254.8091,12927.3938,13224.5136,65350169676,1044325059333.4800,1
SZSE_COMPONENT,sz.399001,2025-12-18,13112.6116,13205.2226,13053.9744,13053.9744,59011620686,950587343385.2660,1
SZSE_COMPONENT,sz.399001,2025-12-19,13116.1869,13217.4356,13070.7252,13140.2144,65712741229,987848687138.1420,1
SZSE_COMPONENT,sz.399001,2025-12-22,13225.4013,13349.0815,13225.4013,13332.7313,65354913502,1072183327535.6700,1
SZSE_COMPONENT,sz.399001,2025-12-23,13338.9345,13447.2869,13305.7649,13368.9896,67489465792,1092987268467.4200,1
SZSE_COMPONENT,sz.399001,2025-12-24,13378.4827,13497.0983,13347.7630,13486.4194,64044044005,1106339627476.9800,1
SZSE_COMPONENT,sz.399001,2025-12-25,13472.7044,13563.0565,13407.3730,13531.4107,66079406292,1139504120004.8700,1
SZSE_COMPONENT,sz.399001,2025-12-26,13539.0490,13674.8733,13517.8044,13603.8939,74129290965,1266547060139.6100,1
SZSE_COMPONENT,sz.399001,2025-12-29,13604.2950,13650.7010,13494.9567,13537.0962,71387141313,1235517815463.6500,1
SZSE_COMPONENT,sz.399001,2025-12-30,13466.3044,13645.5560,13465.6741,13604.0673,71851468552,1255086161237.5200,1
SZSE_COMPONENT,sz.399001,2025-12-31,13627.2640,13642.5272,13491.6750,13525.0228,71412848946,1215723077233.9500,1
SZSE_COMPONENT,sz.399001,2026-01-05,13633.6340,13828.9672,13633.6340,13828.6296,83096482716,1479013094043.2000,1
SZSE_COMPONENT,sz.399001,2026-01-06,13830.3028,14024.1192,13827.7928,14022.5520,93235034966,1630806367135.7600,1
SZSE_COMPONENT,sz.399001,2026-01-07,14062.0201,14111.1751,13935.5281,14030.5582,91411699077,1656796799732.8900,1
SZSE_COMPONENT,sz.399001,2026-01-08,13971.8920,14033.5937,13883.8078,13959.4825,92100099441,1617195870885.2200,1
SZSE_COMPONENT,sz.399001,2026-01-09,13917.7821,14139.5363,13917.7821,14120.1512,101396821226,1833561233662.3600,1
SZSE_COMPONENT,sz.399001,2026-01-12,14186.8635,14391.2804,14089.5929,14366.9078,115306357195,2155220030407.9900,1
SZSE_COMPONENT,sz.399001,2026-01-13,14397.6849,14458.8846,14113.1735,14169.3975,119552984155,2169490551255.9800,1
SZSE_COMPONENT,sz.399001,2026-01-14,14194.1123,14459.2140,14099.9819,14248.5982,131262522346,2334442999936.8200,1
SZSE_COMPONENT,sz.399001,2026-01-15,14158.6624,14328.5958,14155.4978,14306.7251,97187956430,1729648263302.9300,1
SZSE_COMPONENT,sz.399001,2026-01-16,14374.5351,14424.3506,14257.5895,14281.0801,90740183177,1688305163172.6300,1
SZSE_COMPONENT,sz.399001,2026-01-19,14221.9257,14392.8752,14221.9257,14294.0526,83264160421,1518289593889.7200,1
SZSE_COMPONENT,sz.399001,2026-01-20,14307.5519,14337.1246,14033.2235,14155.6283,88265278212,1556312998239.2200,1
SZSE_COMPONENT,sz.399001,2026-01-21,14102.2116,14320.9354,14102.2116,14255.1250,79396304271,1420516887653.2600,1
SZSE_COMPONENT,sz.399001,2026-01-22,14313.6345,14374.5106,14223.3440,14327.0451,82251430016,1489968420060.8200,1
SZSE_COMPONENT,sz.399001,2026-01-23,14349.0114,14449.8402,14320.5143,14439.6584,98269910191,1748367006031.1300,1
SZSE_COMPONENT,sz.399001,2026-01-26,14492.4249,14532.8964,14277.6704,14316.6368,102322809048,1796342758750.1000,1
SZSE_COMPONENT,sz.399001,2026-01-27,14283.7775,14403.5954,14105.1256,14329.9060,90968627621,1605549118485.1900,1
SZSE_COMPONENT,sz.399001,2026-01-28,14371.9551,14411.6511,14234.8859,14342.8941,88302545987,1599884232499.9800,1
SZSE_COMPONENT,sz.399001,2026-01-29,14332.7027,14418.0886,14252.1971,14300.0760,99391556398,1744212991723.3000,1
SZSE_COMPONENT,sz.399001,2026-01-30,14214.1408,14291.5740,13923.9548,14205.8925,90232292535,1565681993055.5300,1
SZSE_COMPONENT,sz.399001,2026-02-02,14128.8678,14213.6125,13815.2819,13824.3512,81114236364,1421232461623.2400,1
SZSE_COMPONENT,sz.399001,2026-02-03,13986.8946,14129.5971,13815.2286,14127.1059,78291093443,1433511297107.3700,1
SZSE_COMPONENT,sz.399001,2026-02-04,14072.4100,14173.7652,13958.0801,14156.2738,81523878047,1417426397866.2100,1
SZSE_COMPONENT,sz.399001,2026-02-05,14020.8394,14074.3569,13874.0175,13952.7119,72622538063,1229230628001.2100,1
SZSE_COMPONENT,sz.399001,2026-02-06,13801.0314,14065.7768,13726.8594,13906.7345,73034954834,1247064306607.4500,1
SZSE_COMPONENT,sz.399001,2026-02-09,14115.1407,14211.7039,14060.6674,14208.4359,72636960194,1299746937980.2400,1
SZSE_COMPONENT,sz.399001,2026-02-10,14200.7561,14258.5145,14165.4290,14210.6261,73300288412,1223333554475.6600,1
SZSE_COMPONENT,sz.399001,2026-02-11,14186.6537,14250.3368,14156.1636,14160.9336,68193320105,1161644815719.2400,1
SZSE_COMPONENT,sz.399001,2026-02-12,14177.9670,14296.4803,14177.2868,14282.9983,69625970218,1243783316666.4000,1
SZSE_COMPONENT,sz.399001,2026-02-13,14188.3464,14258.8259,14092.8401,14100.1897,64063961614,1135871601132.4000,1
SZSE_COMPONENT,sz.399001,2026-02-24,14313.8625,14376.9570,14214.4146,14291.5657,71242598997,1263450465546.5000,1
SZSE_COMPONENT,sz.399001,2026-02-25,14322.2424,14512.8450,14314.1528,14475.8653,79368851138,1376578234842.2000,1
SZSE_COMPONENT,sz.399001,2026-02-26,14495.8580,14536.0760,14408.8754,14503.7865,79313407541,1471247125484.8800,1
SZSE_COMPONENT,sz.399001,2026-02-27,14375.2502,14497.9569,14366.3499,14495.0923,78110959637,1415655679930.4100,1
SZSE_COMPONENT,sz.399001,2026-03-02,14327.6501,14509.6898,14285.6668,14465.7884,93379464716,1674826283498.0300,1
SZSE_COMPONENT,sz.399001,2026-03-03,14498.6981,14526.0564,14007.6484,14022.3914,97065894465,1703720230871.1000,1
SZSE_COMPONENT,sz.399001,2026-03-04,13854.3743,14112.0206,13854.3743,13917.7520,74046401893,1252671984626.7500,1
SZSE_COMPONENT,sz.399001,2026-03-05,14160.1984,14202.7615,13999.7021,14088.8384,75896647743,1321994081961.9200,1
SZSE_COMPONENT,sz.399001,2026-03-06,14015.5432,14212.8434,13969.3410,14172.6271,72927891335,1221343285178.1700,1
SZSE_COMPONENT,sz.399001,2026-03-09,13920.2864,14103.6306,13701.6701,14067.5025,83734565606,1453438641341.6500,1
SZSE_COMPONENT,sz.399001,2026-03-10,14239.3010,14357.8183,14239.3010,14354.0736,73622290201,1361460406127.0300,1
SZSE_COMPONENT,sz.399001,2026-03-11,14373.7396,14531.0232,14373.0104,14465.4098,77097377661,1444776810521.0500,1
SZSE_COMPONENT,sz.399001,2026-03-12,14457.6314,14478.0462,14245.7694,14374.8711,76880514232,1363682636762.2600,1
SZSE_COMPONENT,sz.399001,2026-03-13,14300.9245,14454.3066,14245.9586,14280.7798,77422569126,1336399029933.9900,1
SZSE_COMPONENT,sz.399001,2026-03-16,14291.1492,14320.0955,14097.8154,14307.5773,75301618572,1288107044427.0800,1
SZSE_COMPONENT,sz.399001,2026-03-17,14370.4462,14400.3551,14039.5015,14039.7303,75319703764,1256632860398.8700,1
SZSE_COMPONENT,sz.399001,2026-03-18,14108.9214,14203.9146,13944.3709,14187.7963,66605559837,1169736139365.6900,1
SZSE_COMPONENT,sz.399001,2026-03-19,14003.6982,14098.6916,13852.5958,13901.5678,67934101768,1175704077687.7500,1
SZSE_COMPONENT,sz.399001,2026-03-20,14021.4557,14144.9896,13856.4876,13866.2022,73413205132,1321995589658.7200,1
SZSE_COMPONENT,sz.399001,2026-03-23,13619.9444,13758.9743,13274.1767,13345.5138,85235315182,1345299021022.0400,1
SZSE_COMPONENT,sz.399001,2026-03-24,13514.6696,13536.5556,13169.2513,13536.5556,73146436060,1151449425913.5300,1
SZSE_COMPONENT,sz.399001,2026-03-25,13669.0523,13835.0310,13666.8420,13801.0008,72343370335,1211975415470.1600,1
SZSE_COMPONENT,sz.399001,2026-03-26,13756.8700,13853.0962,13573.1205,13606.4432,66700490695,1095254633989.6100,1
SZSE_COMPONENT,sz.399001,2026-03-27,13423.5125,13842.3970,13419.3108,13760.3690,63056898544,1053577032454.1800,1
SZSE_COMPONENT,sz.399001,2026-03-30,13618.7935,13748.2073,13536.5611,13726.1905,65341302975,1076071343508.9900,1
SZSE_COMPONENT,sz.399001,2026-03-31,13683.6809,13783.9673,13478.0554,13478.0554,66449077059,1100705943239.1800,1
SZSE_COMPONENT,sz.399001,2026-04-01,13731.3871,13740.9745,13603.7852,13706.5199,65576338174,1115237775682.9800,1
SZSE_COMPONENT,sz.399001,2026-04-02,13658.2548,13680.6305,13418.4985,13486.9362,63603870965,1031097369725.0900,1
SZSE_COMPONENT,sz.399001,2026-04-03,13553.6533,13558.9095,13345.6104,13352.9043,58657222696,942677102178.6400,1
SZSE_COMPONENT,sz.399001,2026-04-07,13392.9421,13476.0788,13305.5071,13400.4120,54063059724,890489003616.8830,1
SZSE_COMPONENT,sz.399001,2026-04-08,13717.2209,14042.4964,13694.9102,14042.4964,74832701016,1360312858088.4100,1
SZSE_COMPONENT,sz.399001,2026-04-09,13928.4277,14058.0524,13891.4783,13996.2652,65302638927,1231594304739.5900,1
SZSE_COMPONENT,sz.399001,2026-04-10,14098.0161,14382.6103,14095.8821,14309.4718,66872616908,1367204589024.9500,1
SZSE_COMPONENT,sz.399001,2026-04-13,14233.1117,14440.2644,14233.1117,14407.8639,62363657713,1230931861395.2300,1
SZSE_COMPONENT,sz.399001,2026-04-14,14514.6879,14640.7688,14463.9300,14639.9522,68337696364,1385288551843.7700,1
SZSE_COMPONENT,sz.399001,2026-04-15,14736.0090,14738.5332,14440.2092,14498.4546,69736958380,1386392925686.4600,1
SZSE_COMPONENT,sz.399001,2026-04-16,14546.3529,14807.1617,14522.8604,14796.3345,68645601755,1365124844216.4600,1
SZSE_COMPONENT,sz.399001,2026-04-17,14806.2803,14916.3921,14787.8697,14885.4159,69591449897,1412063032872.2700,1
SZSE_COMPONENT,sz.399001,2026-04-20,14870.8999,15006.9171,14845.9701,14966.7468,72333208620,1494192077988.4400,1
SZSE_COMPONENT,sz.399001,2026-04-21,14920.3838,15017.7505,14774.0764,14982.1397,70115003848,1375194588677.8400,1
SZSE_COMPONENT,sz.399001,2026-04-22,14897.9633,15182.8216,14897.9633,15177.2862,69895559303,1466159216543.4900,1
SZSE_COMPONENT,sz.399001,2026-04-23,15234.2164,15248.4311,14934.6762,15043.4494,76102281752,1570096212348.6200,1
SZSE_COMPONENT,sz.399001,2026-04-24,14951.7408,15033.6710,14795.2208,14940.3003,70972943878,1498859076721.2800,1
SZSE_COMPONENT,sz.399001,2026-04-27,14960.0240,15054.4595,14919.2160,14995.7483,70993000124,1453399425007.8400,1
SZSE_COMPONENT,sz.399001,2026-04-28,14925.2171,14943.3550,14772.4644,14830.4552,72372754716,1422352274452.6500,1
SZSE_COMPONENT,sz.399001,2026-04-29,14751.4182,15139.7114,14751.4182,15120.9227,73638039843,1463521736269.4000,1
SZSE_COMPONENT,sz.399001,2026-04-30,15157.0678,15186.1200,15044.8554,15107.5532,73770374281,1464716733139.2000,1
SZSE_COMPONENT,sz.399001,2026-05-06,15323.1925,15534.6661,15254.9875,15459.6166,82624867664,1760931025004.1400,1
SZSE_COMPONENT,sz.399001,2026-05-07,15541.2962,15652.5820,15439.4844,15641.8855,84448988422,1784856104494.8500,1
SZSE_COMPONENT,sz.399001,2026-05-08,15520.3808,15639.3878,15466.8377,15563.7971,82621847976,1716868864518.0100,1
SZSE_COMPONENT,sz.399001,2026-05-11,15697.4401,15921.6522,15622.3320,15899.3020,91163485896,1954494738006.0200,1
SZSE_COMPONENT,sz.399001,2026-05-12,15952.7913,15952.7913,15711.2706,15824.9211,84781714944,1777383753936.1400,1
SZSE_COMPONENT,sz.399001,2026-05-13,15713.5418,16100.4560,15713.5418,16089.7491,82734142943,1792550090893.2600,1
SZSE_COMPONENT,sz.399001,2026-05-14,16202.2151,16207.7519,15745.7360,15745.7360,87352549161,1864136878632.0900,1
SZSE_COMPONENT,sz.399001,2026-05-15,15753.1920,15855.5536,15447.4004,15561.3720,84969563145,1825236172778.6800,1
SZSE_COMPONENT,sz.399001,2026-05-18,15465.3016,15658.1113,15419.0380,15530.2295,73830560388,1578895897760.3500,1
SZSE_COMPONENT,sz.399001,2026-05-19,15469.3597,15585.0358,15221.3497,15569.9072,73121652942,1580035927630.1900,1
SZSE_COMPONENT,sz.399001,2026-05-20,15487.4267,15622.2137,15426.3775,15569.9790,72621795842,1594787543004.1300,1
SZSE_COMPONENT,sz.399001,2026-05-21,15707.9553,15894.3033,15232.5963,15247.2702,87898417393,1885877969351.1200,1
SZSE_COMPONENT,sz.399001,2026-05-22,15382.2934,15624.9708,15295.5662,15597.2969,76306727815,1617472538531.9500,1
SZSE_COMPONENT,sz.399001,2026-05-25,15716.3889,15857.0813,15547.1590,15856.6102,78122587305,1760074861165.4000,1
SZSE_COMPONENT,sz.399001,2026-05-26,15786.8178,15894.5462,15662.1602,15876.1628,82327353235,1782006716930.7500,1
SZSE_COMPONENT,sz.399001,2026-05-27,15868.9020,16047.4067,15656.6511,15736.4688,81587116281,1765113240574.7000,1
SZSE_COMPONENT,sz.399001,2026-05-28,15691.1621,15889.8319,15504.7867,15861.8910,74784943212,1606824859646.2300,1
SZSE_COMPONENT,sz.399001,2026-05-29,15957.1152,15981.9300,15492.8435,15575.1338,84887972757,1786964795181.3900,1
SZSE_COMPONENT,sz.399001,2026-06-01,15601.0300,15717.4546,15316.0221,15340.3562,76039303257,1557686047539.3900,1
SZSE_COMPONENT,sz.399001,2026-06-02,15410.7046,15664.3878,15203.7967,15591.1282,73735030673,1512025925726.1200,1
SZSE_COMPONENT,sz.399001,2026-06-03,15646.6850,15962.3649,15542.6561,15704.7108,79273787656,1700522735410.9600,1
SZSE_COMPONENT,sz.399001,2026-06-04,15540.0634,15745.1873,15517.9350,15661.5740,71893942096,1483016698135.2000,1
SZSE_COMPONENT,sz.399001,2026-06-05,15595.6953,15710.1435,15243.5062,15314.7002,81825118558,1705304054213.0900,1
SZSE_COMPONENT,sz.399001,2026-06-08,14835.3692,15137.7523,14681.6420,14821.1861,78864086260,1525460875121.3000,1
SZSE_COMPONENT,sz.399001,2026-06-09,14992.5473,15274.7164,14846.5535,15268.7147,71805067868,1467207129010.3900,1
SZSE_COMPONENT,sz.399001,2026-06-10,15062.5077,15149.3693,14817.1113,14954.1008,71046232927,1392172809791.9000,1
SZSE_COMPONENT,sz.399001,2026-06-11,14889.5674,15062.7476,14706.0861,14851.9751,66981768618,1366466938778.4500,1
SZSE_COMPONENT,sz.399001,2026-06-12,15149.5195,15171.2236,14943.4331,14963.4073,79233642260,1677548225901.9300,1
SZSE_COMPONENT,sz.399001,2026-06-15,15153.1824,15531.1095,15055.9492,15531.1095,75705468300,1627612447173.2400,1
SZSE_COMPONENT,sz.399001,2026-06-16,15584.3702,15761.0035,15537.5027,15675.2457,75482880215,1695082857789.1300,1
SZSE_COMPONENT,sz.399001,2026-06-17,15569.9231,15885.4916,15569.9231,15880.9507,74591623185,1688618264452.5800,1
SZSE_COMPONENT,sz.399001,2026-06-18,15826.7944,16104.7674,15825.3165,16030.7024,76497691968,1749632939767.8000,1
SZSE_COMPONENT,sz.399001,2026-06-22,16095.6286,16374.0199,15914.0516,16372.4987,87676861626,2033198469703.6800,1
SZSE_COMPONENT,sz.399001,2026-06-23,16324.2424,16355.9517,15756.4110,15854.1963,80854930628,1846221650011.4300,1
SZSE_COMPONENT,sz.399001,2026-06-24,15782.3995,16068.4067,15730.1633,16051.3193,79075805217,1770135015355.8300,1
SZSE_COMPONENT,sz.399001,2026-06-25,16099.7627,16359.6203,16058.8501,16344.0829,83096176948,1975291467590.7600,1
SZSE_COMPONENT,sz.399001,2026-06-26,16211.4062,16215.4486,15728.8391,15782.2229,83703465530,1931214758275.2700,1
SZSE_COMPONENT,sz.399001,2026-06-29,15781.7861,15938.2318,15487.9244,15812.8707,80845785887,1851533399374.0300,1
SZSE_COMPONENT,sz.399001,2026-06-30,15811.6684,16232.2326,15809.6510,16205.5565,74514983807,1743431710302.1700,1
SZSE_COMPONENT,sz.399001,2026-07-01,16226.9742,16332.4801,15988.4171,16119.1683,87361486656,1961516088178.5200,1
SZSE_COMPONENT,sz.399001,2026-07-02,15729.9232,15886.6985,15453.5201,15498.8101,85726975960,1873367630200.8700,1
SZSE_COMPONENT,sz.399001,2026-07-03,15480.1174,15823.0538,15432.8927,15597.5116,78589502864,1716890416165.1600,1
SZSE_COMPONENT,sz.399001,2026-07-06,15677.9330,15749.3560,15288.4931,15416.8040,76814231910,1659011641303.4600,1
SZSE_COMPONENT,sz.399001,2026-07-07,15345.3930,15461.3666,15081.9231,15225.1136,67847645440,1384786224621.8300,1
SZSE_COMPONENT,sz.399001,2026-07-08,15269.8211,15292.1224,14907.6245,14939.7268,65479039089,1371167332745.7200,1
SZSE_COMPONENT,sz.399001,2026-07-09,15038.4698,15419.1162,14781.2431,15398.7281,71654115800,1549552442447.8300,1
SZSE_COMPONENT,sz.399001,2026-07-10,15480.4066,15581.9435,15046.6695,15046.6695,82881117399,1825441561910.0400,1
SZSE_COMPONENT,sz.399001,2026-07-13,14908.9846,14997.0721,14437.0714,14522.8547,73384479750,1482889150433.4300,1
SZSE_COMPONENT,sz.399001,2026-07-14,14532.3647,14924.8678,14338.3570,14924.8678,67484059166,1432171609319.2600,1
SZSE_COMPONENT,sz.399001,2026-07-15,14970.7702,15041.3297,14741.8006,14779.3965,68898409635,1344855609775.9500,1
SZSE_COMPONENT,sz.399001,2026-07-16,14497.4290,14780.4599,14386.4140,14488.6541,66596845305,1279356962406.6100,1
SZSE_COMPONENT,sz.399001,2026-07-17,14348.2151,14350.4678,13586.4888,13706.8841,76377039459,1408513306057.3700,1
SZSE_COMPONENT,sz.399001,2026-07-20,13869.0557,13972.9922,13342.9329,13610.2315,77287836819,1407475248646.1400,1
SZSE_COMPONENT,sz.399001,2026-07-21,13656.0848,14264.7966,13364.4077,14264.2915,83591133533,1560575057534.1500,1
SZSE_COMPONENT,sz.399001,2026-07-22,14169.9711,14360.3658,13988.5055,14061.4353,68136633435,1395196955422.2900,1
SZSE_COMPONENT,sz.399001,2026-07-23,14116.0210,14203.6352,13991.8303,14123.3070,62557872433,1169425765213.5000,1
SZSE_COMPONENT,sz.399001,2026-07-24,13915.0375,14061.0272,13774.6755,13774.6755,56871089342,1015773624020.7100,1
SZSE_COMPONENT,sz.399001,2026-07-27,13768.6030,14148.7307,13689.0143,14148.7307,57136092946,1045308334718.6900,1
SZSE_COMPONENT,sz.399001,2026-07-28,13830.3499,13940.9919,13470.1139,13509.6787,57357992952,1076097521112.2300,1
SZSE_COMPONENT,sz.399001,2026-07-29,13498.7528,13756.7102,13267.6402,13658.4438,67505673105,1209171341838.7700,1
SZSE_COMPONENT,sz.399001,2026-07-30,13531.0698,13619.0323,13068.5575,13285.8006,68698474992,1236331989082.3400,1
SZSE_COMPONENT,sz.399001,2026-07-31,13689.9950,13841.9568,13578.9301,13578.9301,71939594436,1354266631403.1500,1
SZSE_COMPONENT,sz.399001,2026-08-03,13497.1043,13570.5113,13407.9897,13448.2888,61882869562,1045128965551.3700,1
SZSE_COMPONENT,sz.399001,2026-08-04,13572.9509,13936.5173,13537.7632,13885.7113,66483657699,1205209291730.2500,1
SZSE_COMPONENT,sz.399001,2026-08-05,13644.8347,14246.3833,13644.8347,14144.2045,73240919663,1450911483782.8300,1
SZSE_COMPONENT,sz.399001,2026-08-06,13981.4431,14252.1394,13922.4057,14110.1208,71617197901,1361962798437.2400,1
SZSE_COMPONENT,sz.399001,2026-08-07,14152.7826,14396.0749,14049.3419,14311.0078,71970376017,1454876177586.0600,1
SZSE_COMPONENT,sz.399001,2026-08-10,14348.9506,14373.7724,14102.6559,14316.9612,68753382679,1356209535367.7300,1
SZSE_COMPONENT,sz.399001,2026-08-11,14266.4421,14447.0978,14201.2932,14259.4404,64301199248,1254248825404.6800,1
SZSE_COMPONENT,sz.399001,2026-08-12,14253.1194,14467.0033,14237.1957,14414.4267,62539586478,1166300715998.2500,1
SZSE_COMPONENT,sz.399001,2026-08-13,14536.4792,14584.2998,14289.0104,14289.4424,73811017618,1386713670829.0400,1
SZSE_COMPONENT,sz.399001,2026-08-14,14335.4096,14384.1781,14203.9949,14354.3052,64255731904,1152471301164.9700,1
SZSE_COMPONENT,sz.399001,2026-08-17,14399.1983,14704.5508,14348.4674,14704.2749,64186487329,1274638569156.2300,1
SZSE_COMPONENT,sz.399001,2026-08-18,14692.0295,14733.9041,14459.7184,14622.4951,67461602318,1265587019543.0400,1
SZSE_COMPONENT,sz.399001,2026-08-19,14316.9799,14367.3724,13842.3198,13890.1523,69687324292,1292934547196.7100,1
SZSE_COMPONENT,sz.399001,2026-08-20,14032.9668,14101.1402,13870.1765,13972.7807,59657023622,1060794886874.8600,1
SZSE_COMPONENT,sz.399001,2026-08-21,13935.6374,14132.0408,13866.3937,14094.1681,54395391449,995840925246.2990,1
SZSE_COMPONENT,sz.399001,2026-08-24,14118.0201,14118.1456,13616.7519,13794.2886,56353245658,1055417134838.0300,1
SZSE_COMPONENT,sz.399001,2026-08-25,13683.9056,13848.4043,13568.5071,13745.8690,57977958247,972970230987.2120,1
SZSE_COMPONENT,sz.399001,2026-08-26,13761.3579,13948.6866,13714.0540,13841.3268,57760736028,951499754726.5290,1
SZSE_COMPONENT,sz.399001,2026-08-27,13876.7946,14049.9881,13808.6152,14048.8758,61404728845,1115700225234.2200,1
SZSE_COMPONENT,sz.399001,2026-08-28,14019.2769,14148.6840,13949.6177,13953.0656,63034607975,1131349872245.8000,1
SZSE_COMPONENT,sz.399001,2026-08-31,13764.4099,14014.9971,13740.7363,14014.9971,65882492911,1116737592443.6300,1
SZSE_COMPONENT,sz.399001,2026-09-01,14017.4177,14018.5058,13845.5549,13872.3772,68471433103,1089095260912.6800,1
SZSE_COMPONENT,sz.399001,2026-09-02,13732.1761,13732.1761,13549.7694,13611.5472,61150128273,955810738696.0250,1
SZSE_COMPONENT,sz.399001,2026-09-03,13711.0705,13742.8859,13531.5303,13625.1217,58537820111,939033973419.6880,1
SZSE_COMPONENT,sz.399001,2026-09-04,13725.6503,13798.3581,13448.7926,13516.9688,67847537179,1092412648913.2500,1
SZSE_COMPONENT,sz.399001,2026-09-07,13605.0219,13811.2575,13590.8240,13774.9146,58762570602,1048114878843.4300,1
SZSE_COMPONENT,sz.399001,2026-09-08,13782.8613,13843.9226,13655.8354,13703.2081,64427550432,1044768430082.3900,1
SZSE_COMPONENT,sz.399001,2026-09-09,13788.9426,13788.9426,13625.1192,13723.3220,60314376278,981871743156.8800,1
SZSE_COMPONENT,sz.399001,2026-09-10,13641.1802,13713.8749,13585.5977,13617.6698,55902342543,867475137215.2040,1
SZSE_COMPONENT,sz.399001,2026-09-11,13483.6283,13522.3023,13263.3457,13471.2565,63608892475,1013712150759.7500,1
SZSE_COMPONENT,sz.399001,2026-09-14,13333.0690,13502.2512,13288.8325,13384.5683,50896961394,849894305507.7360,1
SZSE_COMPONENT,sz.399001,2026-09-15,13362.1744,13484.0014,13273.3135,13287.9737,53071450538,848733889794.7170,1
SZSE_COMPONENT,sz.399001,2026-09-16,13276.8531,13482.9834,13185.8273,13454.7433,53089679783,967980526765.4330,1
SZSE_COMPONENT,sz.399001,2026-09-17,13409.8830,13553.5945,13374.0403,13409.9079,55825688031,954361203597.0900,1
SZSE_COMPONENT,sz.399001,2026-09-18,13563.7383,13689.3603,13470.7657,13640.8728,59715206355,1082930845525.1600,1
SZSE_COMPONENT,sz.399001,2026-09-21,13716.2225,13778.9978,13643.9499,13730.0202,63170807053,1084694363403.1900,1
SZSE_COMPONENT,sz.399001,2026-09-22,13858.6206,13914.2060,13691.0851,13723.7354,64579497380,1127554799048.8200,1
SZSE_COMPONENT,sz.399001,2026-09-23,13742.5464,13742.5464,13617.0477,13636.0742,58523891939,930843553664.3180,1
SZSE_COMPONENT,sz.399001,2026-09-24,13575.0702,13577.8578,13316.9689,13316.9689,52625266497,869744360964.3090,1
SZSE_COMPONENT,sz.399001,2026-09-28,13265.7863,13267.6506,12801.2023,12858.7532,54017426672,898255357218.2830,1
SZSE_COMPONENT,sz.399001,2026-09-29,12839.6115,12955.2537,12831.8729,12901.9474,48269806213,747493244834.2270,1
