trade_date,open,high,low,close,pre_close,volume_shares,amount_yuan,trade_status,source
2010-01-04,3592.4680,3597.7480,3535.2290,3535.2290,3575.6840,6610108000,93419838921.0000,1,BaoStock:query_history_k_data_plus:sh.000300:adjustflag=3
2010-01-05,3545.1860,3577.5260,3497.6610,3564.0380,3535.2290,8580964100,128302442618.0000,1,BaoStock:query_history_k_data_plus:sh.000300:adjustflag=3
2010-01-06,3558.7000,3588.8320,3541.1730,3541.7270,3564.0380,7847312500,121045989916.0000,1,BaoStock:query_history_k_data_plus:sh.000300:adjustflag=3
2010-01-07,3543.1600,3558.5560,3452.7690,3471.4560,3541.7270,8035003700,120436166283.0000,1,BaoStock:query_history_k_data_plus:sh.000300:adjustflag=3
2010-01-08,3456.9080,3482.0830,3426.6980,3480.1300,3471.4560,6079025300,90190959969.0000,1,BaoStock:query_history_k_data_plus:sh.000300:adjustflag=3
2010-01-11,3593.1060,3594.5280,3465.3170,3482.0520,3480.1300,8998017200,134114001104.0000,1,BaoStock:query_history_k_data_plus:sh.000300:adjustflag=3
2010-01-12,3477.8420,3535.4070,3437.6610,3534.9160,3482.0520,9374327800,134071416354.0000,1,BaoStock:query_history_k_data_plus:sh.000300:adjustflag=3
2010-01-13,3448.2910,3490.1120,3415.6930,3421.1440,3534.9160,11245790100,159860384574.0000,1,BaoStock:query_history_k_data_plus:sh.000300:adjustflag=3
2010-01-14,3433.4720,3470.3230,3411.8120,3469.0510,3421.1440,8335325200,118107870086.0000,1,BaoStock:query_history_k_data_plus:sh.000300:adjustflag=3
2010-01-15,3472.5240,3500.0720,3448.6610,3482.7380,3469.0510,7254310200,104035175785.0000,1,BaoStock:query_history_k_data_plus:sh.000300:adjustflag=3
2010-01-18,3471.7770,3501.2600,3458.0420,3500.6840,3482.7380,8285430700,117884258544.0000,1,BaoStock:query_history_k_data_plus:sh.000300:adjustflag=3
2010-01-19,3506.8060,3528.3900,3497.0940,3507.4820,3500.6840,7488323200,108023525533.0000,1,BaoStock:query_history_k_data_plus:sh.000300:adjustflag=3
2010-01-20,3512.2460,3515.4490,3387.8180,3394.4340,3507.4820,9249514600,128416164613.0000,1,BaoStock:query_history_k_data_plus:sh.000300:adjustflag=3
2010-01-21,3397.0430,3425.1800,3364.7230,3408.5740,3394.4340,7059506800,100076607006.0000,1,BaoStock:query_history_k_data_plus:sh.000300:adjustflag=3
2010-01-22,3364.4520,3390.7960,3293.1940,3366.1970,3408.5740,8893340400,119197815814.0000,1,BaoStock:query_history_k_data_plus:sh.000300:adjustflag=3
2010-01-25,3340.0130,3372.4260,3326.2660,3328.0140,3366.1970,5684917100,76626626843.0000,1,BaoStock:query_history_k_data_plus:sh.000300:adjustflag=3
2010-01-26,3328.1130,3341.1980,3222.1400,3242.7970,3328.0140,6175223100,81586059213.0000,1,BaoStock:query_history_k_data_plus:sh.000300:adjustflag=3
2010-01-27,3243.0380,3255.1160,3183.3650,3198.5660,3242.7970,5269139400,70540273182.0000,1,BaoStock:query_history_k_data_plus:sh.000300:adjustflag=3
2010-01-28,3195.2890,3220.3060,3168.4630,3206.5700,3198.5660,4699071600,64082115658.0000,1,BaoStock:query_history_k_data_plus:sh.000300:adjustflag=3
2010-01-29,3190.3150,3249.4550,3176.9160,3204.1550,3206.5700,5026261300,68018118702.0000,1,BaoStock:query_history_k_data_plus:sh.000300:adjustflag=3
2010-02-01,3198.2300,3198.3110,3116.4390,3152.7070,3204.1550,5700138000,75982150475.0000,1,BaoStock:query_history_k_data_plus:sh.000300:adjustflag=3
2010-02-02,3170.7780,3211.9410,3143.0850,3146.1890,3152.7070,5013003300,68318412373.0000,1,BaoStock:query_history_k_data_plus:sh.000300:adjustflag=3
2010-02-03,3160.7120,3231.1020,3094.5680,3230.7150,3146.1890,6479889400,87536249983.0000,1,BaoStock:query_history_k_data_plus:sh.000300:adjustflag=3
2010-02-04,3206.4310,3242.5190,3190.4370,3218.8020,3230.7150,5897272600,75466552963.0000,1,BaoStock:query_history_k_data_plus:sh.000300:adjustflag=3
2010-02-05,3147.7210,3177.4200,3129.9210,3153.0870,3218.8020,5910584500,73693132366.0000,1,BaoStock:query_history_k_data_plus:sh.000300:adjustflag=3
2010-02-08,3152.2530,3172.3060,3133.8080,3150.9880,3153.0870,3735595100,47902429250.0000,1,BaoStock:query_history_k_data_plus:sh.000300:adjustflag=3
2010-02-09,3147.7610,3178.9470,3144.4780,3169.1900,3150.9880,3595315800,45222660374.0000,1,BaoStock:query_history_k_data_plus:sh.000300:adjustflag=3
2010-02-10,3195.1420,3214.4560,3182.8340,3214.1300,3169.1900,3421989400,48152144637.0000,1,BaoStock:query_history_k_data_plus:sh.000300:adjustflag=3
2010-02-11,3216.6880,3238.3490,3207.1650,3220.3980,3214.1300,3579105200,46999712971.0000,1,BaoStock:query_history_k_data_plus:sh.000300:adjustflag=3
2010-02-12,3232.8790,3253.1960,3228.7380,3251.2780,3220.3980,3405823800,46703220577.0000,1,BaoStock:query_history_k_data_plus:sh.000300:adjustflag=3
2010-02-22,3248.9470,3261.9490,3232.7840,3233.3450,3251.2780,3828377200,49981333658.0000,1,BaoStock:query_history_k_data_plus:sh.000300:adjustflag=3
2010-02-23,3225.3930,3225.3930,3152.9340,3198.6340,3233.3450,4274289800,62386076936.0000,1,BaoStock:query_history_k_data_plus:sh.000300:adjustflag=3
2010-02-24,3177.0820,3244.8160,3165.1330,3244.4830,3198.6340,4998943700,64414097361.0000,1,BaoStock:query_history_k_data_plus:sh.000300:adjustflag=3
2010-02-25,3252.1530,3294.1440,3249.3290,3292.1280,3244.4830,6758661700,89485801632.0000,1,BaoStock:query_history_k_data_plus:sh.000300:adjustflag=3
2010-02-26,3286.0950,3301.1490,3273.6930,3281.6660,3292.1280,5210728800,70171666128.0000,1,BaoStock:query_history_k_data_plus:sh.000300:adjustflag=3
2010-03-01,3290.0070,3330.3780,3287.5560,3324.4230,3281.6660,6050452000,81205689009.0000,1,BaoStock:query_history_k_data_plus:sh.000300:adjustflag=3
2010-03-02,3327.1030,3339.8940,3299.6850,3311.2360,3324.4230,5703437400,76233992315.0000,1,BaoStock:query_history_k_data_plus:sh.000300:adjustflag=3
2010-03-03,3313.0230,3335.6540,3293.9160,3335.0810,3311.2360,6062273200,78442132954.0000,1,BaoStock:query_history_k_data_plus:sh.000300:adjustflag=3
2010-03-04,3338.6740,3345.9090,3244.9780,3250.5730,3335.0810,6934681000,89462913752.0000,1,BaoStock:query_history_k_data_plus:sh.000300:adjustflag=3
2010-03-05,3253.1640,3276.4030,3239.6770,3259.7640,3250.5730,4562913800,59621178434.0000,1,BaoStock:query_history_k_data_plus:sh.000300:adjustflag=3
2010-03-08,3268.3970,3293.9300,3258.0340,3286.1780,3259.7640,4154087600,54686555117.0000,1,BaoStock:query_history_k_data_plus:sh.000300:adjustflag=3
2010-03-09,3285.6200,3322.5060,3255.9820,3305.8630,3286.1780,5419948600,71971297725.0000,1,BaoStock:query_history_k_data_plus:sh.000300:adjustflag=3
2010-03-10,3304.0360,3321.0810,3267.7610,3279.6940,3305.8630,4642107900,61760429281.0000,1,BaoStock:query_history_k_data_plus:sh.000300:adjustflag=3
2010-03-11,3282.1990,3303.4880,3251.7040,3276.7050,3279.6940,4748775400,63732658851.0000,1,BaoStock:query_history_k_data_plus:sh.000300:adjustflag=3
2010-03-12,3277.3090,3284.2630,3232.1170,3233.1260,3276.7050,3995734400,52611210820.0000,1,BaoStock:query_history_k_data_plus:sh.000300:adjustflag=3
2010-03-15,3231.2160,3234.8210,3171.8030,3183.1830,3233.1260,3784430400,49219898122.0000,1,BaoStock:query_history_k_data_plus:sh.000300:adjustflag=3
2010-03-16,3183.7750,3204.2890,3169.0980,3203.9710,3183.1830,3084778000,41510426396.0000,1,BaoStock:query_history_k_data_plus:sh.000300:adjustflag=3
2010-03-17,3214.2160,3273.9980,3207.2710,3273.9160,3203.9710,4580093400,62587395428.0000,1,BaoStock:query_history_k_data_plus:sh.000300:adjustflag=3
2010-03-18,3277.8830,3295.3680,3256.5930,3267.5550,3273.9160,4694801300,62509130228.0000,1,BaoStock:query_history_k_data_plus:sh.000300:adjustflag=3
2010-03-19,3270.9780,3296.4110,3251.1360,3293.8710,3267.5550,4606218700,62114230718.0000,1,BaoStock:query_history_k_data_plus:sh.000300:adjustflag=3
2010-03-22,3297.8240,3313.9220,3288.5060,3302.6280,3293.8710,4943946200,65652976792.0000,1,BaoStock:query_history_k_data_plus:sh.000300:adjustflag=3
2010-03-23,3305.5540,3309.1200,3272.9210,3275.5730,3302.6280,4653953600,62145531443.0000,1,BaoStock:query_history_k_data_plus:sh.000300:adjustflag=3
2010-03-24,3282.0520,3298.5430,3271.0330,3276.6690,3275.5730,4454796600,58330301241.0000,1,BaoStock:query_history_k_data_plus:sh.000300:adjustflag=3
2010-03-25,3270.3900,3270.3900,3222.8210,3229.1280,3276.6690,4498428500,58604759567.0000,1,BaoStock:query_history_k_data_plus:sh.000300:adjustflag=3
2010-03-26,3226.8000,3285.3880,3220.5940,3275.0020,3229.1280,4744496500,61592843185.0000,1,BaoStock:query_history_k_data_plus:sh.000300:adjustflag=3
2010-03-29,3295.7630,3363.6050,3293.6710,3358.5400,3275.0020,8472491000,110326973484.0000,1,BaoStock:query_history_k_data_plus:sh.000300:adjustflag=3
2010-03-30,3361.3530,3372.2650,3350.3130,3366.7080,3358.5400,5643698000,78682669413.0000,1,BaoStock:query_history_k_data_plus:sh.000300:adjustflag=3
2010-03-31,3369.1930,3369.9010,3338.7450,3345.6070,3366.7080,5312428700,72120886278.0000,1,BaoStock:query_history_k_data_plus:sh.000300:adjustflag=3
2010-04-01,3349.8840,3392.4810,3349.8840,3391.9350,3345.6070,6777266900,92360495841.0000,1,BaoStock:query_history_k_data_plus:sh.000300:adjustflag=3
2010-04-02,3400.1390,3412.2000,3391.8060,3407.3460,3391.9350,6907345200,99040760060.0000,1,BaoStock:query_history_k_data_plus:sh.000300:adjustflag=3
2010-04-06,3422.8490,3436.2900,3386.8880,3405.1450,3407.3460,6519171000,93985883918.0000,1,BaoStock:query_history_k_data_plus:sh.000300:adjustflag=3
2010-04-07,3403.0880,3404.5820,3369.0170,3386.9490,3405.1450,5401122800,76733159936.0000,1,BaoStock:query_history_k_data_plus:sh.000300:adjustflag=3
2010-04-08,3381.3060,3381.3060,3336.1560,3346.7440,3386.9490,6218532200,89317468603.0000,1,BaoStock:query_history_k_data_plus:sh.000300:adjustflag=3
2010-04-09,3348.7730,3379.3980,3342.4710,3379.1700,3346.7440,5128056700,75590356319.0000,1,BaoStock:query_history_k_data_plus:sh.000300:adjustflag=3
2010-04-12,3388.3550,3393.5570,3330.3000,3351.4780,3379.1700,7456515000,105996609644.0000,1,BaoStock:query_history_k_data_plus:sh.000300:adjustflag=3
2010-04-13,3350.7260,3401.7070,3324.0480,3391.7160,3351.4780,7990769500,116440339286.0000,1,BaoStock:query_history_k_data_plus:sh.000300:adjustflag=3
2010-04-14,3394.6350,3404.5160,3377.4370,3403.7070,3391.7160,6030613100,90787568716.0000,1,BaoStock:query_history_k_data_plus:sh.000300:adjustflag=3
2010-04-15,3407.0250,3412.9370,3365.8810,3394.5740,3403.7070,6105168500,88700235636.0000,1,BaoStock:query_history_k_data_plus:sh.000300:adjustflag=3
2010-04-16,3388.2860,3388.2860,3348.7810,3356.3320,3394.5740,4714036800,67235596653.0000,1,BaoStock:query_history_k_data_plus:sh.000300:adjustflag=3
2010-04-19,3313.4990,3313.4990,3175.4410,3176.4230,3356.3320,8841630000,118855971989.0000,1,BaoStock:query_history_k_data_plus:sh.000300:adjustflag=3
2010-04-20,3176.4140,3196.6460,3130.9600,3173.3740,3176.4230,6413785900,88005965691.0000,1,BaoStock:query_history_k_data_plus:sh.000300:adjustflag=3
2010-04-21,3178.8770,3237.5370,3164.7650,3236.6790,3173.3740,6692833100,93373377791.0000,1,BaoStock:query_history_k_data_plus:sh.000300:adjustflag=3
2010-04-22,3222.6800,3231.9850,3177.7260,3201.5410,3236.6790,7108168800,98970386343.0000,1,BaoStock:query_history_k_data_plus:sh.000300:adjustflag=3
2010-04-23,3198.7840,3224.7390,3172.5780,3190.0030,3201.5410,6125267900,92115669956.0000,1,BaoStock:query_history_k_data_plus:sh.000300:adjustflag=3
2010-04-26,3195.4570,3207.7150,3168.3740,3171.9970,3190.0030,5089419900,74959121055.0000,1,BaoStock:query_history_k_data_plus:sh.000300:adjustflag=3
2010-04-27,3163.1010,3163.1010,3060.8540,3108.4090,3171.9970,6529657400,88058360562.0000,1,BaoStock:query_history_k_data_plus:sh.000300:adjustflag=3
2010-04-28,3080.3240,3122.1150,3062.0850,3097.3530,3108.4090,4599540600,65484924588.0000,1,BaoStock:query_history_k_data_plus:sh.000300:adjustflag=3
2010-04-29,3114.9410,3130.6960,3059.7960,3060.0640,3097.3530,4826097100,69250868103.0000,1,BaoStock:query_history_k_data_plus:sh.000300:adjustflag=3
2010-04-30,3060.1200,3068.1270,3014.0690,3067.3650,3060.0640,5447788100,73190884013.0000,1,BaoStock:query_history_k_data_plus:sh.000300:adjustflag=3
2010-05-04,3005.4870,3056.0820,2994.9210,3019.4490,3067.3650,4124861000,54558607131.0000,1,BaoStock:query_history_k_data_plus:sh.000300:adjustflag=3
2010-05-05,2981.7770,3036.8650,2943.3610,3036.3940,3019.4490,5967044100,80835340414.0000,1,BaoStock:query_history_k_data_plus:sh.000300:adjustflag=3
2010-05-06,3014.9070,3014.9070,2895.3920,2896.8560,3036.3940,5877041300,81502262034.0000,1,BaoStock:query_history_k_data_plus:sh.000300:adjustflag=3
2010-05-07,2835.8790,2892.5330,2817.1530,2836.7890,2896.8560,6111939900,79147499714.0000,1,BaoStock:query_history_k_data_plus:sh.000300:adjustflag=3
2010-05-10,2842.3660,2872.3140,2798.5230,2858.2330,2836.7890,5020917300,64909188147.0000,1,BaoStock:query_history_k_data_plus:sh.000300:adjustflag=3
2010-05-11,2916.3350,2922.1250,2790.7010,2800.8170,2858.2330,5836349000,73894666754.0000,1,BaoStock:query_history_k_data_plus:sh.000300:adjustflag=3
2010-05-12,2781.7080,2832.1470,2756.4220,2818.1600,2800.8170,5300227100,64693988243.0000,1,BaoStock:query_history_k_data_plus:sh.000300:adjustflag=3
2010-05-13,2818.5780,2886.9720,2811.6610,2886.9110,2818.1600,5514577800,67486536614.0000,1,BaoStock:query_history_k_data_plus:sh.000300:adjustflag=3
2010-05-14,2865.5800,2888.0930,2849.2410,2868.0230,2886.9110,4249871900,55175291043.0000,1,BaoStock:query_history_k_data_plus:sh.000300:adjustflag=3
2010-05-17,2828.8820,2828.8820,2712.4440,2714.7150,2868.0230,5216684700,62395513473.0000,1,BaoStock:query_history_k_data_plus:sh.000300:adjustflag=3
2010-05-18,2711.4070,2781.8450,2686.9730,2771.3480,2714.7150,5450967100,62746245805.0000,1,BaoStock:query_history_k_data_plus:sh.000300:adjustflag=3
2010-05-19,2748.9520,2803.6950,2723.3040,2762.1740,2771.3480,4557622100,54656401336.0000,1,BaoStock:query_history_k_data_plus:sh.000300:adjustflag=3
2010-05-20,2739.2190,2793.8760,2721.0720,2726.0220,2762.1740,4217480300,52677914862.0000,1,BaoStock:query_history_k_data_plus:sh.000300:adjustflag=3
2010-05-21,2656.4190,2769.0940,2647.5970,2768.7910,2726.0220,5447538300,63501808937.0000,1,BaoStock:query_history_k_data_plus:sh.000300:adjustflag=3
2010-05-24,2787.7510,2886.3680,2787.7510,2873.4690,2768.7910,7450233800,89961882752.0000,1,BaoStock:query_history_k_data_plus:sh.000300:adjustflag=3
2010-05-25,2851.2560,2855.3320,2798.0200,2813.9430,2873.4690,5516832700,67954988050.0000,1,BaoStock:query_history_k_data_plus:sh.000300:adjustflag=3
2010-05-26,2814.4440,2839.0310,2797.6280,2813.9440,2813.9430,3985856400,48495603059.0000,1,BaoStock:query_history_k_data_plus:sh.000300:adjustflag=3
2010-05-27,2808.0480,2866.8650,2771.5860,2859.9790,2813.9440,5344520900,65266773667.0000,1,BaoStock:query_history_k_data_plus:sh.000300:adjustflag=3
2010-05-28,2885.8570,2893.6870,2835.0690,2850.3020,2859.9790,5153498900,64342505421.0000,1,BaoStock:query_history_k_data_plus:sh.000300:adjustflag=3
2010-05-31,2835.3340,2857.4160,2772.7920,2773.2640,2850.3020,4621685400,56695803642.0000,1,BaoStock:query_history_k_data_plus:sh.000300:adjustflag=3
2010-06-01,2755.2840,2782.2880,2710.5930,2744.1620,2773.2640,4485142600,53230913831.0000,1,BaoStock:query_history_k_data_plus:sh.000300:adjustflag=3
2010-06-02,2729.3280,2757.9140,2700.0750,2757.5270,2744.1620,3958702000,46364229493.0000,1,BaoStock:query_history_k_data_plus:sh.000300:adjustflag=3
2010-06-03,2769.0960,2787.5120,2735.7000,2736.0760,2757.5270,3958725800,47143262922.0000,1,BaoStock:query_history_k_data_plus:sh.000300:adjustflag=3
2010-06-04,2721.3590,2748.4760,2713.0950,2744.3910,2736.0760,3274629100,39858363381.0000,1,BaoStock:query_history_k_data_plus:sh.000300:adjustflag=3
2010-06-07,2692.8310,2716.4010,2673.3420,2695.7150,2744.3910,3954199300,47062703369.0000,1,BaoStock:query_history_k_data_plus:sh.000300:adjustflag=3
2010-06-08,2694.1060,2720.5860,2672.0580,2699.3360,2695.7150,3514018200,42677104255.0000,1,BaoStock:query_history_k_data_plus:sh.000300:adjustflag=3
2010-06-09,2711.6420,2787.8250,2687.3310,2782.1330,2699.3360,6020953300,70710080539.0000,1,BaoStock:query_history_k_data_plus:sh.000300:adjustflag=3
2010-06-10,2755.9400,2776.2590,2746.1070,2750.0230,2782.1330,4290633400,50312244286.0000,1,BaoStock:query_history_k_data_plus:sh.000300:adjustflag=3
2010-06-11,2766.1960,2782.0950,2755.9490,2758.8660,2750.0230,4055858500,48871478557.0000,1,BaoStock:query_history_k_data_plus:sh.000300:adjustflag=3
2010-06-17,2778.5330,2784.9160,2742.6400,2742.7330,2758.8660,3261235600,40293233998.0000,1,BaoStock:query_history_k_data_plus:sh.000300:adjustflag=3
2010-06-18,2739.0320,2755.8420,2686.6140,2696.1660,2742.7330,4180834400,50256350918.0000,1,BaoStock:query_history_k_data_plus:sh.000300:adjustflag=3
2010-06-21,2698.9840,2784.4700,2686.3230,2780.6630,2696.1660,5526148200,62809190519.0000,1,BaoStock:query_history_k_data_plus:sh.000300:adjustflag=3
2010-06-22,2772.8860,2795.3230,2766.4430,2783.7200,2780.6630,3909605200,45207207792.0000,1,BaoStock:query_history_k_data_plus:sh.000300:adjustflag=3
2010-06-23,2768.6950,2788.2190,2734.0470,2758.4950,2783.7200,3560035000,41600240721.0000,1,BaoStock:query_history_k_data_plus:sh.000300:adjustflag=3
2010-06-24,2753.7120,2783.5080,2739.8070,2757.4980,2758.4950,2922068200,33772857040.0000,1,BaoStock:query_history_k_data_plus:sh.000300:adjustflag=3
2010-06-25,2744.1220,2759.4450,2715.6550,2736.2870,2757.4980,3067178200,34649179151.0000,1,BaoStock:query_history_k_data_plus:sh.000300:adjustflag=3
2010-06-28,2734.5070,2751.4550,2710.0870,2716.7770,2736.2870,2771004400,31198277084.0000,1,BaoStock:query_history_k_data_plus:sh.000300:adjustflag=3
2010-06-29,2717.4650,2724.2310,2591.6940,2592.0190,2716.7770,4875855200,50635969685.0000,1,BaoStock:query_history_k_data_plus:sh.000300:adjustflag=3
2010-06-30,2572.9120,2575.8240,2546.8430,2563.0700,2592.0190,3569879400,35809892277.0000,1,BaoStock:query_history_k_data_plus:sh.000300:adjustflag=3
2010-07-01,2557.9200,2574.0980,2524.5730,2526.0710,2563.0700,3285764600,32478457404.0000,1,BaoStock:query_history_k_data_plus:sh.000300:adjustflag=3
2010-07-02,2523.0350,2542.1220,2462.2020,2534.1050,2526.0710,4491410000,43367318435.0000,1,BaoStock:query_history_k_data_plus:sh.000300:adjustflag=3
2010-07-05,2507.3540,2529.4250,2476.4900,2512.6510,2534.1050,3217857400,30922298985.0000,1,BaoStock:query_history_k_data_plus:sh.000300:adjustflag=3
2010-07-06,2504.8690,2563.4110,2502.9310,2562.9020,2512.6510,3971476200,38976836519.0000,1,BaoStock:query_history_k_data_plus:sh.000300:adjustflag=3
2010-07-07,2561.1060,2580.6080,2548.5590,2580.4770,2562.9020,3572090900,37059898462.0000,1,BaoStock:query_history_k_data_plus:sh.000300:adjustflag=3
2010-07-08,2591.5090,2602.2300,2564.6380,2575.9210,2580.4770,3405696600,35348760455.0000,1,BaoStock:query_history_k_data_plus:sh.000300:adjustflag=3
2010-07-09,2578.5550,2662.1630,2557.2590,2647.1040,2575.9210,5849304500,61470066938.0000,1,BaoStock:query_history_k_data_plus:sh.000300:adjustflag=3
2010-07-12,2647.4210,2689.8090,2636.6480,2676.2180,2647.1040,5846249100,63462262470.0000,1,BaoStock:query_history_k_data_plus:sh.000300:adjustflag=3
2010-07-13,2649.6580,2649.6580,2618.3400,2634.5930,2676.2180,4322850600,45125109071.0000,1,BaoStock:query_history_k_data_plus:sh.000300:adjustflag=3
2010-07-14,2640.9250,2684.6160,2640.5420,2653.6090,2634.5930,4668886000,49497106670.0000,1,BaoStock:query_history_k_data_plus:sh.000300:adjustflag=3
2010-07-15,2650.3340,2680.4420,2607.7880,2608.5190,2653.6090,4044045900,41444710868.0000,1,BaoStock:query_history_k_data_plus:sh.000300:adjustflag=3
2010-07-16,2597.0000,2621.3320,2573.7940,2616.1280,2608.5190,3506330200,35422326209.0000,1,BaoStock:query_history_k_data_plus:sh.000300:adjustflag=3
2010-07-19,2592.0870,2691.9370,2585.0070,2682.4720,2616.1280,5386807000,59826125817.0000,1,BaoStock:query_history_k_data_plus:sh.000300:adjustflag=3
2010-07-20,2685.4590,2746.2370,2685.4590,2741.5030,2682.4720,7312834500,80958216794.0000,1,BaoStock:query_history_k_data_plus:sh.000300:adjustflag=3
2010-07-21,2744.6960,2766.2050,2733.7210,2747.3350,2741.5030,7075709200,73734684585.0000,1,BaoStock:query_history_k_data_plus:sh.000300:adjustflag=3
2010-07-22,2738.0270,2783.1380,2734.0710,2781.2860,2747.3350,6106480600,63576603000.0000,1,BaoStock:query_history_k_data_plus:sh.000300:adjustflag=3
2010-07-23,2787.5210,2806.9790,2769.4400,2793.0760,2781.2860,6451856500,70423335023.0000,1,BaoStock:query_history_k_data_plus:sh.000300:adjustflag=3
2010-07-26,2798.7620,2811.9530,2775.7780,2811.0550,2793.0760,5358002600,59848905278.0000,1,BaoStock:query_history_k_data_plus:sh.000300:adjustflag=3
2010-07-27,2803.7550,2812.2080,2785.3740,2795.7240,2811.0550,4979988400,55963991462.0000,1,BaoStock:query_history_k_data_plus:sh.000300:adjustflag=3
2010-07-28,2796.4830,2866.4040,2784.1550,2863.7240,2795.7240,7998595400,84516845765.0000,1,BaoStock:query_history_k_data_plus:sh.000300:adjustflag=3
2010-07-29,2866.7720,2888.5990,2851.9960,2877.9760,2863.7240,9596540900,92278224492.0000,1,BaoStock:query_history_k_data_plus:sh.000300:adjustflag=3
2010-07-30,2871.4810,2876.1360,2844.6820,2868.8460,2877.9760,6257559100,65224482367.0000,1,BaoStock:query_history_k_data_plus:sh.000300:adjustflag=3
2010-08-02,2868.2790,2922.6120,2867.4500,2917.2750,2868.8460,7174330000,73569074427.0000,1,BaoStock:query_history_k_data_plus:sh.000300:adjustflag=3
2010-08-03,2925.2540,2929.6140,2865.7610,2865.9710,2917.2750,8174836400,86870574135.0000,1,BaoStock:query_history_k_data_plus:sh.000300:adjustflag=3
2010-08-04,2858.3540,2876.5950,2818.2480,2876.4340,2865.9710,7131803900,75670144265.0000,1,BaoStock:query_history_k_data_plus:sh.000300:adjustflag=3
2010-08-05,2874.6600,2877.3100,2833.6690,2850.8290,2876.4340,6715758100,73038457567.0000,1,BaoStock:query_history_k_data_plus:sh.000300:adjustflag=3
2010-08-06,2848.1550,2898.5340,2821.0330,2897.6590,2850.8290,7491489500,82145150913.0000,1,BaoStock:query_history_k_data_plus:sh.000300:adjustflag=3
2010-08-09,2894.1030,2922.6240,2888.0450,2918.2410,2897.6590,7472639100,83431980844.0000,1,BaoStock:query_history_k_data_plus:sh.000300:adjustflag=3
2010-08-10,2920.4040,2925.2960,2832.0780,2832.6380,2918.2410,7843503400,84283699448.0000,1,BaoStock:query_history_k_data_plus:sh.000300:adjustflag=3
2010-08-11,2823.1500,2864.3610,2823.1500,2850.2110,2832.6380,5497913300,58786302173.0000,1,BaoStock:query_history_k_data_plus:sh.000300:adjustflag=3
2010-08-12,2822.7910,2860.3690,2810.1020,2816.3860,2850.2110,5989322700,65825613506.0000,1,BaoStock:query_history_k_data_plus:sh.000300:adjustflag=3
2010-08-13,2818.4100,2856.0430,2799.2210,2855.5470,2816.3860,5850772100,62923747790.0000,1,BaoStock:query_history_k_data_plus:sh.000300:adjustflag=3
2010-08-16,2851.2190,2927.6880,2843.0240,2922.0830,2855.5470,8106804300,91427507573.0000,1,BaoStock:query_history_k_data_plus:sh.000300:adjustflag=3
2010-08-17,2927.2580,2949.7300,2917.8340,2942.2910,2922.0830,7645291200,86700542871.0000,1,BaoStock:query_history_k_data_plus:sh.000300:adjustflag=3
2010-08-18,2945.9790,2962.7490,2924.6680,2937.3620,2942.2910,7074760000,80832368101.0000,1,BaoStock:query_history_k_data_plus:sh.000300:adjustflag=3
2010-08-19,2940.7670,2975.1880,2928.0130,2955.3950,2937.3620,7692486500,91734587115.0000,1,BaoStock:query_history_k_data_plus:sh.000300:adjustflag=3
2010-08-20,2943.3340,2951.9560,2892.6400,2898.3330,2955.3950,7166330600,82298173112.0000,1,BaoStock:query_history_k_data_plus:sh.000300:adjustflag=3
2010-08-23,2895.7070,2920.5410,2886.6590,2896.1920,2898.3330,4891551700,57772779300.0000,1,BaoStock:query_history_k_data_plus:sh.000300:adjustflag=3
2010-08-24,2892.1290,2933.1180,2866.8020,2911.8270,2896.1920,6109379600,65036592635.0000,1,BaoStock:query_history_k_data_plus:sh.000300:adjustflag=3
2010-08-25,2893.9860,2904.6620,2842.2490,2843.0230,2911.8270,6361062100,67048224427.0000,1,BaoStock:query_history_k_data_plus:sh.000300:adjustflag=3
2010-08-26,2853.1050,2868.8780,2836.1290,2850.0930,2843.0230,4867044200,51862922913.0000,1,BaoStock:query_history_k_data_plus:sh.000300:adjustflag=3
2010-08-27,2847.4480,2861.0740,2833.4220,2858.5660,2850.0930,4078958200,46699343358.0000,1,BaoStock:query_history_k_data_plus:sh.000300:adjustflag=3
2010-08-30,2874.2470,2921.0850,2872.9180,2915.0100,2858.5660,6574988200,77341616491.0000,1,BaoStock:query_history_k_data_plus:sh.000300:adjustflag=3
2010-08-31,2905.1540,2910.0600,2889.8080,2903.1880,2915.0100,6576610400,79976347302.0000,1,BaoStock:query_history_k_data_plus:sh.000300:adjustflag=3
2010-09-01,2907.6630,2931.7600,2859.1660,2884.0420,2903.1880,7697557800,87931887194.0000,1,BaoStock:query_history_k_data_plus:sh.000300:adjustflag=3
2010-09-02,2917.7350,2931.5470,2903.0280,2921.3930,2884.0420,7070085100,88923142593.0000,1,BaoStock:query_history_k_data_plus:sh.000300:adjustflag=3
2010-09-03,2926.9390,2929.5480,2891.8780,2920.2050,2921.3930,7264102700,87724829649.0000,1,BaoStock:query_history_k_data_plus:sh.000300:adjustflag=3
2010-09-06,2935.8900,2980.4240,2935.8900,2975.0900,2920.2050,9385568100,110466116424.0000,1,BaoStock:query_history_k_data_plus:sh.000300:adjustflag=3
2010-09-07,2979.2980,2991.4350,2959.9020,2983.1080,2975.0900,7351936100,85488193860.0000,1,BaoStock:query_history_k_data_plus:sh.000300:adjustflag=3
2010-09-08,2970.0020,2982.7200,2953.8390,2980.9670,2983.1080,7287200200,92660879129.0000,1,BaoStock:query_history_k_data_plus:sh.000300:adjustflag=3
2010-09-09,2986.8670,2986.8670,2922.2000,2926.4600,2980.9670,8139555400,103248280132.0000,1,BaoStock:query_history_k_data_plus:sh.000300:adjustflag=3
2010-09-10,2928.0010,2940.7900,2890.0350,2932.5540,2926.4600,6508670400,83743163807.0000,1,BaoStock:query_history_k_data_plus:sh.000300:adjustflag=3
2010-09-13,2933.5940,2977.0780,2925.4160,2962.3190,2932.5540,6727990000,87536178972.0000,1,BaoStock:query_history_k_data_plus:sh.000300:adjustflag=3
2010-09-14,2971.5470,2984.4660,2954.5070,2965.0090,2962.3190,7010590300,87204421695.0000,1,BaoStock:query_history_k_data_plus:sh.000300:adjustflag=3
2010-09-15,2965.5390,2965.5390,2905.6300,2913.1940,2965.0090,7161964200,86445964329.0000,1,BaoStock:query_history_k_data_plus:sh.000300:adjustflag=3
2010-09-16,2908.3220,2917.8490,2834.0330,2857.7890,2913.1940,7407428400,84198375910.0000,1,BaoStock:query_history_k_data_plus:sh.000300:adjustflag=3
2010-09-17,2864.7170,2877.0830,2847.6810,2861.3690,2857.7890,5193886700,62466326737.0000,1,BaoStock:query_history_k_data_plus:sh.000300:adjustflag=3
2010-09-20,2865.0400,2872.2190,2829.7570,2849.8280,2861.3690,5028310400,57582985440.0000,1,BaoStock:query_history_k_data_plus:sh.000300:adjustflag=3
2010-09-21,2859.4300,2869.3800,2844.1250,2857.4760,2849.8280,3575188100,44742025248.0000,1,BaoStock:query_history_k_data_plus:sh.000300:adjustflag=3
2010-09-27,2869.9280,2905.5260,2864.2090,2905.0290,2857.4760,4907182300,62611534184.0000,1,BaoStock:query_history_k_data_plus:sh.000300:adjustflag=3
2010-09-28,2900.5360,2900.5360,2875.6580,2880.9070,2905.0290,5866082600,80859749613.0000,1,BaoStock:query_history_k_data_plus:sh.000300:adjustflag=3
2010-09-29,2877.2690,2908.7320,2866.8540,2874.8120,2880.9070,5678223600,74516021987.0000,1,BaoStock:query_history_k_data_plus:sh.000300:adjustflag=3
2010-09-30,2859.0600,2935.5950,2857.4180,2935.5740,2874.8120,6300024700,80709727516.0000,1,BaoStock:query_history_k_data_plus:sh.000300:adjustflag=3
2010-10-08,2965.6520,3055.8360,2963.2370,3044.2330,2935.5740,9999472000,134986634589.0000,1,BaoStock:query_history_k_data_plus:sh.000300:adjustflag=3
2010-10-11,3069.1880,3154.2040,3069.1880,3132.8950,3044.2330,15873490400,212607066630.0000,1,BaoStock:query_history_k_data_plus:sh.000300:adjustflag=3
2010-10-12,3121.6360,3173.8490,3106.2240,3172.7260,3132.8950,12736170500,178245219770.0000,1,BaoStock:query_history_k_data_plus:sh.000300:adjustflag=3
2010-10-13,3176.8860,3221.6460,3165.5780,3217.5770,3172.7260,14460777300,195444719896.0000,1,BaoStock:query_history_k_data_plus:sh.000300:adjustflag=3
2010-10-14,3245.1330,3286.0230,3215.0310,3224.1400,3217.5770,17961183800,227654458634.0000,1,BaoStock:query_history_k_data_plus:sh.000300:adjustflag=3
2010-10-15,3204.7230,3327.6830,3199.1220,3327.6830,3224.1400,19341414000,245619296303.0000,1,BaoStock:query_history_k_data_plus:sh.000300:adjustflag=3
2010-10-18,3345.8040,3390.0150,3288.7810,3306.1600,3327.6830,21788205100,267884370339.0000,1,BaoStock:query_history_k_data_plus:sh.000300:adjustflag=3
2010-10-19,3300.5170,3375.8670,3279.9990,3375.6740,3306.1600,13044179100,165488914490.0000,1,BaoStock:query_history_k_data_plus:sh.000300:adjustflag=3
2010-10-20,3304.2210,3439.2250,3301.0090,3396.8790,3375.6740,16652846000,235372057455.0000,1,BaoStock:query_history_k_data_plus:sh.000300:adjustflag=3
2010-10-21,3404.7210,3418.0910,3344.9620,3374.6850,3396.8790,12388324500,175383712722.0000,1,BaoStock:query_history_k_data_plus:sh.000300:adjustflag=3
2010-10-22,3365.5970,3408.4910,3346.1110,3378.6550,3374.6850,11636185700,163153618542.0000,1,BaoStock:query_history_k_data_plus:sh.000300:adjustflag=3
2010-10-25,3386.8500,3481.3470,3366.4300,3481.0810,3378.6550,14543310500,208809404746.0000,1,BaoStock:query_history_k_data_plus:sh.000300:adjustflag=3
2010-10-26,3491.4740,3499.8170,3436.4630,3466.0840,3481.0810,14263699900,205216457176.0000,1,BaoStock:query_history_k_data_plus:sh.000300:adjustflag=3
2010-10-27,3451.4270,3490.2170,3398.0950,3403.8720,3466.0840,12376157000,177072552070.0000,1,BaoStock:query_history_k_data_plus:sh.000300:adjustflag=3
2010-10-28,3390.4260,3420.8850,3371.4390,3397.6920,3403.8720,9834945600,141135882042.0000,1,BaoStock:query_history_k_data_plus:sh.000300:adjustflag=3
2010-10-29,3400.2620,3404.6000,3351.6010,3379.9830,3397.6920,10045897000,145528365885.0000,1,BaoStock:query_history_k_data_plus:sh.000300:adjustflag=3
2010-11-01,3390.4130,3472.9950,3390.4130,3472.9950,3379.9830,12626914800,186725762506.0000,1,BaoStock:query_history_k_data_plus:sh.000300:adjustflag=3
2010-11-02,3484.2320,3522.1750,3449.7240,3463.1310,3472.9950,15491145000,233976228513.0000,1,BaoStock:query_history_k_data_plus:sh.000300:adjustflag=3
2010-11-03,3462.7400,3474.7070,3419.0800,3420.3410,3463.1310,12635930300,178803329799.0000,1,BaoStock:query_history_k_data_plus:sh.000300:adjustflag=3
2010-11-04,3426.4600,3480.9290,3419.6430,3480.5050,3420.3410,11679948100,164721393800.0000,1,BaoStock:query_history_k_data_plus:sh.000300:adjustflag=3
2010-11-05,3538.9880,3554.4700,3498.2760,3520.7980,3480.5050,13768802700,196618041454.0000,1,BaoStock:query_history_k_data_plus:sh.000300:adjustflag=3
2010-11-08,3534.1910,3549.3050,3506.3750,3548.5660,3520.7980,12647075900,174067581795.0000,1,BaoStock:query_history_k_data_plus:sh.000300:adjustflag=3
2010-11-09,3547.4400,3547.4400,3498.6230,3523.9540,3548.5660,12245453300,170174876748.0000,1,BaoStock:query_history_k_data_plus:sh.000300:adjustflag=3
2010-11-10,3507.1950,3508.2750,3470.9680,3499.1110,3523.9540,12007857800,176529783278.0000,1,BaoStock:query_history_k_data_plus:sh.000300:adjustflag=3
2010-11-11,3490.7380,3557.9870,3484.8910,3509.9750,3499.1110,13897623300,209121524845.0000,1,BaoStock:query_history_k_data_plus:sh.000300:adjustflag=3
2010-11-12,3484.6060,3497.0610,3284.3480,3291.8330,3509.9750,16073385000,224200791087.0000,1,BaoStock:query_history_k_data_plus:sh.000300:adjustflag=3
2010-11-15,3298.7370,3319.9760,3241.7580,3314.8930,3291.8330,10231572400,144492952434.0000,1,BaoStock:query_history_k_data_plus:sh.000300:adjustflag=3
2010-11-16,3311.6160,3311.6160,3155.4750,3169.5380,3314.8930,10830707200,154278113336.0000,1,BaoStock:query_history_k_data_plus:sh.000300:adjustflag=3
2010-11-17,3124.1090,3168.9310,3087.5070,3103.9060,3169.5380,8325808000,118981231625.0000,1,BaoStock:query_history_k_data_plus:sh.000300:adjustflag=3
2010-11-18,3134.9370,3158.6290,3097.3880,3147.9620,3103.9060,6569729200,94476115838.0000,1,BaoStock:query_history_k_data_plus:sh.000300:adjustflag=3
2010-11-19,3168.1650,3178.8460,3076.2130,3178.8460,3147.9620,8334765400,114672977294.0000,1,BaoStock:query_history_k_data_plus:sh.000300:adjustflag=3
2010-11-22,3148.2150,3200.4720,3137.7510,3171.9410,3178.8460,8321277600,114302974766.0000,1,BaoStock:query_history_k_data_plus:sh.000300:adjustflag=3
2010-11-23,3156.4780,3156.4780,3061.6230,3107.1760,3171.9410,7739959100,105281461473.0000,1,BaoStock:query_history_k_data_plus:sh.000300:adjustflag=3
2010-11-24,3088.9920,3177.4120,3088.9920,3177.0430,3107.1760,7533208300,107688446612.0000,1,BaoStock:query_history_k_data_plus:sh.000300:adjustflag=3
2010-11-25,3197.9650,3227.0540,3172.2820,3223.4840,3177.0430,8344209400,116948295300.0000,1,BaoStock:query_history_k_data_plus:sh.000300:adjustflag=3
2010-11-26,3214.1320,3224.5170,3170.3640,3194.8530,3223.4840,6446782400,96226367197.0000,1,BaoStock:query_history_k_data_plus:sh.000300:adjustflag=3
2010-11-29,3183.5400,3206.7560,3159.4590,3190.0500,3194.8530,5899489200,88799073974.0000,1,BaoStock:query_history_k_data_plus:sh.000300:adjustflag=3
2010-11-30,3187.5290,3205.7820,3060.4380,3136.9850,3190.0500,8576235500,120572328539.0000,1,BaoStock:query_history_k_data_plus:sh.000300:adjustflag=3
2010-12-01,3127.2620,3150.4360,3111.6450,3136.0240,3136.9850,4888266800,69472579579.0000,1,BaoStock:query_history_k_data_plus:sh.000300:adjustflag=3
2010-12-02,3185.7600,3194.2260,3154.3200,3155.0590,3136.0240,6102390800,89764278070.0000,1,BaoStock:query_history_k_data_plus:sh.000300:adjustflag=3
2010-12-03,3161.9300,3171.3780,3134.4190,3158.1560,3155.0590,5047535400,71387337327.0000,1,BaoStock:query_history_k_data_plus:sh.000300:adjustflag=3
2010-12-06,3168.8750,3185.3320,3140.5550,3165.5700,3158.1560,5636263000,80043207937.0000,1,BaoStock:query_history_k_data_plus:sh.000300:adjustflag=3
2010-12-07,3152.7330,3214.6910,3112.2230,3200.3390,3165.5700,5848365300,85548293130.0000,1,BaoStock:query_history_k_data_plus:sh.000300:adjustflag=3
2010-12-08,3194.8950,3215.2810,3166.7660,3171.8820,3200.3390,5951566300,87056105048.0000,1,BaoStock:query_history_k_data_plus:sh.000300:adjustflag=3
2010-12-09,3155.9960,3175.0520,3122.1960,3123.3660,3171.8820,6615296500,83159036199.0000,1,BaoStock:query_history_k_data_plus:sh.000300:adjustflag=3
2010-12-10,3107.3790,3172.1630,3101.0830,3161.9770,3123.3660,5710810500,78069117443.0000,1,BaoStock:query_history_k_data_plus:sh.000300:adjustflag=3
2010-12-13,3176.3350,3261.3440,3173.5640,3261.0610,3161.9770,9571373900,132088353616.0000,1,BaoStock:query_history_k_data_plus:sh.000300:adjustflag=3
2010-12-14,3270.2010,3279.3650,3254.1810,3269.4740,3261.0610,8410424100,114928736614.0000,1,BaoStock:query_history_k_data_plus:sh.000300:adjustflag=3
2010-12-15,3270.7810,3282.7720,3242.5160,3247.6440,3269.4740,7226978500,104793174443.0000,1,BaoStock:query_history_k_data_plus:sh.000300:adjustflag=3
2010-12-16,3246.0130,3258.3940,3224.1220,3230.6650,3247.6440,5679962500,79262377015.0000,1,BaoStock:query_history_k_data_plus:sh.000300:adjustflag=3
2010-12-17,3229.2970,3232.8390,3212.5790,3225.6610,3230.6650,4491914700,65697259729.0000,1,BaoStock:query_history_k_data_plus:sh.000300:adjustflag=3
2010-12-20,3239.0220,3249.7630,3117.9980,3178.6570,3225.6610,7475969300,107521977283.0000,1,BaoStock:query_history_k_data_plus:sh.000300:adjustflag=3
2010-12-21,3184.7000,3251.5510,3168.8890,3249.5090,3178.6570,7985242000,112461675290.0000,1,BaoStock:query_history_k_data_plus:sh.000300:adjustflag=3
2010-12-22,3253.8210,3263.4500,3201.6690,3215.4530,3249.5090,6993625800,98309032433.0000,1,BaoStock:query_history_k_data_plus:sh.000300:adjustflag=3
2010-12-23,3210.6700,3237.6440,3183.1520,3188.6070,3215.4530,6131584700,84430476449.0000,1,BaoStock:query_history_k_data_plus:sh.000300:adjustflag=3
2010-12-24,3170.6420,3187.7240,3139.4540,3162.9550,3188.6070,5513776700,72989136209.0000,1,BaoStock:query_history_k_data_plus:sh.000300:adjustflag=3
2010-12-27,3176.1070,3219.6550,3092.2630,3099.7090,3162.9550,7001710700,99855478580.0000,1,BaoStock:query_history_k_data_plus:sh.000300:adjustflag=3
2010-12-28,3084.8230,3095.3580,3041.3280,3044.9310,3099.7090,5632574900,74843956564.0000,1,BaoStock:query_history_k_data_plus:sh.000300:adjustflag=3
2010-12-29,3049.9280,3062.5570,3025.2200,3061.8300,3044.9310,4519277500,60134777207.0000,1,BaoStock:query_history_k_data_plus:sh.000300:adjustflag=3
2010-12-30,3063.0500,3079.9090,3027.8980,3064.0980,3061.8300,5428142900,70284275917.0000,1,BaoStock:query_history_k_data_plus:sh.000300:adjustflag=3
2010-12-31,3069.0530,3129.4460,3067.1080,3128.2610,3064.0980,6256607800,90545901164.0000,1,BaoStock:query_history_k_data_plus:sh.000300:adjustflag=3
2011-01-04,3155.5570,3194.3580,3143.6040,3189.6820,3128.2610,8541044000,129159620771.0000,1,BaoStock:query_history_k_data_plus:sh.000300:adjustflag=3
2011-01-05,3170.1810,3193.7790,3158.8710,3175.6620,3189.6820,7926881000,116943213907.0000,1,BaoStock:query_history_k_data_plus:sh.000300:adjustflag=3
2011-01-06,3177.8350,3198.0520,3152.5720,3159.6430,3175.6620,5968109200,91568447016.0000,1,BaoStock:query_history_k_data_plus:sh.000300:adjustflag=3
2011-01-07,3156.3620,3209.9000,3141.1250,3166.6240,3159.6430,8409323300,113651250191.0000,1,BaoStock:query_history_k_data_plus:sh.000300:adjustflag=3
2011-01-10,3162.0850,3182.7820,3102.4280,3108.1870,3166.6240,6549440600,87992881712.0000,1,BaoStock:query_history_k_data_plus:sh.000300:adjustflag=3
2011-01-11,3096.2490,3131.2920,3084.5130,3124.9220,3108.1870,5698591700,74832449402.0000,1,BaoStock:query_history_k_data_plus:sh.000300:adjustflag=3
2011-01-12,3135.1800,3153.4300,3099.4130,3142.3370,3124.9220,5849851800,71551421416.0000,1,BaoStock:query_history_k_data_plus:sh.000300:adjustflag=3
2011-01-13,3153.9850,3157.0360,3127.1580,3141.2840,3142.3370,5193698800,66925783701.0000,1,BaoStock:query_history_k_data_plus:sh.000300:adjustflag=3
2011-01-14,3129.6670,3129.6670,3083.5110,3091.8620,3141.2840,5335143900,71012100141.0000,1,BaoStock:query_history_k_data_plus:sh.000300:adjustflag=3
2011-01-17,3067.4330,3078.8800,2968.6100,2974.3500,3091.8620,6680756200,85454121099.0000,1,BaoStock:query_history_k_data_plus:sh.000300:adjustflag=3
2011-01-18,2965.4240,2984.4700,2947.6000,2977.6480,2974.3500,4296456400,54652416480.0000,1,BaoStock:query_history_k_data_plus:sh.000300:adjustflag=3
2011-01-19,2978.4570,3045.6050,2967.2430,3044.8510,2977.6480,5657194200,72772226927.0000,1,BaoStock:query_history_k_data_plus:sh.000300:adjustflag=3
2011-01-20,3037.8620,3037.8620,2944.4980,2944.7130,3044.8510,6104664300,76440116738.0000,1,BaoStock:query_history_k_data_plus:sh.000300:adjustflag=3
2011-01-21,2935.2330,3030.2650,2935.1380,2983.4560,2944.7130,7310296600,85157790710.0000,1,BaoStock:query_history_k_data_plus:sh.000300:adjustflag=3
2011-01-24,2986.0920,2999.2010,2943.9200,2954.2320,2983.4560,6547254500,75805236102.0000,1,BaoStock:query_history_k_data_plus:sh.000300:adjustflag=3
2011-01-25,2949.6470,2960.5870,2919.1620,2938.6540,2954.2320,4898268900,57572819537.0000,1,BaoStock:query_history_k_data_plus:sh.000300:adjustflag=3
2011-01-26,2939.7730,2982.3220,2939.3560,2978.4310,2938.6540,4337497900,51746038070.0000,1,BaoStock:query_history_k_data_plus:sh.000300:adjustflag=3
2011-01-27,2953.5890,3037.1590,2935.2710,3026.4660,2978.4310,8258591900,96976029913.0000,1,BaoStock:query_history_k_data_plus:sh.000300:adjustflag=3
2011-01-28,3020.1220,3047.2660,3011.3750,3036.7350,3026.4660,6301358900,78241917729.0000,1,BaoStock:query_history_k_data_plus:sh.000300:adjustflag=3
2011-01-31,3035.4180,3076.5470,3032.4490,3076.5080,3036.7350,6710591400,83070309373.0000,1,BaoStock:query_history_k_data_plus:sh.000300:adjustflag=3
2011-02-01,3083.4930,3087.2250,3062.8300,3077.2830,3076.5080,4986253000,65832698489.0000,1,BaoStock:query_history_k_data_plus:sh.000300:adjustflag=3
2011-02-09,3055.3980,3087.5510,3031.7490,3040.9490,3077.2830,6039414500,78148356164.0000,1,BaoStock:query_history_k_data_plus:sh.000300:adjustflag=3
2011-02-10,3034.0790,3105.3240,3024.3490,3104.1630,3040.9490,6660366200,86967273678.0000,1,BaoStock:query_history_k_data_plus:sh.000300:adjustflag=3
2011-02-11,3100.2740,3133.4990,3092.5820,3120.9560,3104.1630,7597555300,99001500830.0000,1,BaoStock:query_history_k_data_plus:sh.000300:adjustflag=3
2011-02-14,3123.2460,3227.4320,3123.2460,3219.1430,3120.9560,12130233100,155829380802.0000,1,BaoStock:query_history_k_data_plus:sh.000300:adjustflag=3
2011-02-15,3223.2220,3259.6390,3215.6190,3217.6710,3219.1430,10955443800,147747227925.0000,1,BaoStock:query_history_k_data_plus:sh.000300:adjustflag=3
2011-02-16,3211.1350,3248.8490,3195.4670,3248.5270,3217.6710,9133428300,125549596910.0000,1,BaoStock:query_history_k_data_plus:sh.000300:adjustflag=3
2011-02-17,3255.6260,3265.2570,3218.9130,3245.9070,3248.5270,8896469500,127559673833.0000,1,BaoStock:query_history_k_data_plus:sh.000300:adjustflag=3
2011-02-18,3240.0510,3242.3740,3203.1200,3211.8760,3245.9070,7537868400,104743371599.0000,1,BaoStock:query_history_k_data_plus:sh.000300:adjustflag=3
2011-02-21,3192.1460,3258.2800,3189.8480,3257.9080,3211.8760,7939977600,108055882413.0000,1,BaoStock:query_history_k_data_plus:sh.000300:adjustflag=3
2011-02-22,3267.6150,3269.0480,3161.8330,3163.5780,3257.9080,10786374100,147588609007.0000,1,BaoStock:query_history_k_data_plus:sh.000300:adjustflag=3
2011-02-23,3152.4410,3182.1850,3145.9860,3174.7420,3163.5780,7132485400,97251422739.0000,1,BaoStock:query_history_k_data_plus:sh.000300:adjustflag=3
2011-02-24,3170.2360,3195.6880,3157.9690,3190.9350,3174.7420,6648689300,94908281477.0000,1,BaoStock:query_history_k_data_plus:sh.000300:adjustflag=3
2011-02-25,3190.8720,3213.7920,3159.8470,3197.6170,3190.9350,6161927500,88275899352.0000,1,BaoStock:query_history_k_data_plus:sh.000300:adjustflag=3
2011-02-28,3200.6770,3241.5970,3178.8310,3239.5590,3197.6170,7663066300,109249970846.0000,1,BaoStock:query_history_k_data_plus:sh.000300:adjustflag=3
2011-03-01,3241.7140,3273.5110,3235.7540,3254.8930,3239.5590,8856695400,124040755772.0000,1,BaoStock:query_history_k_data_plus:sh.000300:adjustflag=3
2011-03-02,3237.1160,3257.4190,3202.8330,3243.2980,3254.8930,8091064100,113592007455.0000,1,BaoStock:query_history_k_data_plus:sh.000300:adjustflag=3
2011-03-03,3248.1560,3271.6400,3221.0380,3221.7180,3243.2980,10121999700,131217797700.0000,1,BaoStock:query_history_k_data_plus:sh.000300:adjustflag=3
2011-03-04,3223.5070,3273.6580,3217.4770,3270.6660,3221.7180,8001391500,107401810462.0000,1,BaoStock:query_history_k_data_plus:sh.000300:adjustflag=3
2011-03-07,3287.4050,3337.4660,3287.4050,3334.5100,3270.6660,11818719700,170406772534.0000,1,BaoStock:query_history_k_data_plus:sh.000300:adjustflag=3
2011-03-08,3335.7100,3342.7110,3311.7220,3337.4570,3334.5100,8487865500,126306326053.0000,1,BaoStock:query_history_k_data_plus:sh.000300:adjustflag=3
2011-03-09,3344.1000,3355.4870,3322.6980,3338.8580,3337.4570,7802636100,113534089995.0000,1,BaoStock:query_history_k_data_plus:sh.000300:adjustflag=3
2011-03-10,3330.4440,3330.4440,3279.3300,3280.2590,3338.8580,7821264200,117952630963.0000,1,BaoStock:query_history_k_data_plus:sh.000300:adjustflag=3
2011-03-11,3263.0810,3290.7000,3240.1810,3247.3760,3280.2590,6720833500,100306077088.0000,1,BaoStock:query_history_k_data_plus:sh.000300:adjustflag=3
2011-03-14,3238.9050,3263.9060,3230.1140,3262.9200,3247.3760,6368978300,94134688007.0000,1,BaoStock:query_history_k_data_plus:sh.000300:adjustflag=3
2011-03-15,3250.5950,3250.5950,3147.9570,3203.9610,3262.9200,9603397900,129603315155.0000,1,BaoStock:query_history_k_data_plus:sh.000300:adjustflag=3
2011-03-16,3204.9190,3250.8780,3202.9310,3248.1950,3203.9610,7885952000,111826095701.0000,1,BaoStock:query_history_k_data_plus:sh.000300:adjustflag=3
2011-03-17,3216.2880,3240.3810,3185.0840,3197.1000,3248.1950,8568711400,117295727563.0000,1,BaoStock:query_history_k_data_plus:sh.000300:adjustflag=3
2011-03-18,3228.9150,3239.9630,3205.1440,3215.6850,3197.1000,6134016100,86845200065.0000,1,BaoStock:query_history_k_data_plus:sh.000300:adjustflag=3
2011-03-21,3220.6770,3236.2790,3194.1450,3207.1100,3215.6850,5910503700,84105739105.0000,1,BaoStock:query_history_k_data_plus:sh.000300:adjustflag=3
2011-03-22,3217.8000,3227.7970,3175.9300,3222.9610,3207.1100,5724868400,80009792794.0000,1,BaoStock:query_history_k_data_plus:sh.000300:adjustflag=3
2011-03-23,3222.3250,3267.0040,3216.6530,3264.9260,3222.9610,7207758500,98540423659.0000,1,BaoStock:query_history_k_data_plus:sh.000300:adjustflag=3
2011-03-24,3269.5750,3273.3700,3250.0230,3251.3610,3264.9260,6130424400,88058905863.0000,1,BaoStock:query_history_k_data_plus:sh.000300:adjustflag=3
2011-03-25,3256.1790,3304.2640,3254.6830,3294.4840,3251.3610,8689597900,122021366960.0000,1,BaoStock:query_history_k_data_plus:sh.000300:adjustflag=3
2011-03-28,3307.4050,3328.0700,3286.8560,3290.5710,3294.4840,9768430000,139030083023.0000,1,BaoStock:query_history_k_data_plus:sh.000300:adjustflag=3
2011-03-29,3288.5640,3309.1990,3256.3370,3257.9790,3290.5710,10528016400,132908076725.0000,1,BaoStock:query_history_k_data_plus:sh.000300:adjustflag=3
2011-03-30,3256.7220,3274.9770,3233.1090,3256.0800,3257.9790,7833633700,103271930321.0000,1,BaoStock:query_history_k_data_plus:sh.000300:adjustflag=3
2011-03-31,3257.1640,3264.9560,3210.1740,3223.2880,3256.0800,6450388000,86565372662.0000,1,BaoStock:query_history_k_data_plus:sh.000300:adjustflag=3
2011-04-01,3227.5640,3272.7680,3220.9110,3272.7290,3223.2880,6309472200,86711549873.0000,1,BaoStock:query_history_k_data_plus:sh.000300:adjustflag=3
2011-04-06,3269.1900,3315.2990,3268.7650,3311.0670,3272.7290,10582367400,143030090888.0000,1,BaoStock:query_history_k_data_plus:sh.000300:adjustflag=3
2011-04-07,3313.4670,3330.8050,3302.8180,3324.4190,3311.0670,8468176200,112678585789.0000,1,BaoStock:query_history_k_data_plus:sh.000300:adjustflag=3
2011-04-08,3321.5400,3353.8890,3314.0890,3353.3580,3324.4190,7392921000,107329316269.0000,1,BaoStock:query_history_k_data_plus:sh.000300:adjustflag=3
2011-04-11,3363.3700,3380.5270,3331.1740,3333.4270,3353.3580,10442054500,141974385699.0000,1,BaoStock:query_history_k_data_plus:sh.000300:adjustflag=3
2011-04-12,3324.7540,3350.1560,3307.4760,3326.7710,3333.4270,10193850600,122863556078.0000,1,BaoStock:query_history_k_data_plus:sh.000300:adjustflag=3
2011-04-13,3311.3240,3372.0310,3296.5070,3372.0310,3326.7710,8703633800,108305234380.0000,1,BaoStock:query_history_k_data_plus:sh.000300:adjustflag=3
2011-04-14,3374.3240,3378.7030,3347.4880,3353.5600,3372.0310,8897224100,107491228060.0000,1,BaoStock:query_history_k_data_plus:sh.000300:adjustflag=3
2011-04-15,3345.1340,3378.1060,3323.5630,3358.9440,3353.5600,7851487400,98934572633.0000,1,BaoStock:query_history_k_data_plus:sh.000300:adjustflag=3
2011-04-18,3346.1490,3372.9000,3335.5990,3359.4380,3358.9440,8658262400,107178227750.0000,1,BaoStock:query_history_k_data_plus:sh.000300:adjustflag=3
2011-04-19,3334.9120,3334.9120,3290.7360,3295.8120,3359.4380,8510693300,104368983043.0000,1,BaoStock:query_history_k_data_plus:sh.000300:adjustflag=3
2011-04-20,3300.4180,3311.7250,3281.8270,3295.7580,3295.8120,7234331800,93667138370.0000,1,BaoStock:query_history_k_data_plus:sh.000300:adjustflag=3
2011-04-21,3312.2710,3330.2440,3301.9360,3317.3670,3295.7580,7324042400,96739132646.0000,1,BaoStock:query_history_k_data_plus:sh.000300:adjustflag=3
2011-04-22,3317.0830,3325.4590,3291.6380,3299.9420,3317.3670,6717145500,83528333290.0000,1,BaoStock:query_history_k_data_plus:sh.000300:adjustflag=3
2011-04-25,3292.4800,3292.4800,3247.6910,3249.5740,3299.9420,7442182900,98455879623.0000,1,BaoStock:query_history_k_data_plus:sh.000300:adjustflag=3
2011-04-26,3242.5290,3257.8000,3216.2100,3230.9600,3249.5740,5909641700,76696858373.0000,1,BaoStock:query_history_k_data_plus:sh.000300:adjustflag=3
2011-04-27,3242.6190,3256.4130,3189.0400,3209.5030,3230.9600,6244356700,75111247063.0000,1,BaoStock:query_history_k_data_plus:sh.000300:adjustflag=3
2011-04-28,3224.4130,3237.1920,3160.4060,3161.7760,3209.5030,6505023500,79155830155.0000,1,BaoStock:query_history_k_data_plus:sh.000300:adjustflag=3
2011-04-29,3161.1580,3193.5990,3147.1370,3192.7230,3161.7760,5368306500,63455814284.0000,1,BaoStock:query_history_k_data_plus:sh.000300:adjustflag=3
2011-05-03,3192.8450,3212.0550,3164.9260,3211.1320,3192.7230,5499891000,64348987555.0000,1,BaoStock:query_history_k_data_plus:sh.000300:adjustflag=3
2011-05-04,3192.8440,3193.4460,3120.9610,3129.0280,3211.1320,6671634000,83567655304.0000,1,BaoStock:query_history_k_data_plus:sh.000300:adjustflag=3
2011-05-05,3115.0030,3136.8970,3105.8540,3126.1170,3129.0280,5256774700,63009373497.0000,1,BaoStock:query_history_k_data_plus:sh.000300:adjustflag=3
2011-05-06,3093.8090,3141.6830,3083.9080,3121.3960,3126.1170,5535218600,69747372718.0000,1,BaoStock:query_history_k_data_plus:sh.000300:adjustflag=3
2011-05-09,3126.2600,3149.9370,3118.1410,3129.7590,3121.3960,4602740400,57287412506.0000,1,BaoStock:query_history_k_data_plus:sh.000300:adjustflag=3
2011-05-10,3135.1460,3153.3010,3121.7460,3153.2210,3129.7590,4093299500,54931224820.0000,1,BaoStock:query_history_k_data_plus:sh.000300:adjustflag=3
2011-05-11,3153.6480,3164.6500,3127.4940,3145.0850,3153.2210,4768853300,59507719522.0000,1,BaoStock:query_history_k_data_plus:sh.000300:adjustflag=3
2011-05-12,3123.1580,3142.3970,3101.1360,3101.6030,3145.0850,4879950100,61703080348.0000,1,BaoStock:query_history_k_data_plus:sh.000300:adjustflag=3
2011-05-13,3105.3030,3128.4420,3080.1900,3128.0930,3101.6030,4689595100,57757204870.0000,1,BaoStock:query_history_k_data_plus:sh.000300:adjustflag=3
2011-05-16,3120.4360,3137.6040,3098.7760,3100.4630,3128.0930,4519431900,54238723382.0000,1,BaoStock:query_history_k_data_plus:sh.000300:adjustflag=3
2011-05-17,3097.0710,3136.2310,3076.9460,3116.0280,3100.4630,5120373100,65417943732.0000,1,BaoStock:query_history_k_data_plus:sh.000300:adjustflag=3
2011-05-18,3109.2940,3145.6980,3106.5520,3139.3790,3116.0280,3964176800,49757174173.0000,1,BaoStock:query_history_k_data_plus:sh.000300:adjustflag=3
2011-05-19,3148.3530,3154.9350,3118.6190,3120.6390,3139.3790,4311078200,52249679659.0000,1,BaoStock:query_history_k_data_plus:sh.000300:adjustflag=3
2011-05-20,3120.5790,3133.4290,3113.2710,3121.5960,3120.6390,3846801200,48967028428.0000,1,BaoStock:query_history_k_data_plus:sh.000300:adjustflag=3
2011-05-23,3115.3120,3115.3120,3021.4500,3022.9800,3121.5960,5590247200,66976426510.0000,1,BaoStock:query_history_k_data_plus:sh.000300:adjustflag=3
2011-05-24,3013.7150,3029.7460,2999.8850,3026.2230,3022.9800,4160894400,52971692396.0000,1,BaoStock:query_history_k_data_plus:sh.000300:adjustflag=3
2011-05-25,3020.3230,3030.9880,2988.0940,2990.3430,3026.2230,3928970400,48604397867.0000,1,BaoStock:query_history_k_data_plus:sh.000300:adjustflag=3
2011-05-26,3011.4660,3021.2030,2977.5960,2978.3810,2990.3430,3700374700,48346482355.0000,1,BaoStock:query_history_k_data_plus:sh.000300:adjustflag=3
2011-05-27,2980.7210,2996.6050,2962.0670,2963.3080,2978.3810,4277090500,52019994149.0000,1,BaoStock:query_history_k_data_plus:sh.000300:adjustflag=3
2011-05-30,2956.5750,2982.5830,2942.3610,2954.5060,2963.3080,3467116000,42960260576.0000,1,BaoStock:query_history_k_data_plus:sh.000300:adjustflag=3
2011-05-31,2958.6070,3001.7270,2946.1460,3001.5560,2954.5060,3968939900,50553386204.0000,1,BaoStock:query_history_k_data_plus:sh.000300:adjustflag=3
2011-06-01,2996.0850,3006.5560,2985.7110,3004.1730,3001.5560,3841932700,49060076491.0000,1,BaoStock:query_history_k_data_plus:sh.000300:adjustflag=3
2011-06-02,2970.6340,2984.4910,2923.0160,2955.7050,3004.1730,5261786700,61748347004.0000,1,BaoStock:query_history_k_data_plus:sh.000300:adjustflag=3
2011-06-03,2951.5790,2993.8950,2951.2010,2986.3490,2955.7050,3907616400,49273758984.0000,1,BaoStock:query_history_k_data_plus:sh.000300:adjustflag=3
2011-06-07,2977.6810,3006.5690,2974.3610,3004.2620,2986.3490,3685233200,49859134919.0000,1,BaoStock:query_history_k_data_plus:sh.000300:adjustflag=3
2011-06-08,3003.5810,3012.8060,2965.9230,3008.6520,3004.2620,4290875800,51123188095.0000,1,BaoStock:query_history_k_data_plus:sh.000300:adjustflag=3
2011-06-09,3000.4040,3004.0600,2951.8890,2951.8890,3008.6520,4749663600,55381280377.0000,1,BaoStock:query_history_k_data_plus:sh.000300:adjustflag=3
2011-06-10,2947.9270,2964.0790,2925.8680,2961.9320,2951.8890,4220188200,50942992933.0000,1,BaoStock:query_history_k_data_plus:sh.000300:adjustflag=3
2011-06-13,2940.3910,2957.5230,2921.7460,2950.3480,2961.9320,3835166800,46991283431.0000,1,BaoStock:query_history_k_data_plus:sh.000300:adjustflag=3
2011-06-14,2947.6550,3000.5260,2943.5310,2993.5590,2950.3480,5598281500,66158911408.0000,1,BaoStock:query_history_k_data_plus:sh.000300:adjustflag=3
2011-06-15,2984.9620,2999.1500,2963.1120,2963.1190,2993.5590,4439085200,54467701030.0000,1,BaoStock:query_history_k_data_plus:sh.000300:adjustflag=3
2011-06-16,2939.6810,2946.8150,2915.4010,2917.5780,2963.1190,4113548200,47067185495.0000,1,BaoStock:query_history_k_data_plus:sh.000300:adjustflag=3
2011-06-17,2916.4050,2934.0610,2891.0150,2892.1570,2917.5780,4117653000,51647156163.0000,1,BaoStock:query_history_k_data_plus:sh.000300:adjustflag=3
2011-06-20,2888.9350,2896.0810,2862.4080,2874.8960,2892.1570,3799198200,45416696840.0000,1,BaoStock:query_history_k_data_plus:sh.000300:adjustflag=3
2011-06-21,2883.3540,2909.5720,2877.0540,2909.0730,2874.8960,4203892300,50160678865.0000,1,BaoStock:query_history_k_data_plus:sh.000300:adjustflag=3
2011-06-22,2913.6660,2921.0340,2894.1780,2908.5820,2909.0730,3731880200,43263825738.0000,1,BaoStock:query_history_k_data_plus:sh.000300:adjustflag=3
2011-06-23,2899.0130,2966.5400,2888.6780,2957.6290,2908.5820,4594111700,55276886318.0000,1,BaoStock:query_history_k_data_plus:sh.000300:adjustflag=3
2011-06-24,2946.6090,3047.9430,2944.0510,3027.4700,2957.6290,8545924000,104972923209.0000,1,BaoStock:query_history_k_data_plus:sh.000300:adjustflag=3
2011-06-27,3028.4960,3056.0230,3019.2360,3036.4910,3027.4700,6561577100,79044152725.0000,1,BaoStock:query_history_k_data_plus:sh.000300:adjustflag=3
2011-06-28,3040.1830,3046.7970,3013.9960,3041.7340,3036.4910,5576625400,70333384864.0000,1,BaoStock:query_history_k_data_plus:sh.000300:adjustflag=3
2011-06-29,3039.0470,3043.8150,2999.9530,3000.1690,3041.7340,5347684800,61717623012.0000,1,BaoStock:query_history_k_data_plus:sh.000300:adjustflag=3
2011-06-30,3003.2300,3058.6250,3003.2300,3044.0890,3000.1690,6250254900,73891668789.0000,1,BaoStock:query_history_k_data_plus:sh.000300:adjustflag=3
2011-07-01,3052.1200,3071.2060,3034.0720,3049.7450,3044.0890,5676665300,72614645374.0000,1,BaoStock:query_history_k_data_plus:sh.000300:adjustflag=3
2011-07-04,3064.9350,3124.5820,3064.9350,3121.9800,3049.7450,8046403100,102679821385.0000,1,BaoStock:query_history_k_data_plus:sh.000300:adjustflag=3
2011-07-05,3122.8990,3128.5290,3105.0860,3122.5000,3121.9800,6776333500,81999827927.0000,1,BaoStock:query_history_k_data_plus:sh.000300:adjustflag=3
2011-07-06,3116.1210,3116.1210,3084.8340,3113.7120,3122.5000,6155580700,76556996969.0000,1,BaoStock:query_history_k_data_plus:sh.000300:adjustflag=3
2011-07-07,3123.2900,3140.1020,3101.0960,3101.6800,3113.7120,7181036000,92120550136.0000,1,BaoStock:query_history_k_data_plus:sh.000300:adjustflag=3
2011-07-08,3105.4860,3124.3860,3093.3740,3109.1830,3101.6800,5128259300,65155542913.0000,1,BaoStock:query_history_k_data_plus:sh.000300:adjustflag=3
2011-07-11,3097.8740,3120.9980,3086.2630,3113.2060,3109.1830,4792066000,62237248759.0000,1,BaoStock:query_history_k_data_plus:sh.000300:adjustflag=3
2011-07-12,3089.1360,3090.0970,3054.8000,3056.9050,3113.2060,5710798400,71222640397.0000,1,BaoStock:query_history_k_data_plus:sh.000300:adjustflag=3
2011-07-13,3060.4200,3108.4970,3060.4200,3106.2470,3056.9050,5411436700,68294830332.0000,1,BaoStock:query_history_k_data_plus:sh.000300:adjustflag=3
2011-07-14,3112.5870,3126.1530,3092.4730,3115.7450,3106.2470,6031493500,79948505027.0000,1,BaoStock:query_history_k_data_plus:sh.000300:adjustflag=3
2011-07-15,3105.4970,3130.7750,3097.3360,3128.8890,3115.7450,6155032200,79424849005.0000,1,BaoStock:query_history_k_data_plus:sh.000300:adjustflag=3
2011-07-18,3131.8030,3137.9220,3113.6670,3122.6000,3128.8890,6069131100,78225031039.0000,1,BaoStock:query_history_k_data_plus:sh.000300:adjustflag=3
2011-07-19,3108.4720,3109.9160,3088.3770,3095.1250,3122.6000,5338870900,68506068928.0000,1,BaoStock:query_history_k_data_plus:sh.000300:adjustflag=3
2011-07-20,3113.7050,3119.5430,3071.8500,3091.5670,3095.1250,4411833100,56930993021.0000,1,BaoStock:query_history_k_data_plus:sh.000300:adjustflag=3
2011-07-21,3092.2710,3099.2780,3058.2550,3059.1390,3091.5670,4408469100,57942637401.0000,1,BaoStock:query_history_k_data_plus:sh.000300:adjustflag=3
2011-07-22,3066.1920,3083.1910,3059.5980,3067.9850,3059.1390,3725725500,49618948350.0000,1,BaoStock:query_history_k_data_plus:sh.000300:adjustflag=3
2011-07-25,3050.8970,3050.8970,2958.8780,2968.2890,3067.9850,6718099600,77513632253.0000,1,BaoStock:query_history_k_data_plus:sh.000300:adjustflag=3
2011-07-26,2965.7210,2980.8570,2957.6100,2977.7660,2968.2890,4351545700,49560684459.0000,1,BaoStock:query_history_k_data_plus:sh.000300:adjustflag=3
2011-07-27,2961.5760,3002.6910,2951.5160,3000.0520,2977.7660,4838561200,58746220328.0000,1,BaoStock:query_history_k_data_plus:sh.000300:adjustflag=3
2011-07-28,2973.6420,2984.3750,2956.7100,2981.0020,3000.0520,4813898400,60678598008.0000,1,BaoStock:query_history_k_data_plus:sh.000300:adjustflag=3
2011-07-29,2981.0210,2995.9740,2948.0760,2972.0790,2981.0020,4629825300,54358237266.0000,1,BaoStock:query_history_k_data_plus:sh.000300:adjustflag=3
2011-08-01,2969.1060,2991.0510,2958.8320,2977.7210,2972.0790,3388694900,41203123005.0000,1,BaoStock:query_history_k_data_plus:sh.000300:adjustflag=3
2011-08-02,2958.8500,2958.8500,2919.0140,2956.3830,2977.7210,3897835700,48435295389.0000,1,BaoStock:query_history_k_data_plus:sh.000300:adjustflag=3
2011-08-03,2930.1930,2969.1320,2927.0960,2954.8700,2956.3830,3866836200,49593983761.0000,1,BaoStock:query_history_k_data_plus:sh.000300:adjustflag=3
2011-08-04,2962.9130,2983.0120,2951.8380,2960.3090,2954.8700,3298571900,41335656567.0000,1,BaoStock:query_history_k_data_plus:sh.000300:adjustflag=3
2011-08-05,2881.7370,2916.4100,2868.1570,2897.4170,2960.3090,4931685400,60240017405.0000,1,BaoStock:query_history_k_data_plus:sh.000300:adjustflag=3
2011-08-08,2864.5140,2888.7690,2747.9670,2793.8970,2897.4170,7151776600,83694787456.0000,1,BaoStock:query_history_k_data_plus:sh.000300:adjustflag=3
2011-08-09,2720.9530,2812.7690,2697.0620,2798.1900,2793.8970,6984267600,79653278208.0000,1,BaoStock:query_history_k_data_plus:sh.000300:adjustflag=3
2011-08-10,2845.3520,2858.5530,2820.1230,2824.1200,2798.1900,5865931200,68580540607.0000,1,BaoStock:query_history_k_data_plus:sh.000300:adjustflag=3
2011-08-11,2779.7150,2867.3110,2777.7610,2866.9240,2824.1200,5899768900,69223945409.0000,1,BaoStock:query_history_k_data_plus:sh.000300:adjustflag=3
2011-08-12,2881.5540,2894.2240,2868.8710,2875.3650,2866.9240,5719740600,63487643741.0000,1,BaoStock:query_history_k_data_plus:sh.000300:adjustflag=3
2011-08-15,2883.1740,2917.8830,2870.1900,2917.8830,2875.3650,5987547600,61102226502.0000,1,BaoStock:query_history_k_data_plus:sh.000300:adjustflag=3
2011-08-16,2920.8290,2932.1400,2888.3340,2897.5810,2917.8830,5096268100,57496628333.0000,1,BaoStock:query_history_k_data_plus:sh.000300:adjustflag=3
2011-08-17,2893.8490,2910.8350,2881.6310,2886.0130,2897.5810,3917817900,41891853603.0000,1,BaoStock:query_history_k_data_plus:sh.000300:adjustflag=3
2011-08-18,2887.1030,2889.9970,2832.2690,2834.2540,2886.0130,4076888300,45784423192.0000,1,BaoStock:query_history_k_data_plus:sh.000300:adjustflag=3
2011-08-19,2789.3460,2814.0990,2782.5560,2807.6640,2834.2540,4325965000,48442961960.0000,1,BaoStock:query_history_k_data_plus:sh.000300:adjustflag=3
2011-08-22,2809.3290,2829.6870,2768.4180,2777.7870,2807.6640,3420968500,40136538647.0000,1,BaoStock:query_history_k_data_plus:sh.000300:adjustflag=3
2011-08-23,2788.6990,2821.0030,2777.2870,2821.0030,2777.7870,3262051400,36441994495.0000,1,BaoStock:query_history_k_data_plus:sh.000300:adjustflag=3
2011-08-24,2834.5770,2845.4700,2804.8180,2810.0160,2821.0030,3530156500,41939777958.0000,1,BaoStock:query_history_k_data_plus:sh.000300:adjustflag=3
2011-08-25,2818.7010,2904.4380,2815.9120,2903.8370,2810.0160,7221684500,75745960111.0000,1,BaoStock:query_history_k_data_plus:sh.000300:adjustflag=3
2011-08-26,2889.3820,2907.3980,2876.8280,2901.2160,2903.8370,4560410200,51759427726.0000,1,BaoStock:query_history_k_data_plus:sh.000300:adjustflag=3
2011-08-29,2875.7840,2875.7840,2847.4760,2852.8090,2901.2160,4426785000,49892653226.0000,1,BaoStock:query_history_k_data_plus:sh.000300:adjustflag=3
2011-08-30,2875.1440,2901.7330,2838.3300,2841.7400,2852.8090,4313787200,48565790320.0000,1,BaoStock:query_history_k_data_plus:sh.000300:adjustflag=3
2011-08-31,2843.9930,2855.3050,2823.7700,2846.7760,2841.7400,3210789900,37624544060.0000,1,BaoStock:query_history_k_data_plus:sh.000300:adjustflag=3
2011-09-01,2852.3860,2869.2490,2825.9560,2834.5350,2846.7760,3011870200,35143727252.0000,1,BaoStock:query_history_k_data_plus:sh.000300:adjustflag=3
2011-09-02,2828.8390,2836.6240,2790.7690,2803.8540,2834.5350,2931711600,31960598827.0000,1,BaoStock:query_history_k_data_plus:sh.000300:adjustflag=3
2011-09-05,2780.8340,2780.8340,2743.3830,2743.8170,2803.8540,3200566000,36040312618.0000,1,BaoStock:query_history_k_data_plus:sh.000300:adjustflag=3
2011-09-06,2727.7490,2745.3600,2711.0710,2723.3030,2743.8170,2971398200,33746805052.0000,1,BaoStock:query_history_k_data_plus:sh.000300:adjustflag=3
2011-09-07,2738.7890,2779.2050,2730.0550,2779.0900,2723.3030,3326538100,37096662193.0000,1,BaoStock:query_history_k_data_plus:sh.000300:adjustflag=3
2011-09-08,2788.8320,2789.1120,2755.7990,2756.1050,2779.0900,2683873500,31209441131.0000,1,BaoStock:query_history_k_data_plus:sh.000300:adjustflag=3
2011-09-09,2770.1530,2796.3520,2739.6200,2751.0950,2756.1050,2707350300,30348131114.0000,1,BaoStock:query_history_k_data_plus:sh.000300:adjustflag=3
2011-09-13,2712.4430,2726.1850,2698.6600,2720.2830,2751.0950,2671376400,30034340041.0000,1,BaoStock:query_history_k_data_plus:sh.000300:adjustflag=3
2011-09-14,2729.2560,2736.9050,2677.1270,2733.1080,2720.2830,3042478000,32858416579.0000,1,BaoStock:query_history_k_data_plus:sh.000300:adjustflag=3
2011-09-15,2734.5520,2754.1930,2728.9050,2729.0510,2733.1080,3117192500,32507109143.0000,1,BaoStock:query_history_k_data_plus:sh.000300:adjustflag=3
2011-09-16,2744.2180,2755.8890,2728.9950,2733.9870,2729.0510,2755593200,29743911967.0000,1,BaoStock:query_history_k_data_plus:sh.000300:adjustflag=3
2011-09-19,2718.3180,2718.3180,2678.7950,2679.2700,2733.9870,2909094100,29731416051.0000,1,BaoStock:query_history_k_data_plus:sh.000300:adjustflag=3
2011-09-20,2675.0430,2702.2800,2664.1000,2689.8450,2679.2700,2559868100,27274347411.0000,1,BaoStock:query_history_k_data_plus:sh.000300:adjustflag=3
2011-09-21,2691.7010,2778.3530,2677.3490,2771.0110,2689.8450,5619417100,59146487177.0000,1,BaoStock:query_history_k_data_plus:sh.000300:adjustflag=3
2011-09-22,2745.1460,2754.9170,2684.9400,2685.6880,2771.0110,4710266000,47793334084.0000,1,BaoStock:query_history_k_data_plus:sh.000300:adjustflag=3
2011-09-23,2644.2940,2681.2270,2631.4250,2669.4780,2685.6880,4259222400,45934334698.0000,1,BaoStock:query_history_k_data_plus:sh.000300:adjustflag=3
2011-09-26,2645.2450,2679.5600,2603.1080,2610.9190,2669.4780,3917512400,40495022542.0000,1,BaoStock:query_history_k_data_plus:sh.000300:adjustflag=3
2011-09-27,2634.9250,2652.5600,2613.4230,2637.8790,2610.9190,3502197400,37301310910.0000,1,BaoStock:query_history_k_data_plus:sh.000300:adjustflag=3
2011-09-28,2654.8300,2660.0990,2602.6300,2610.5900,2637.8790,3416955500,36195919556.0000,1,BaoStock:query_history_k_data_plus:sh.000300:adjustflag=3
2011-09-29,2593.5590,2615.1440,2577.2860,2588.1850,2610.5900,3709359300,37708584378.0000,1,BaoStock:query_history_k_data_plus:sh.000300:adjustflag=3
2011-09-30,2595.5820,2607.5660,2572.1930,2581.3510,2588.1850,3205082200,32376678343.0000,1,BaoStock:query_history_k_data_plus:sh.000300:adjustflag=3
2011-10-10,2588.3490,2595.3240,2552.2840,2557.0820,2581.3510,2832512200,28149902145.0000,1,BaoStock:query_history_k_data_plus:sh.000300:adjustflag=3
2011-10-11,2625.1630,2635.6940,2526.6490,2551.9940,2557.0820,4502984800,47409892228.0000,1,BaoStock:query_history_k_data_plus:sh.000300:adjustflag=3
2011-10-12,2537.3980,2647.0150,2523.3440,2644.7580,2551.9940,6594568000,62822831798.0000,1,BaoStock:query_history_k_data_plus:sh.000300:adjustflag=3
2011-10-13,2636.8630,2672.9100,2629.4050,2662.6010,2644.7580,6042620100,56631043777.0000,1,BaoStock:query_history_k_data_plus:sh.000300:adjustflag=3
2011-10-14,2655.3580,2665.4430,2629.8790,2653.7820,2662.6010,3833694800,37326709609.0000,1,BaoStock:query_history_k_data_plus:sh.000300:adjustflag=3
2011-10-17,2658.9470,2687.1020,2653.3840,2666.9510,2653.7820,3615831500,38101620397.0000,1,BaoStock:query_history_k_data_plus:sh.000300:adjustflag=3
2011-10-18,2646.8410,2651.7320,2589.2050,2592.2090,2666.9510,3937344800,39453303360.0000,1,BaoStock:query_history_k_data_plus:sh.000300:adjustflag=3
2011-10-19,2599.9170,2617.4110,2580.6630,2583.0810,2592.2090,3111616600,32114967067.0000,1,BaoStock:query_history_k_data_plus:sh.000300:adjustflag=3
2011-10-20,2566.6030,2570.1010,2500.4860,2520.5320,2583.0810,3984246200,39409600021.0000,1,BaoStock:query_history_k_data_plus:sh.000300:adjustflag=3
2011-10-21,2522.2570,2538.1170,2504.6930,2507.8770,2520.5320,2984350300,29090707044.0000,1,BaoStock:query_history_k_data_plus:sh.000300:adjustflag=3
2011-10-24,2517.0590,2581.1250,2501.9560,2576.6690,2507.8770,4634580100,44056731116.0000,1,BaoStock:query_history_k_data_plus:sh.000300:adjustflag=3
2011-10-25,2572.7080,2633.9680,2560.0470,2625.4250,2576.6690,5796737500,57533462226.0000,1,BaoStock:query_history_k_data_plus:sh.000300:adjustflag=3
2011-10-26,2613.2720,2679.6580,2611.0120,2651.6520,2625.4250,7309824000,69534363517.0000,1,BaoStock:query_history_k_data_plus:sh.000300:adjustflag=3
2011-10-27,2658.4280,2672.8400,2647.2960,2657.4780,2651.6520,4882039100,47403219262.0000,1,BaoStock:query_history_k_data_plus:sh.000300:adjustflag=3
2011-10-28,2694.5420,2729.1390,2689.3760,2709.0170,2657.4780,7164310500,72908419745.0000,1,BaoStock:query_history_k_data_plus:sh.000300:adjustflag=3
2011-10-31,2704.5350,2709.3170,2680.9920,2695.3070,2709.0170,5040711200,52522499085.0000,1,BaoStock:query_history_k_data_plus:sh.000300:adjustflag=3
2011-11-01,2672.5080,2726.0880,2669.0500,2697.5340,2695.3070,5520665100,56067605452.0000,1,BaoStock:query_history_k_data_plus:sh.000300:adjustflag=3
2011-11-02,2658.5470,2742.9380,2653.7220,2742.3900,2697.5340,6436158400,65327476275.0000,1,BaoStock:query_history_k_data_plus:sh.000300:adjustflag=3
2011-11-03,2752.6270,2781.0390,2743.1960,2744.3010,2742.3900,8482076000,90502549983.0000,1,BaoStock:query_history_k_data_plus:sh.000300:adjustflag=3
2011-11-04,2770.5720,2781.9900,2748.9780,2763.7460,2744.3010,6195821800,63500868592.0000,1,BaoStock:query_history_k_data_plus:sh.000300:adjustflag=3
2011-11-07,2750.9910,2769.2960,2733.1680,2736.2480,2763.7460,4537505600,47761935110.0000,1,BaoStock:query_history_k_data_plus:sh.000300:adjustflag=3
2011-11-08,2745.0590,2756.0910,2723.6930,2727.7100,2736.2480,4788425200,47864912703.0000,1,BaoStock:query_history_k_data_plus:sh.000300:adjustflag=3
2011-11-09,2739.1540,2755.8110,2710.0540,2751.6540,2727.7100,4687796000,48484230112.0000,1,BaoStock:query_history_k_data_plus:sh.000300:adjustflag=3
2011-11-10,2720.8360,2729.5720,2698.3060,2699.5880,2751.6540,5117370200,51793948486.0000,1,BaoStock:query_history_k_data_plus:sh.000300:adjustflag=3
2011-11-11,2705.2430,2713.9140,2685.1010,2695.0020,2699.5880,3663669600,38724219259.0000,1,BaoStock:query_history_k_data_plus:sh.000300:adjustflag=3
2011-11-14,2717.5440,2751.8800,2714.8620,2750.1950,2695.0020,4639094300,51333489021.0000,1,BaoStock:query_history_k_data_plus:sh.000300:adjustflag=3
2011-11-15,2746.7730,2754.0010,2732.9130,2744.6800,2750.1950,4175986400,46980738996.0000,1,BaoStock:query_history_k_data_plus:sh.000300:adjustflag=3
2011-11-16,2745.8580,2746.2900,2659.1480,2670.1160,2744.6800,5594923900,57844199048.0000,1,BaoStock:query_history_k_data_plus:sh.000300:adjustflag=3
2011-11-17,2671.9530,2687.8310,2660.6510,2662.0170,2670.1160,3524765200,37762635927.0000,1,BaoStock:query_history_k_data_plus:sh.000300:adjustflag=3
2011-11-18,2643.6670,2646.2090,2601.1790,2606.4950,2662.0170,4241471800,44949477108.0000,1,BaoStock:query_history_k_data_plus:sh.000300:adjustflag=3
2011-11-21,2608.5560,2613.2620,2587.7420,2609.6870,2606.4950,2797189600,31175406753.0000,1,BaoStock:query_history_k_data_plus:sh.000300:adjustflag=3
2011-11-22,2592.2290,2611.1500,2580.7810,2609.4750,2609.6870,2906907800,31886735092.0000,1,BaoStock:query_history_k_data_plus:sh.000300:adjustflag=3
2011-11-23,2613.2910,2617.0880,2578.1570,2584.0110,2609.4750,2853141200,30958563539.0000,1,BaoStock:query_history_k_data_plus:sh.000300:adjustflag=3
2011-11-24,2565.6860,2604.2360,2557.6950,2588.9150,2584.0110,3031960100,31894726945.0000,1,BaoStock:query_history_k_data_plus:sh.000300:adjustflag=3
2011-11-25,2585.1370,2598.3920,2563.6500,2569.9730,2588.9150,2391376600,27509358470.0000,1,BaoStock:query_history_k_data_plus:sh.000300:adjustflag=3
2011-11-28,2578.3440,2589.3540,2562.4930,2573.3210,2569.9730,2566693600,29179539395.0000,1,BaoStock:query_history_k_data_plus:sh.000300:adjustflag=3
2011-11-29,2595.0860,2609.1870,2580.2930,2608.5690,2573.3210,3002587800,34962425966.0000,1,BaoStock:query_history_k_data_plus:sh.000300:adjustflag=3
2011-11-30,2600.0990,2601.9000,2507.1840,2521.5200,2608.5690,4235264500,42454205363.0000,1,BaoStock:query_history_k_data_plus:sh.000300:adjustflag=3
2011-12-01,2596.1530,2630.6640,2577.7220,2583.6130,2521.5200,6352025200,66146809487.0000,1,BaoStock:query_history_k_data_plus:sh.000300:adjustflag=3
2011-12-02,2570.5600,2575.6920,2543.5320,2557.3110,2583.6130,3218370300,33168419336.0000,1,BaoStock:query_history_k_data_plus:sh.000300:adjustflag=3
2011-12-05,2561.2000,2561.2000,2517.1790,2521.3850,2557.3110,3206338800,32749927399.0000,1,BaoStock:query_history_k_data_plus:sh.000300:adjustflag=3
2011-12-06,2515.0440,2525.6660,2499.5740,2516.3410,2521.3850,2629758100,26310941611.0000,1,BaoStock:query_history_k_data_plus:sh.000300:adjustflag=3
2011-12-07,2517.3410,2534.5290,2509.7770,2528.2280,2516.3410,2326183900,23433730534.0000,1,BaoStock:query_history_k_data_plus:sh.000300:adjustflag=3
2011-12-08,2525.0410,2549.1010,2494.6940,2525.0010,2528.2280,2777774400,27843683566.0000,1,BaoStock:query_history_k_data_plus:sh.000300:adjustflag=3
2011-12-09,2506.6240,2525.1620,2496.9720,2503.4610,2525.0010,2402905900,25477241953.0000,1,BaoStock:query_history_k_data_plus:sh.000300:adjustflag=3
2011-12-12,2497.9220,2502.0460,2476.1160,2477.6920,2503.4610,2190124900,21200444065.0000,1,BaoStock:query_history_k_data_plus:sh.000300:adjustflag=3
2011-12-13,2467.0160,2472.6560,2418.6730,2421.9280,2477.6920,3571753400,33269154181.0000,1,BaoStock:query_history_k_data_plus:sh.000300:adjustflag=3
2011-12-14,2415.9440,2433.5500,2392.2990,2397.4800,2421.9280,2532010900,23753606413.0000,1,BaoStock:query_history_k_data_plus:sh.000300:adjustflag=3
2011-12-15,2382.4410,2384.4730,2340.4470,2340.7880,2397.4800,3675083400,33900401991.0000,1,BaoStock:query_history_k_data_plus:sh.000300:adjustflag=3
2011-12-16,2339.9760,2390.3780,2332.1400,2390.1290,2340.7880,3630233900,33652058785.0000,1,BaoStock:query_history_k_data_plus:sh.000300:adjustflag=3
2011-12-19,2370.4180,2387.8900,2321.6570,2384.4080,2390.1290,3790975200,33711370957.0000,1,BaoStock:query_history_k_data_plus:sh.000300:adjustflag=3
2011-12-20,2376.7090,2412.5720,2373.8600,2377.0730,2384.4080,3240232700,29967658690.0000,1,BaoStock:query_history_k_data_plus:sh.000300:adjustflag=3
2011-12-21,2397.2750,2404.7750,2337.6930,2339.1080,2377.0730,3120952500,30917839680.0000,1,BaoStock:query_history_k_data_plus:sh.000300:adjustflag=3
2011-12-22,2325.2700,2358.4680,2294.6070,2341.3350,2339.1080,3668385800,31845455341.0000,1,BaoStock:query_history_k_data_plus:sh.000300:adjustflag=3
2011-12-23,2337.3820,2382.7090,2331.9580,2359.1590,2341.3350,3316190400,29910296920.0000,1,BaoStock:query_history_k_data_plus:sh.000300:adjustflag=3
2011-12-26,2345.5550,2369.8180,2334.7940,2335.7020,2359.1590,2822408700,25033053118.0000,1,BaoStock:query_history_k_data_plus:sh.000300:adjustflag=3
2011-12-27,2332.8260,2346.3840,2302.4110,2305.0350,2335.7020,2927731400,26777021276.0000,1,BaoStock:query_history_k_data_plus:sh.000300:adjustflag=3
2011-12-28,2295.8660,2309.6450,2267.1140,2307.9280,2305.0350,3288202000,28839274201.0000,1,BaoStock:query_history_k_data_plus:sh.000300:adjustflag=3
2011-12-29,2297.2880,2323.4880,2293.8720,2311.3610,2307.9280,3088770000,26868223305.0000,1,BaoStock:query_history_k_data_plus:sh.000300:adjustflag=3
2011-12-30,2318.6730,2349.0290,2318.6730,2345.7420,2311.3610,3586524300,32362650284.0000,1,BaoStock:query_history_k_data_plus:sh.000300:adjustflag=3
2012-01-04,2361.4990,2365.9880,2298.2980,2298.7530,2345.7420,3434456700,32572551267.0000,1,BaoStock:query_history_k_data_plus:sh.000300:adjustflag=3
2012-01-05,2290.7800,2316.6570,2272.1530,2276.3850,2298.7530,4301648000,37635272074.0000,1,BaoStock:query_history_k_data_plus:sh.000300:adjustflag=3
2012-01-06,2274.3520,2291.8850,2254.5670,2290.6010,2276.3850,3519899200,31079362325.0000,1,BaoStock:query_history_k_data_plus:sh.000300:adjustflag=3
2012-01-09,2291.1820,2368.8890,2271.7170,2368.5700,2290.6010,5472734100,51478126954.0000,1,BaoStock:query_history_k_data_plus:sh.000300:adjustflag=3
2012-01-10,2365.7680,2449.9550,2361.2810,2447.3490,2368.5700,8115498900,75249157103.0000,1,BaoStock:query_history_k_data_plus:sh.000300:adjustflag=3
2012-01-11,2444.7570,2453.1460,2423.3220,2435.6080,2447.3490,5870567400,57587219272.0000,1,BaoStock:query_history_k_data_plus:sh.000300:adjustflag=3
2012-01-12,2426.8200,2464.3780,2423.3210,2435.2190,2435.6080,4712127500,47877407259.0000,1,BaoStock:query_history_k_data_plus:sh.000300:adjustflag=3
2012-01-13,2438.4050,2445.7870,2374.5450,2394.3340,2435.2190,4551399700,47228338588.0000,1,BaoStock:query_history_k_data_plus:sh.000300:adjustflag=3
2012-01-16,2376.9530,2394.4980,2345.6330,2345.6490,2394.3340,3052714500,34410385319.0000,1,BaoStock:query_history_k_data_plus:sh.000300:adjustflag=3
2012-01-17,2347.5680,2462.4290,2329.2480,2460.6010,2345.6490,6420564800,64324131068.0000,1,BaoStock:query_history_k_data_plus:sh.000300:adjustflag=3
2012-01-18,2464.9200,2485.4980,2414.5270,2422.1890,2460.6010,6389235800,67058838880.0000,1,BaoStock:query_history_k_data_plus:sh.000300:adjustflag=3
2012-01-19,2423.8570,2480.2060,2414.9850,2468.3500,2422.1890,5561572600,56377653304.0000,1,BaoStock:query_history_k_data_plus:sh.000300:adjustflag=3
2012-01-20,2476.7300,2510.3400,2462.5940,2504.0860,2468.3500,5452978300,57474475709.0000,1,BaoStock:query_history_k_data_plus:sh.000300:adjustflag=3
2012-01-30,2508.8770,2508.8770,2460.3960,2460.7200,2504.0860,4351714800,44770885276.0000,1,BaoStock:query_history_k_data_plus:sh.000300:adjustflag=3
2012-01-31,2462.3380,2472.8390,2447.7680,2464.2600,2460.7200,3070150100,32694132107.0000,1,BaoStock:query_history_k_data_plus:sh.000300:adjustflag=3
2012-02-01,2458.2330,2481.6640,2423.4500,2428.9940,2464.2600,3501537400,37752320797.0000,1,BaoStock:query_history_k_data_plus:sh.000300:adjustflag=3
2012-02-02,2437.4700,2486.2380,2429.7090,2486.2380,2428.9940,4206698500,44126383715.0000,1,BaoStock:query_history_k_data_plus:sh.000300:adjustflag=3
2012-02-03,2478.3360,2514.6450,2470.2800,2506.0900,2486.2380,4994924000,51507545973.0000,1,BaoStock:query_history_k_data_plus:sh.000300:adjustflag=3
2012-02-06,2511.1720,2520.7580,2488.7090,2504.3220,2506.0900,4507990500,47541523547.0000,1,BaoStock:query_history_k_data_plus:sh.000300:adjustflag=3
2012-02-07,2489.0320,2489.0320,2441.6980,2457.9540,2504.3220,3967916400,40034277145.0000,1,BaoStock:query_history_k_data_plus:sh.000300:adjustflag=3
2012-02-08,2456.4220,2534.1620,2450.9990,2528.2360,2457.9540,5618645600,61721305024.0000,1,BaoStock:query_history_k_data_plus:sh.000300:adjustflag=3
2012-02-09,2525.5890,2546.0250,2513.1310,2529.2310,2528.2360,5929975100,63456204565.0000,1,BaoStock:query_history_k_data_plus:sh.000300:adjustflag=3
2012-02-10,2521.6760,2560.0270,2521.1550,2533.6240,2529.2310,6157587700,60029482361.0000,1,BaoStock:query_history_k_data_plus:sh.000300:adjustflag=3
2012-02-13,2504.4100,2553.4460,2496.3050,2531.9810,2533.6240,5191397300,54282622440.0000,1,BaoStock:query_history_k_data_plus:sh.000300:adjustflag=3
2012-02-14,2528.9670,2533.2640,2506.5370,2522.1070,2531.9810,4043010100,43723682304.0000,1,BaoStock:query_history_k_data_plus:sh.000300:adjustflag=3
2012-02-15,2515.8290,2562.0710,2511.2890,2549.6070,2522.1070,5809037000,60422394145.0000,1,BaoStock:query_history_k_data_plus:sh.000300:adjustflag=3
2012-02-16,2544.6410,2559.3450,2519.0430,2536.0740,2549.6070,5439543100,55165633314.0000,1,BaoStock:query_history_k_data_plus:sh.000300:adjustflag=3
2012-02-17,2551.8150,2558.3450,2522.8560,2537.0860,2536.0740,3899471600,40458003413.0000,1,BaoStock:query_history_k_data_plus:sh.000300:adjustflag=3
2012-02-20,2571.9070,2574.7460,2539.9040,2540.7060,2537.0860,5615332900,56748912893.0000,1,BaoStock:query_history_k_data_plus:sh.000300:adjustflag=3
2012-02-21,2544.8350,2562.9090,2520.7860,2562.4530,2540.7060,4789480800,47758225547.0000,1,BaoStock:query_history_k_data_plus:sh.000300:adjustflag=3
2012-02-22,2564.3150,2598.8630,2560.3430,2597.4760,2562.4530,7637665600,76421806874.0000,1,BaoStock:query_history_k_data_plus:sh.000300:adjustflag=3
2012-02-23,2595.7790,2614.5370,2590.5180,2606.2560,2597.4760,7037712600,72612089253.0000,1,BaoStock:query_history_k_data_plus:sh.000300:adjustflag=3
2012-02-24,2607.3390,2648.0170,2602.7760,2648.0170,2606.2560,8599970800,88058616716.0000,1,BaoStock:query_history_k_data_plus:sh.000300:adjustflag=3
2012-02-27,2658.1210,2693.8430,2656.5730,2656.5730,2648.0170,10151403400,106670207615.0000,1,BaoStock:query_history_k_data_plus:sh.000300:adjustflag=3
2012-02-28,2652.3420,2671.8330,2641.4590,2662.4630,2656.5730,7759253600,77213053038.0000,1,BaoStock:query_history_k_data_plus:sh.000300:adjustflag=3
2012-02-29,2655.8580,2666.6470,2631.7840,2634.1430,2662.4630,5912020600,64875221164.0000,1,BaoStock:query_history_k_data_plus:sh.000300:adjustflag=3
2012-03-01,2622.7370,2647.7850,2621.8580,2633.3450,2634.1430,4214844100,46524079738.0000,1,BaoStock:query_history_k_data_plus:sh.000300:adjustflag=3
2012-03-02,2637.9610,2679.9340,2637.9610,2679.9340,2633.3450,6412203400,66981591368.0000,1,BaoStock:query_history_k_data_plus:sh.000300:adjustflag=3
2012-03-05,2687.7400,2694.6120,2660.9550,2662.6980,2679.9340,7139545800,74973261138.0000,1,BaoStock:query_history_k_data_plus:sh.000300:adjustflag=3
2012-03-06,2654.7990,2657.9630,2615.6000,2621.0520,2662.6980,6244714800,68852557821.0000,1,BaoStock:query_history_k_data_plus:sh.000300:adjustflag=3
2012-03-07,2596.4790,2628.5850,2594.1280,2603.0050,2621.0520,5694873300,63243293004.0000,1,BaoStock:query_history_k_data_plus:sh.000300:adjustflag=3
2012-03-08,2612.4030,2645.9530,2612.4030,2635.7910,2603.0050,5754941300,64458851045.0000,1,BaoStock:query_history_k_data_plus:sh.000300:adjustflag=3
2012-03-09,2644.1000,2664.4140,2631.4060,2664.3020,2635.7910,5525892100,65963441747.0000,1,BaoStock:query_history_k_data_plus:sh.000300:adjustflag=3
2012-03-12,2663.2430,2666.4320,2636.4230,2654.4020,2664.3020,6232721600,74367701978.0000,1,BaoStock:query_history_k_data_plus:sh.000300:adjustflag=3
2012-03-13,2653.6810,2681.3340,2649.1690,2681.0730,2654.4020,5840446900,66429764308.0000,1,BaoStock:query_history_k_data_plus:sh.000300:adjustflag=3
2012-03-14,2694.4750,2705.7540,2595.3420,2605.1060,2681.0730,10842654000,117080408732.0000,1,BaoStock:query_history_k_data_plus:sh.000300:adjustflag=3
2012-03-15,2602.6610,2618.2520,2575.4370,2585.5460,2605.1060,7256596000,77042766482.0000,1,BaoStock:query_history_k_data_plus:sh.000300:adjustflag=3
2012-03-16,2591.8000,2624.3160,2577.2450,2623.5200,2585.5460,5809125900,67451822278.0000,1,BaoStock:query_history_k_data_plus:sh.000300:adjustflag=3
2012-03-19,2617.6620,2631.0450,2598.6300,2630.0130,2623.5200,5764662500,68803937996.0000,1,BaoStock:query_history_k_data_plus:sh.000300:adjustflag=3
2012-03-20,2622.6600,2622.6600,2584.0240,2584.4450,2630.0130,5811406500,64263817216.0000,1,BaoStock:query_history_k_data_plus:sh.000300:adjustflag=3
2012-03-21,2597.3750,2613.2690,2569.0750,2587.7930,2584.4450,5800254400,66674920148.0000,1,BaoStock:query_history_k_data_plus:sh.000300:adjustflag=3
2012-03-22,2586.9380,2599.2440,2570.4460,2583.7470,2587.7930,4492677700,50115505934.0000,1,BaoStock:query_history_k_data_plus:sh.000300:adjustflag=3
2012-03-23,2575.3270,2578.8250,2544.5250,2552.9400,2583.7470,4332925600,47812442986.0000,1,BaoStock:query_history_k_data_plus:sh.000300:adjustflag=3
2012-03-26,2551.4250,2562.9290,2540.6960,2555.4420,2552.9400,3181621100,36356133943.0000,1,BaoStock:query_history_k_data_plus:sh.000300:adjustflag=3
2012-03-27,2565.5510,2571.8990,2544.3730,2547.1430,2555.4420,3594460400,47394454857.0000,1,BaoStock:query_history_k_data_plus:sh.000300:adjustflag=3
2012-03-28,2538.4580,2540.4170,2471.0340,2474.9000,2547.1430,5000579000,54993640999.0000,1,BaoStock:query_history_k_data_plus:sh.000300:adjustflag=3
2012-03-29,2463.6880,2476.4780,2429.7320,2443.1220,2474.9000,4613130400,48651595893.0000,1,BaoStock:query_history_k_data_plus:sh.000300:adjustflag=3
2012-03-30,2447.9390,2461.9770,2438.4880,2454.8990,2443.1220,3702708600,39139734882.0000,1,BaoStock:query_history_k_data_plus:sh.000300:adjustflag=3
2012-04-05,2449.2080,2517.3860,2441.2690,2512.8320,2454.8990,5433168700,58049690964.0000,1,BaoStock:query_history_k_data_plus:sh.000300:adjustflag=3
2012-04-06,2509.4450,2525.5340,2502.7030,2519.8300,2512.8320,4236857600,47207795088.0000,1,BaoStock:query_history_k_data_plus:sh.000300:adjustflag=3
2012-04-09,2510.5330,2518.3780,2491.5920,2495.1460,2519.8300,3537098600,38180751755.0000,1,BaoStock:query_history_k_data_plus:sh.000300:adjustflag=3
2012-04-10,2490.2830,2519.8120,2459.3480,2519.7880,2495.1460,4133590500,44064833898.0000,1,BaoStock:query_history_k_data_plus:sh.000300:adjustflag=3
2012-04-11,2494.5170,2541.1260,2489.3250,2520.0360,2519.7880,4251031000,43627983913.0000,1,BaoStock:query_history_k_data_plus:sh.000300:adjustflag=3
2012-04-12,2522.8280,2570.8420,2516.5680,2570.4360,2520.0360,5648840900,59536950778.0000,1,BaoStock:query_history_k_data_plus:sh.000300:adjustflag=3
2012-04-13,2575.0520,2593.7880,2570.0350,2580.4540,2570.4360,5309264300,61892977442.0000,1,BaoStock:query_history_k_data_plus:sh.000300:adjustflag=3
2012-04-16,2564.2310,2586.1980,2559.7810,2574.0440,2580.4540,4083970000,42650756402.0000,1,BaoStock:query_history_k_data_plus:sh.000300:adjustflag=3
2012-04-17,2572.3640,2578.7600,2541.5350,2541.8830,2574.0440,3781546700,38328417080.0000,1,BaoStock:query_history_k_data_plus:sh.000300:adjustflag=3
2012-04-18,2550.9050,2602.1060,2545.9960,2599.9080,2541.8830,5868840800,59361005883.0000,1,BaoStock:query_history_k_data_plus:sh.000300:adjustflag=3
2012-04-19,2598.3290,2606.8600,2585.3010,2596.0560,2599.9080,4644810900,55512931549.0000,1,BaoStock:query_history_k_data_plus:sh.000300:adjustflag=3
2012-04-20,2591.5100,2627.3750,2589.3510,2626.8390,2596.0560,6144637900,63829908072.0000,1,BaoStock:query_history_k_data_plus:sh.000300:adjustflag=3
2012-04-23,2624.7510,2632.0920,2599.1120,2606.0380,2626.8390,5866493800,62073949557.0000,1,BaoStock:query_history_k_data_plus:sh.000300:adjustflag=3
2012-04-24,2594.8010,2640.2950,2559.4640,2604.8660,2606.0380,7113955800,73150514001.0000,1,BaoStock:query_history_k_data_plus:sh.000300:adjustflag=3
2012-04-25,2598.2280,2631.4380,2593.3270,2625.9900,2604.8660,6246805300,63529458933.0000,1,BaoStock:query_history_k_data_plus:sh.000300:adjustflag=3
2012-04-26,2632.7180,2643.7680,2617.0890,2631.4870,2625.9900,5896566700,64377486667.0000,1,BaoStock:query_history_k_data_plus:sh.000300:adjustflag=3
2012-04-27,2630.5490,2637.9180,2623.5980,2626.1570,2631.4870,4823358600,53345515969.0000,1,BaoStock:query_history_k_data_plus:sh.000300:adjustflag=3
2012-05-02,2660.6730,2697.9490,2643.5270,2683.4870,2626.1570,8014865400,92366091966.0000,1,BaoStock:query_history_k_data_plus:sh.000300:adjustflag=3
2012-05-03,2679.5170,2693.8800,2675.8110,2691.5180,2683.4870,5936109000,72337336415.0000,1,BaoStock:query_history_k_data_plus:sh.000300:adjustflag=3
2012-05-04,2689.6240,2716.0330,2677.1400,2715.8790,2691.5180,6321808600,73699551125.0000,1,BaoStock:query_history_k_data_plus:sh.000300:adjustflag=3
2012-05-07,2699.4470,2717.7780,2694.3210,2717.7780,2715.8790,6854731400,82715668565.0000,1,BaoStock:query_history_k_data_plus:sh.000300:adjustflag=3
2012-05-08,2717.4080,2717.8250,2683.5620,2709.1160,2717.7780,6311084000,73744497984.0000,1,BaoStock:query_history_k_data_plus:sh.000300:adjustflag=3
2012-05-09,2685.1870,2685.1870,2655.3220,2657.5140,2709.1160,5840028300,69482578578.0000,1,BaoStock:query_history_k_data_plus:sh.000300:adjustflag=3
2012-05-10,2657.8700,2667.6750,2649.3800,2657.2140,2657.5140,4696257600,54056953614.0000,1,BaoStock:query_history_k_data_plus:sh.000300:adjustflag=3
2012-05-11,2652.3130,2666.5660,2636.5230,2636.9170,2657.2140,4100614300,49392898299.0000,1,BaoStock:query_history_k_data_plus:sh.000300:adjustflag=3
2012-05-14,2653.8060,2656.2840,2613.3490,2615.5340,2636.9170,5208248400,60331294491.0000,1,BaoStock:query_history_k_data_plus:sh.000300:adjustflag=3
2012-05-15,2597.6440,2618.1750,2591.5980,2617.3740,2615.5340,4576727100,51374761939.0000,1,BaoStock:query_history_k_data_plus:sh.000300:adjustflag=3
2012-05-16,2610.1610,2612.6250,2574.0820,2574.6470,2617.3740,4328027400,47863536278.0000,1,BaoStock:query_history_k_data_plus:sh.000300:adjustflag=3
2012-05-17,2577.9610,2619.5890,2571.2010,2613.9420,2574.6470,4372838900,49203910040.0000,1,BaoStock:query_history_k_data_plus:sh.000300:adjustflag=3
2012-05-18,2595.5470,2603.1910,2567.3020,2573.9760,2613.9420,4342212400,46907511775.0000,1,BaoStock:query_history_k_data_plus:sh.000300:adjustflag=3
2012-05-21,2572.3690,2604.2190,2563.9730,2587.2310,2573.9760,3860209000,44300405781.0000,1,BaoStock:query_history_k_data_plus:sh.000300:adjustflag=3
2012-05-22,2598.1670,2627.6020,2597.6030,2627.5250,2587.2310,4277352900,49392413014.0000,1,BaoStock:query_history_k_data_plus:sh.000300:adjustflag=3
2012-05-23,2621.7860,2635.7800,2598.2900,2616.8690,2627.5250,4371953100,52563403310.0000,1,BaoStock:query_history_k_data_plus:sh.000300:adjustflag=3
2012-05-24,2613.0950,2630.4140,2588.2090,2595.2600,2616.8690,4284406600,50064439874.0000,1,BaoStock:query_history_k_data_plus:sh.000300:adjustflag=3
2012-05-25,2595.2610,2602.1700,2565.6470,2573.1030,2595.2600,3927300400,41420081778.0000,1,BaoStock:query_history_k_data_plus:sh.000300:adjustflag=3
2012-05-28,2562.5960,2614.8490,2545.3360,2614.6890,2573.1030,5633927500,58412343035.0000,1,BaoStock:query_history_k_data_plus:sh.000300:adjustflag=3
2012-05-29,2615.1450,2658.2550,2612.5640,2650.8540,2614.6890,7213563700,78681504585.0000,1,BaoStock:query_history_k_data_plus:sh.000300:adjustflag=3
2012-05-30,2646.3700,2655.1630,2636.5180,2642.2580,2650.8540,5185543600,56976275428.0000,1,BaoStock:query_history_k_data_plus:sh.000300:adjustflag=3
2012-05-31,2623.1580,2645.5910,2617.2280,2632.0420,2642.2580,4410746900,49875041384.0000,1,BaoStock:query_history_k_data_plus:sh.000300:adjustflag=3
2012-06-01,2633.6010,2653.8570,2623.2890,2632.9980,2632.0420,4419105600,53843404285.0000,1,BaoStock:query_history_k_data_plus:sh.000300:adjustflag=3
2012-06-04,2598.7330,2608.3160,2558.9200,2559.0260,2632.9980,5247850200,60615569451.0000,1,BaoStock:query_history_k_data_plus:sh.000300:adjustflag=3
2012-06-05,2565.1860,2573.8870,2548.7600,2558.8420,2559.0260,3777991000,43553303591.0000,1,BaoStock:query_history_k_data_plus:sh.000300:adjustflag=3
2012-06-06,2564.2260,2573.7390,2547.3340,2557.4010,2558.8420,3385769400,41316908581.0000,1,BaoStock:query_history_k_data_plus:sh.000300:adjustflag=3
2012-06-07,2579.4250,2584.0390,2536.2580,2542.1840,2557.4010,3484118600,42053000073.0000,1,BaoStock:query_history_k_data_plus:sh.000300:adjustflag=3
2012-06-08,2558.8430,2559.1280,2520.4090,2524.3290,2542.1840,4385642600,47638005888.0000,1,BaoStock:query_history_k_data_plus:sh.000300:adjustflag=3
2012-06-11,2529.5990,2565.4290,2523.7740,2558.2650,2524.3290,4009826000,43449657466.0000,1,BaoStock:query_history_k_data_plus:sh.000300:adjustflag=3
2012-06-12,2543.7650,2553.9150,2529.9510,2540.1780,2558.2650,3793667600,40259911520.0000,1,BaoStock:query_history_k_data_plus:sh.000300:adjustflag=3
2012-06-13,2546.7910,2581.1150,2539.6320,2580.6360,2540.1780,4501456800,51291269477.0000,1,BaoStock:query_history_k_data_plus:sh.000300:adjustflag=3
2012-06-14,2573.3290,2584.7090,2558.5650,2560.4210,2580.6360,4024793400,46331822555.0000,1,BaoStock:query_history_k_data_plus:sh.000300:adjustflag=3
2012-06-15,2565.1890,2580.1700,2538.5720,2568.0540,2560.4210,4278607800,48868302897.0000,1,BaoStock:query_history_k_data_plus:sh.000300:adjustflag=3
2012-06-18,2576.6290,2593.2180,2572.9870,2581.2120,2568.0540,3569362800,40852450181.0000,1,BaoStock:query_history_k_data_plus:sh.000300:adjustflag=3
2012-06-19,2577.3620,2577.3620,2556.1030,2558.6210,2581.2120,3270055300,37020041266.0000,1,BaoStock:query_history_k_data_plus:sh.000300:adjustflag=3
2012-06-20,2563.6430,2570.6630,2549.4380,2552.6110,2558.6210,2985063900,33573669769.0000,1,BaoStock:query_history_k_data_plus:sh.000300:adjustflag=3
2012-06-21,2547.0480,2547.0480,2502.4190,2512.1850,2552.6110,3539673200,38607959039.0000,1,BaoStock:query_history_k_data_plus:sh.000300:adjustflag=3
2012-06-25,2501.1630,2501.1630,2455.0080,2456.5180,2512.1850,4010673500,42503507171.0000,1,BaoStock:query_history_k_data_plus:sh.000300:adjustflag=3
2012-06-26,2442.5620,2465.1200,2434.6400,2454.9150,2456.5180,3173400800,33896511717.0000,1,BaoStock:query_history_k_data_plus:sh.000300:adjustflag=3
2012-06-27,2452.6660,2470.7620,2444.3430,2447.1950,2454.9150,3000755300,31437597414.0000,1,BaoStock:query_history_k_data_plus:sh.000300:adjustflag=3
2012-06-28,2451.6640,2459.1890,2425.2400,2425.7290,2447.1950,3054311300,34418793210.0000,1,BaoStock:query_history_k_data_plus:sh.000300:adjustflag=3
2012-06-29,2418.8620,2462.8150,2417.4860,2461.6120,2425.7290,3799494100,40976538386.0000,1,BaoStock:query_history_k_data_plus:sh.000300:adjustflag=3
2012-07-02,2473.5450,2473.9660,2452.9860,2465.2380,2461.6120,4051007800,45651476527.0000,1,BaoStock:query_history_k_data_plus:sh.000300:adjustflag=3
2012-07-03,2464.8500,2490.5470,2457.4490,2468.7210,2465.2380,3869335400,45004653879.0000,1,BaoStock:query_history_k_data_plus:sh.000300:adjustflag=3
2012-07-04,2474.5270,2481.3360,2455.9950,2464.9190,2468.7210,3445214200,37837659888.0000,1,BaoStock:query_history_k_data_plus:sh.000300:adjustflag=3
2012-07-05,2450.3000,2450.3000,2420.0010,2430.3700,2464.9190,3472614500,35946204421.0000,1,BaoStock:query_history_k_data_plus:sh.000300:adjustflag=3
2012-07-06,2435.0590,2477.2310,2420.3560,2472.6140,2430.3700,4961060500,56601778899.0000,1,BaoStock:query_history_k_data_plus:sh.000300:adjustflag=3
2012-07-09,2455.8920,2470.2050,2414.9530,2416.0360,2472.6140,4922330200,54601732513.0000,1,BaoStock:query_history_k_data_plus:sh.000300:adjustflag=3
2012-07-10,2411.0030,2426.5290,2402.3710,2406.7060,2416.0360,3554998400,38539025245.0000,1,BaoStock:query_history_k_data_plus:sh.000300:adjustflag=3
2012-07-11,2402.1840,2427.7950,2402.1540,2425.5720,2406.7060,3762431200,39851892244.0000,1,BaoStock:query_history_k_data_plus:sh.000300:adjustflag=3
2012-07-12,2420.0360,2460.5590,2404.5840,2449.1810,2425.5720,5671769100,65137536868.0000,1,BaoStock:query_history_k_data_plus:sh.000300:adjustflag=3
2012-07-13,2441.0130,2467.9900,2438.9790,2450.6330,2449.1810,3672525600,42013581196.0000,1,BaoStock:query_history_k_data_plus:sh.000300:adjustflag=3
2012-07-16,2452.5950,2452.5950,2399.6100,2399.7310,2450.6330,4277187000,45844882072.0000,1,BaoStock:query_history_k_data_plus:sh.000300:adjustflag=3
2012-07-17,2391.8970,2421.9290,2391.2810,2414.2010,2399.7310,3342432900,38285441648.0000,1,BaoStock:query_history_k_data_plus:sh.000300:adjustflag=3
2012-07-18,2412.0620,2420.7780,2373.6470,2414.3350,2414.2010,4175178800,44325492550.0000,1,BaoStock:query_history_k_data_plus:sh.000300:adjustflag=3
2012-07-19,2407.4430,2444.0570,2401.2910,2424.3220,2414.3350,4694905200,47704038961.0000,1,BaoStock:query_history_k_data_plus:sh.000300:adjustflag=3
2012-07-20,2415.7100,2423.8040,2392.1810,2398.4550,2424.3220,3761975400,36683623955.0000,1,BaoStock:query_history_k_data_plus:sh.000300:adjustflag=3
2012-07-23,2379.8850,2379.8850,2357.5070,2365.4310,2398.4550,3239036900,33178928582.0000,1,BaoStock:query_history_k_data_plus:sh.000300:adjustflag=3
2012-07-24,2353.2200,2392.3530,2352.8030,2375.9920,2365.4310,3031007900,31149105846.0000,1,BaoStock:query_history_k_data_plus:sh.000300:adjustflag=3
2012-07-25,2368.3840,2381.0430,2357.4680,2360.0830,2375.9920,2489650100,25730598144.0000,1,BaoStock:query_history_k_data_plus:sh.000300:adjustflag=3
2012-07-26,2360.1340,2374.8740,2344.6950,2347.4880,2360.0830,3131409400,31326395007.0000,1,BaoStock:query_history_k_data_plus:sh.000300:adjustflag=3
2012-07-27,2353.9420,2364.9840,2341.2930,2349.1080,2347.4880,3109052500,33048182067.0000,1,BaoStock:query_history_k_data_plus:sh.000300:adjustflag=3
2012-07-30,2350.7820,2367.0290,2333.9990,2335.7930,2349.1080,3048485100,29907972257.0000,1,BaoStock:query_history_k_data_plus:sh.000300:adjustflag=3
2012-07-31,2336.8820,2350.0710,2329.5050,2332.9220,2335.7930,3209972300,31196332451.0000,1,BaoStock:query_history_k_data_plus:sh.000300:adjustflag=3
2012-08-01,2332.1290,2371.1220,2331.9490,2358.6510,2332.9220,3142084800,31277764382.0000,1,BaoStock:query_history_k_data_plus:sh.000300:adjustflag=3
2012-08-02,2354.0730,2358.5590,2325.6080,2334.8820,2358.6510,3151615900,29751166648.0000,1,BaoStock:query_history_k_data_plus:sh.000300:adjustflag=3
2012-08-03,2340.2500,2354.1560,2329.9340,2353.7370,2334.8820,2976978500,31106947335.0000,1,BaoStock:query_history_k_data_plus:sh.000300:adjustflag=3
2012-08-06,2350.1170,2388.3630,2348.1190,2385.6110,2353.7370,4182066500,43686686303.0000,1,BaoStock:query_history_k_data_plus:sh.000300:adjustflag=3
2012-08-07,2383.2570,2390.7820,2379.4520,2388.8730,2385.6110,3828548900,40403711505.0000,1,BaoStock:query_history_k_data_plus:sh.000300:adjustflag=3
2012-08-08,2390.9590,2405.1830,2382.8250,2389.7950,2388.8730,3781045100,41340862162.0000,1,BaoStock:query_history_k_data_plus:sh.000300:adjustflag=3
2012-08-09,2388.4300,2412.1420,2378.8540,2411.7000,2389.7950,3565895100,43256096919.0000,1,BaoStock:query_history_k_data_plus:sh.000300:adjustflag=3
2012-08-10,2409.9370,2413.4230,2395.9120,2399.7510,2411.7000,3470299500,40699222527.0000,1,BaoStock:query_history_k_data_plus:sh.000300:adjustflag=3
2012-08-13,2394.5040,2394.5040,2350.8080,2351.9310,2399.7510,4478354600,46249676189.0000,1,BaoStock:query_history_k_data_plus:sh.000300:adjustflag=3
2012-08-14,2352.6590,2357.8470,2324.9060,2357.0160,2351.9310,3985006600,42404687531.0000,1,BaoStock:query_history_k_data_plus:sh.000300:adjustflag=3
2012-08-15,2350.0220,2350.0220,2330.1500,2331.6150,2357.0160,3058017600,30332554840.0000,1,BaoStock:query_history_k_data_plus:sh.000300:adjustflag=3
2012-08-16,2327.9100,2335.3970,2317.0610,2319.6700,2331.6150,2590290500,27076003542.0000,1,BaoStock:query_history_k_data_plus:sh.000300:adjustflag=3
2012-08-17,2318.4320,2322.8850,2295.1580,2313.4760,2319.6700,2606571700,28629966797.0000,1,BaoStock:query_history_k_data_plus:sh.000300:adjustflag=3
2012-08-20,2294.9010,2307.4060,2279.9460,2301.7880,2313.4760,2740203300,27174816852.0000,1,BaoStock:query_history_k_data_plus:sh.000300:adjustflag=3
2012-08-21,2301.9320,2327.3750,2296.5510,2313.7030,2301.7880,3489510000,34757869338.0000,1,BaoStock:query_history_k_data_plus:sh.000300:adjustflag=3
2012-08-22,2315.1400,2317.3730,2285.7550,2295.5860,2313.7030,3170841200,31547519179.0000,1,BaoStock:query_history_k_data_plus:sh.000300:adjustflag=3
2012-08-23,2298.1800,2311.6530,2285.3670,2302.1990,2295.5860,3133534200,33789603948.0000,1,BaoStock:query_history_k_data_plus:sh.000300:adjustflag=3
2012-08-24,2295.6840,2299.2980,2274.5660,2275.6770,2302.1990,3186959100,32986336544.0000,1,BaoStock:query_history_k_data_plus:sh.000300:adjustflag=3
2012-08-27,2268.4850,2268.4850,2228.1510,2228.2040,2275.6770,3738619100,35384156112.0000,1,BaoStock:query_history_k_data_plus:sh.000300:adjustflag=3
2012-08-28,2226.8980,2250.6000,2222.0010,2238.4110,2228.2040,3377361500,30331076332.0000,1,BaoStock:query_history_k_data_plus:sh.000300:adjustflag=3
2012-08-29,2230.1990,2240.1120,2214.4290,2214.8140,2238.4110,2901064800,27396186648.0000,1,BaoStock:query_history_k_data_plus:sh.000300:adjustflag=3
2012-08-30,2204.5150,2223.1950,2188.7240,2211.3700,2214.8140,3549131000,33867206099.0000,1,BaoStock:query_history_k_data_plus:sh.000300:adjustflag=3
2012-08-31,2205.5730,2218.8660,2203.1230,2204.8680,2211.3700,2596498600,23340891008.0000,1,BaoStock:query_history_k_data_plus:sh.000300:adjustflag=3
2012-09-03,2201.1230,2236.5630,2197.7080,2228.3690,2204.8680,3854859244,35299176733.0000,1,BaoStock:query_history_k_data_plus:sh.000300:adjustflag=3
2012-09-04,2231.7160,2234.8750,2199.5090,2204.4070,2228.3690,3485268800,33220203922.0000,1,BaoStock:query_history_k_data_plus:sh.000300:adjustflag=3
2012-09-05,2199.7430,2209.5360,2186.9620,2199.8750,2204.4070,3475182400,30445168179.0000,1,BaoStock:query_history_k_data_plus:sh.000300:adjustflag=3
2012-09-06,2204.4360,2218.6800,2199.8570,2217.8230,2199.8750,3169588400,26873315868.0000,1,BaoStock:query_history_k_data_plus:sh.000300:adjustflag=3
2012-09-07,2233.9120,2341.5220,2233.9120,2317.1790,2217.8230,9452976400,84302249171.0000,1,BaoStock:query_history_k_data_plus:sh.000300:adjustflag=3
2012-09-10,2320.5570,2334.4960,2313.5720,2326.6660,2317.1790,6533055400,63252038538.0000,1,BaoStock:query_history_k_data_plus:sh.000300:adjustflag=3
2012-09-11,2316.5320,2316.5320,2294.8200,2311.8900,2326.6660,4626071900,43389766043.0000,1,BaoStock:query_history_k_data_plus:sh.000300:adjustflag=3
2012-09-12,2325.9250,2337.1960,2298.2970,2320.0710,2311.8900,4962251800,46485174475.0000,1,BaoStock:query_history_k_data_plus:sh.000300:adjustflag=3
2012-09-13,2316.6790,2325.5340,2298.3670,2298.4610,2320.0710,4204984900,38023998305.0000,1,BaoStock:query_history_k_data_plus:sh.000300:adjustflag=3
2012-09-14,2324.0120,2332.4170,2298.8300,2315.5420,2298.4610,6157181400,55438612876.0000,1,BaoStock:query_history_k_data_plus:sh.000300:adjustflag=3
2012-09-17,2312.0550,2314.9890,2258.1820,2258.7050,2315.5420,4898473400,43753169666.0000,1,BaoStock:query_history_k_data_plus:sh.000300:adjustflag=3
2012-09-18,2249.4250,2253.1440,2228.0420,2235.2390,2258.7050,3322869600,30171497189.0000,1,BaoStock:query_history_k_data_plus:sh.000300:adjustflag=3
2012-09-19,2237.2180,2249.2430,2229.4890,2246.2360,2235.2390,3434970600,32607010935.0000,1,BaoStock:query_history_k_data_plus:sh.000300:adjustflag=3
2012-09-20,2236.1910,2236.1910,2194.2210,2195.9510,2246.2360,4254577900,38385856464.0000,1,BaoStock:query_history_k_data_plus:sh.000300:adjustflag=3
2012-09-21,2190.3270,2217.4730,2186.5300,2199.0630,2195.9510,3812059300,34043368088.0000,1,BaoStock:query_history_k_data_plus:sh.000300:adjustflag=3
2012-09-24,2183.9690,2225.8050,2172.8790,2215.5160,2199.0630,3750168600,33608761246.0000,1,BaoStock:query_history_k_data_plus:sh.000300:adjustflag=3
2012-09-25,2209.9750,2225.3340,2202.3760,2210.1540,2215.5160,2787701900,26677064455.0000,1,BaoStock:query_history_k_data_plus:sh.000300:adjustflag=3
2012-09-26,2208.9060,2216.8240,2181.0830,2184.8910,2210.1540,2745462600,24918916453.0000,1,BaoStock:query_history_k_data_plus:sh.000300:adjustflag=3
2012-09-27,2186.0040,2266.2970,2185.7660,2251.7170,2184.8910,5301690000,48210577766.0000,1,BaoStock:query_history_k_data_plus:sh.000300:adjustflag=3
2012-09-28,2235.0570,2297.0330,2234.3230,2293.1060,2251.7170,5787582500,54431465854.0000,1,BaoStock:query_history_k_data_plus:sh.000300:adjustflag=3
2012-10-08,2291.9610,2305.1800,2258.1100,2270.0540,2293.1060,3553442400,33915840250.0000,1,BaoStock:query_history_k_data_plus:sh.000300:adjustflag=3
2012-10-09,2281.7530,2327.7270,2281.7530,2320.1570,2270.0540,5254888700,48330196363.0000,1,BaoStock:query_history_k_data_plus:sh.000300:adjustflag=3
2012-10-10,2314.5930,2325.7490,2304.6080,2324.1170,2320.1570,4268623800,37873996221.0000,1,BaoStock:query_history_k_data_plus:sh.000300:adjustflag=3
2012-10-11,2315.8970,2321.3520,2300.9340,2302.5330,2324.1170,4130065500,36172963459.0000,1,BaoStock:query_history_k_data_plus:sh.000300:adjustflag=3
2012-10-12,2311.2840,2332.1490,2287.0090,2304.5310,2302.5330,3687414500,33205903773.0000,1,BaoStock:query_history_k_data_plus:sh.000300:adjustflag=3
2012-10-15,2306.0060,2307.8820,2278.4570,2294.8570,2304.5310,2865174600,28569021615.0000,1,BaoStock:query_history_k_data_plus:sh.000300:adjustflag=3
2012-10-16,2293.2440,2315.4530,2287.5900,2298.1620,2294.8570,3205967900,32705140504.0000,1,BaoStock:query_history_k_data_plus:sh.000300:adjustflag=3
2012-10-17,2307.3580,2312.1730,2280.8180,2300.8030,2298.1620,3334940900,31270899032.0000,1,BaoStock:query_history_k_data_plus:sh.000300:adjustflag=3
2012-10-18,2307.4870,2341.1200,2305.8830,2336.0770,2300.8030,5061510000,45050292530.0000,1,BaoStock:query_history_k_data_plus:sh.000300:adjustflag=3
2012-10-19,2335.1050,2342.5270,2328.7330,2332.4700,2336.0770,3592773200,33173031578.0000,1,BaoStock:query_history_k_data_plus:sh.000300:adjustflag=3
2012-10-22,2320.4680,2347.8950,2315.8950,2341.5920,2332.4700,3436828600,32815273277.0000,1,BaoStock:query_history_k_data_plus:sh.000300:adjustflag=3
2012-10-23,2340.8900,2344.0440,2309.2520,2312.0770,2341.5920,3722127200,33716876575.0000,1,BaoStock:query_history_k_data_plus:sh.000300:adjustflag=3
2012-10-24,2303.4010,2321.4300,2302.1690,2307.7790,2312.0770,3754244500,30392377974.0000,1,BaoStock:query_history_k_data_plus:sh.000300:adjustflag=3
2012-10-25,2306.7330,2322.9170,2288.6010,2291.2390,2307.7790,4435153100,33183528714.0000,1,BaoStock:query_history_k_data_plus:sh.000300:adjustflag=3
2012-10-26,2291.3100,2293.1760,2237.0590,2247.9070,2291.2390,4090051900,34530067051.0000,1,BaoStock:query_history_k_data_plus:sh.000300:adjustflag=3
2012-10-29,2241.8020,2248.1390,2227.6460,2235.8540,2247.9070,2758132500,25328650697.0000,1,BaoStock:query_history_k_data_plus:sh.000300:adjustflag=3
2012-10-30,2236.3160,2257.9510,2231.7760,2239.8820,2235.8540,3408312500,29516628523.0000,1,BaoStock:query_history_k_data_plus:sh.000300:adjustflag=3
2012-10-31,2241.4320,2256.0950,2233.6840,2254.8200,2239.8820,3716979500,30634360248.0000,1,BaoStock:query_history_k_data_plus:sh.000300:adjustflag=3
2012-11-01,2256.6090,2305.6290,2256.4120,2297.8840,2254.8200,5076172900,45602138249.0000,1,BaoStock:query_history_k_data_plus:sh.000300:adjustflag=3
2012-11-02,2297.8980,2309.6660,2284.7190,2306.7740,2297.8840,3983328800,34893875754.0000,1,BaoStock:query_history_k_data_plus:sh.000300:adjustflag=3
2012-11-05,2302.7420,2318.2310,2290.1350,2301.8800,2306.7740,3951037200,33663152794.0000,1,BaoStock:query_history_k_data_plus:sh.000300:adjustflag=3
2012-11-06,2301.9800,2304.0480,2260.5070,2292.2060,2301.8800,3928062700,34473381993.0000,1,BaoStock:query_history_k_data_plus:sh.000300:adjustflag=3
2012-11-07,2288.7630,2300.8930,2277.0200,2287.5050,2292.2060,3306740300,30278449435.0000,1,BaoStock:query_history_k_data_plus:sh.000300:adjustflag=3
2012-11-08,2269.5820,2275.4010,2245.4000,2245.4050,2287.5050,3542647500,30411864845.0000,1,BaoStock:query_history_k_data_plus:sh.000300:adjustflag=3
2012-11-09,2241.7560,2252.1960,2235.2310,2240.9240,2245.4050,3050696800,24374277793.0000,1,BaoStock:query_history_k_data_plus:sh.000300:adjustflag=3
2012-11-12,2242.9600,2254.7030,2232.7420,2251.8480,2240.9240,3472168500,29040821378.0000,1,BaoStock:query_history_k_data_plus:sh.000300:adjustflag=3
2012-11-13,2250.8420,2250.8420,2208.7230,2212.4400,2251.8480,3408370400,28818451577.0000,1,BaoStock:query_history_k_data_plus:sh.000300:adjustflag=3
2012-11-14,2213.0860,2225.1240,2205.9960,2223.1100,2212.4400,2675879000,23592323468.0000,1,BaoStock:query_history_k_data_plus:sh.000300:adjustflag=3
2012-11-15,2210.7510,2220.9870,2193.5160,2193.6230,2223.1100,2831915100,23778694920.0000,1,BaoStock:query_history_k_data_plus:sh.000300:adjustflag=3
2012-11-16,2189.5110,2191.6110,2162.9760,2177.2400,2193.6230,3024778600,26118247405.0000,1,BaoStock:query_history_k_data_plus:sh.000300:adjustflag=3
2012-11-19,2175.1840,2176.4920,2149.5380,2174.9850,2177.2400,2697866600,26737221714.0000,1,BaoStock:query_history_k_data_plus:sh.000300:adjustflag=3
2012-11-20,2180.2050,2184.3340,2163.5270,2164.8810,2174.9850,2394891600,22999196160.0000,1,BaoStock:query_history_k_data_plus:sh.000300:adjustflag=3
2012-11-21,2165.4080,2195.4610,2151.3800,2194.8960,2164.8810,3050848200,27121949931.0000,1,BaoStock:query_history_k_data_plus:sh.000300:adjustflag=3
2012-11-22,2181.1790,2185.5770,2169.6570,2177.5460,2194.8960,2291235100,21536153037.0000,1,BaoStock:query_history_k_data_plus:sh.000300:adjustflag=3
2012-11-23,2184.4090,2202.4700,2179.7270,2192.6760,2177.5460,2866749300,26307630050.0000,1,BaoStock:query_history_k_data_plus:sh.000300:adjustflag=3
2012-11-26,2187.2400,2191.3590,2172.1000,2175.5990,2192.6760,2474269600,22231498412.0000,1,BaoStock:query_history_k_data_plus:sh.000300:adjustflag=3
2012-11-27,2168.5890,2173.4640,2150.2220,2150.6380,2175.5990,3194674600,26149735216.0000,1,BaoStock:query_history_k_data_plus:sh.000300:adjustflag=3
2012-11-28,2142.5000,2144.8020,2126.0300,2129.1610,2150.6380,3000933900,24423321714.0000,1,BaoStock:query_history_k_data_plus:sh.000300:adjustflag=3
2012-11-29,2128.8030,2140.8770,2114.4770,2115.6760,2129.1610,2967062500,24016256021.0000,1,BaoStock:query_history_k_data_plus:sh.000300:adjustflag=3
2012-11-30,2114.2440,2142.8560,2109.9630,2139.6610,2115.6760,3640691100,28552066162.0000,1,BaoStock:query_history_k_data_plus:sh.000300:adjustflag=3
2012-12-03,2136.6960,2152.6080,2108.1490,2108.8500,2139.6610,4018676200,34173653616.0000,1,BaoStock:query_history_k_data_plus:sh.000300:adjustflag=3
2012-12-04,2104.9280,2135.6620,2102.1350,2131.4730,2108.8500,3622591500,31732336903.0000,1,BaoStock:query_history_k_data_plus:sh.000300:adjustflag=3
2012-12-05,2128.3870,2219.0940,2126.7930,2207.8780,2131.4730,8248710300,69109050480.0000,1,BaoStock:query_history_k_data_plus:sh.000300:adjustflag=3
2012-12-06,2205.6050,2216.9760,2191.2270,2203.6020,2207.8780,4857468900,42758570153.0000,1,BaoStock:query_history_k_data_plus:sh.000300:adjustflag=3
2012-12-07,2203.8870,2250.5290,2198.1070,2246.7570,2203.6020,7616974800,64996499283.0000,1,BaoStock:query_history_k_data_plus:sh.000300:adjustflag=3
2012-12-10,2254.9150,2276.2800,2250.4370,2271.0460,2246.7570,7337547500,61399772028.0000,1,BaoStock:query_history_k_data_plus:sh.000300:adjustflag=3
2012-12-11,2263.2090,2274.9940,2254.2990,2258.5000,2271.0460,5146870300,45087981874.0000,1,BaoStock:query_history_k_data_plus:sh.000300:adjustflag=3
2012-12-12,2257.7300,2273.2110,2247.9530,2267.7670,2258.5000,4500645400,39182538242.0000,1,BaoStock:query_history_k_data_plus:sh.000300:adjustflag=3
2012-12-13,2260.6010,2266.7210,2242.5570,2242.6350,2267.7670,4194210000,36665684856.0000,1,BaoStock:query_history_k_data_plus:sh.000300:adjustflag=3
2012-12-14,2245.6360,2357.1060,2245.6360,2355.8650,2242.6350,11089256200,93934741143.0000,1,BaoStock:query_history_k_data_plus:sh.000300:adjustflag=3
2012-12-17,2359.2010,2380.0010,2358.6640,2366.7000,2355.8650,9408819500,85000820332.0000,1,BaoStock:query_history_k_data_plus:sh.000300:adjustflag=3
2012-12-18,2361.0950,2398.6300,2347.0770,2368.1200,2366.7000,8578484900,78802837302.0000,1,BaoStock:query_history_k_data_plus:sh.000300:adjustflag=3
2012-12-19,2362.8020,2387.1420,2358.0330,2371.1090,2368.1200,6329253000,61140748228.0000,1,BaoStock:query_history_k_data_plus:sh.000300:adjustflag=3
2012-12-20,2361.3220,2391.9240,2346.5500,2384.8160,2371.1090,6565546200,63028692015.0000,1,BaoStock:query_history_k_data_plus:sh.000300:adjustflag=3
2012-12-21,2386.3760,2414.2230,2365.0320,2372.0020,2384.8160,6871415800,66887708129.0000,1,BaoStock:query_history_k_data_plus:sh.000300:adjustflag=3
2012-12-24,2368.0070,2396.7250,2367.0380,2381.2170,2372.0020,5308700400,54121541302.0000,1,BaoStock:query_history_k_data_plus:sh.000300:adjustflag=3
2012-12-25,2373.8800,2459.3020,2365.4100,2448.3950,2381.2170,9550235000,89877770350.0000,1,BaoStock:query_history_k_data_plus:sh.000300:adjustflag=3
2012-12-26,2445.9870,2458.0070,2441.6420,2457.6190,2448.3950,7159182800,68406242066.0000,1,BaoStock:query_history_k_data_plus:sh.000300:adjustflag=3
2012-12-27,2464.7790,2479.7920,2443.6810,2444.5940,2457.6190,7325506700,69327603833.0000,1,BaoStock:query_history_k_data_plus:sh.000300:adjustflag=3
2012-12-28,2448.0760,2481.5920,2444.3810,2480.0490,2444.5940,6716632100,66053288179.0000,1,BaoStock:query_history_k_data_plus:sh.000300:adjustflag=3
2012-12-31,2485.5590,2522.9520,2485.5590,2522.9520,2480.0490,8200229300,81149079560.0000,1,BaoStock:query_history_k_data_plus:sh.000300:adjustflag=3
2013-01-04,2551.8140,2558.5290,2498.8920,2524.4090,2522.9520,9798818200,95579245007.0000,1,BaoStock:query_history_k_data_plus:sh.000300:adjustflag=3
2013-01-07,2518.0470,2545.9690,2511.6030,2535.9850,2524.4090,7516799300,73167512509.0000,1,BaoStock:query_history_k_data_plus:sh.000300:adjustflag=3
2013-01-08,2534.6470,2540.5130,2502.4900,2525.3300,2535.9850,7183710000,76498061772.0000,1,BaoStock:query_history_k_data_plus:sh.000300:adjustflag=3
2013-01-09,2518.1040,2534.2390,2504.2990,2526.1260,2525.3300,7023117000,74233596955.0000,1,BaoStock:query_history_k_data_plus:sh.000300:adjustflag=3
2013-01-10,2525.5900,2553.3520,2513.7290,2530.5690,2526.1260,7108586200,71159045499.0000,1,BaoStock:query_history_k_data_plus:sh.000300:adjustflag=3
2013-01-11,2533.4950,2539.7940,2473.6960,2483.2300,2530.5690,7423917600,72775921987.0000,1,BaoStock:query_history_k_data_plus:sh.000300:adjustflag=3
2013-01-14,2474.1760,2583.6250,2473.9980,2577.7250,2483.2300,9355409100,96853471373.0000,1,BaoStock:query_history_k_data_plus:sh.000300:adjustflag=3
2013-01-15,2579.1320,2605.4100,2576.9190,2595.8560,2577.7250,9862080500,101356961358.0000,1,BaoStock:query_history_k_data_plus:sh.000300:adjustflag=3
2013-01-16,2591.3650,2600.0930,2540.5210,2577.0920,2595.8560,9353608400,95564995007.0000,1,BaoStock:query_history_k_data_plus:sh.000300:adjustflag=3
2013-01-17,2570.7110,2575.0580,2539.6740,2552.7580,2577.0920,6991523900,71716118533.0000,1,BaoStock:query_history_k_data_plus:sh.000300:adjustflag=3
2013-01-18,2568.6920,2607.4460,2553.4510,2595.4390,2552.7580,7794030300,77435163470.0000,1,BaoStock:query_history_k_data_plus:sh.000300:adjustflag=3
2013-01-21,2605.6490,2611.2010,2582.6520,2610.8980,2595.4390,8413374200,85357442058.0000,1,BaoStock:query_history_k_data_plus:sh.000300:adjustflag=3
2013-01-22,2610.3920,2620.0250,2578.1810,2596.8980,2610.8980,10576627500,102261160399.0000,1,BaoStock:query_history_k_data_plus:sh.000300:adjustflag=3
2013-01-23,2588.1980,2611.4090,2576.3620,2607.4560,2596.8980,7573944400,72758926411.0000,1,BaoStock:query_history_k_data_plus:sh.000300:adjustflag=3
2013-01-24,2606.4270,2663.4040,2564.2060,2582.7550,2607.4560,11127717200,109537680297.0000,1,BaoStock:query_history_k_data_plus:sh.000300:adjustflag=3
2013-01-25,2580.8810,2591.5130,2567.1070,2571.6740,2582.7550,5848735900,60689373994.0000,1,BaoStock:query_history_k_data_plus:sh.000300:adjustflag=3
2013-01-28,2577.2670,2651.9670,2577.2670,2651.8630,2571.6740,9127479000,98173275704.0000,1,BaoStock:query_history_k_data_plus:sh.000300:adjustflag=3
2013-01-29,2655.3770,2685.5310,2646.1540,2675.8660,2651.8630,10104022900,108827009893.0000,1,BaoStock:query_history_k_data_plus:sh.000300:adjustflag=3
2013-01-30,2678.4330,2689.6830,2662.0620,2688.7110,2675.8660,9987499000,100856652553.0000,1,BaoStock:query_history_k_data_plus:sh.000300:adjustflag=3
2013-01-31,2690.9510,2696.8810,2671.3300,2686.8820,2688.7110,9674010100,94476820552.0000,1,BaoStock:query_history_k_data_plus:sh.000300:adjustflag=3
2013-02-01,2677.1870,2744.3220,2671.2740,2743.3240,2686.8820,10387951500,110560933901.0000,1,BaoStock:query_history_k_data_plus:sh.000300:adjustflag=3
2013-02-04,2753.6880,2768.5040,2731.0800,2748.0280,2743.3240,12793917900,136119589827.0000,1,BaoStock:query_history_k_data_plus:sh.000300:adjustflag=3
2013-02-05,2727.9300,2779.9530,2725.3620,2771.6750,2748.0280,11613081900,112701171610.0000,1,BaoStock:query_history_k_data_plus:sh.000300:adjustflag=3
2013-02-06,2771.9080,2787.4560,2765.7430,2775.8440,2771.6750,8277927100,88989578113.0000,1,BaoStock:query_history_k_data_plus:sh.000300:adjustflag=3
2013-02-07,2771.5300,2775.9740,2722.8740,2759.8700,2775.8440,8997814200,95978595584.0000,1,BaoStock:query_history_k_data_plus:sh.000300:adjustflag=3
2013-02-08,2755.6490,2791.3030,2747.9460,2771.7250,2759.8700,7742964400,82903631783.0000,1,BaoStock:query_history_k_data_plus:sh.000300:adjustflag=3
2013-02-18,2784.0650,2787.7400,2731.5060,2737.4710,2771.7250,7643822700,81001366822.0000,1,BaoStock:query_history_k_data_plus:sh.000300:adjustflag=3
2013-02-19,2735.0450,2740.7390,2674.3390,2685.6060,2737.4710,8062643100,82460808230.0000,1,BaoStock:query_history_k_data_plus:sh.000300:adjustflag=3
2013-02-20,2686.0930,2703.0980,2665.2310,2702.6350,2685.6060,7001937700,73636360656.0000,1,BaoStock:query_history_k_data_plus:sh.000300:adjustflag=3
2013-02-21,2675.7410,2675.7410,2584.7580,2610.5490,2702.6350,10065798400,103619498796.0000,1,BaoStock:query_history_k_data_plus:sh.000300:adjustflag=3
2013-02-22,2607.6500,2618.4830,2591.1460,2596.6040,2610.5490,6020485200,65899100176.0000,1,BaoStock:query_history_k_data_plus:sh.000300:adjustflag=3
2013-02-25,2607.1490,2628.6960,2590.7870,2604.9600,2596.6040,5316194200,55614493314.0000,1,BaoStock:query_history_k_data_plus:sh.000300:adjustflag=3
2013-02-26,2587.3750,2631.0940,2564.6720,2567.5950,2604.9600,8000306500,83373960556.0000,1,BaoStock:query_history_k_data_plus:sh.000300:adjustflag=3
2013-02-27,2576.0460,2615.2490,2569.3800,2594.6770,2567.5950,6322674300,64612274221.0000,1,BaoStock:query_history_k_data_plus:sh.000300:adjustflag=3
2013-02-28,2611.9400,2673.7110,2593.9970,2673.3270,2594.6770,8692259500,92235377254.0000,1,BaoStock:query_history_k_data_plus:sh.000300:adjustflag=3
2013-03-01,2671.8420,2680.8540,2626.9950,2668.8360,2673.3270,7334375300,80342747703.0000,1,BaoStock:query_history_k_data_plus:sh.000300:adjustflag=3
2013-03-04,2619.4200,2619.5740,2528.6940,2545.7150,2668.8360,11061910300,112585043728.0000,1,BaoStock:query_history_k_data_plus:sh.000300:adjustflag=3
2013-03-05,2547.8930,2623.1710,2541.7660,2622.8070,2545.7150,8966115200,92357133815.0000,1,BaoStock:query_history_k_data_plus:sh.000300:adjustflag=3
2013-03-06,2634.8700,2658.1390,2620.4310,2650.2020,2622.8070,9582965200,95048891279.0000,1,BaoStock:query_history_k_data_plus:sh.000300:adjustflag=3
2013-03-07,2639.7830,2658.9690,2592.8670,2619.4790,2650.2020,9408266600,96498095994.0000,1,BaoStock:query_history_k_data_plus:sh.000300:adjustflag=3
2013-03-08,2622.6840,2632.6240,2601.9610,2606.9270,2619.4790,5942955700,63054592405.0000,1,BaoStock:query_history_k_data_plus:sh.000300:adjustflag=3
2013-03-11,2600.2780,2611.6520,2574.1720,2592.3720,2606.9270,5094643600,52460900851.0000,1,BaoStock:query_history_k_data_plus:sh.000300:adjustflag=3
2013-03-12,2590.3910,2619.5120,2530.2510,2555.6150,2592.3720,7193514100,71675127580.0000,1,BaoStock:query_history_k_data_plus:sh.000300:adjustflag=3
2013-03-13,2551.7260,2556.7730,2515.0580,2527.4860,2555.6150,5643046000,56003723639.0000,1,BaoStock:query_history_k_data_plus:sh.000300:adjustflag=3
2013-03-14,2517.7450,2546.6990,2514.4630,2534.2730,2527.4860,4760575600,49929775447.0000,1,BaoStock:query_history_k_data_plus:sh.000300:adjustflag=3
2013-03-15,2533.7220,2600.0910,2504.4580,2539.8730,2534.2730,8137218500,82749877355.0000,1,BaoStock:query_history_k_data_plus:sh.000300:adjustflag=3
2013-03-18,2526.0770,2544.6190,2499.8280,2502.4930,2539.8730,5981277800,63093556699.0000,1,BaoStock:query_history_k_data_plus:sh.000300:adjustflag=3
2013-03-19,2507.3960,2532.0700,2491.8540,2525.0970,2502.4930,5453647600,55601011985.0000,1,BaoStock:query_history_k_data_plus:sh.000300:adjustflag=3
2013-03-20,2526.9680,2610.1740,2526.8300,2610.1740,2525.0970,9070062200,91271022200.0000,1,BaoStock:query_history_k_data_plus:sh.000300:adjustflag=3
2013-03-21,2611.5800,2626.5380,2598.5090,2614.9880,2610.1740,6955275600,71642665537.0000,1,BaoStock:query_history_k_data_plus:sh.000300:adjustflag=3
2013-03-22,2612.2560,2625.5310,2603.3440,2618.3080,2614.9880,5564714100,55882142445.0000,1,BaoStock:query_history_k_data_plus:sh.000300:adjustflag=3
2013-03-25,2628.4070,2641.6090,2607.6130,2613.0970,2618.3080,5626140200,58004930851.0000,1,BaoStock:query_history_k_data_plus:sh.000300:adjustflag=3
2013-03-26,2601.9640,2607.3570,2554.9740,2575.0500,2613.0970,6396296100,65306571624.0000,1,BaoStock:query_history_k_data_plus:sh.000300:adjustflag=3
2013-03-27,2575.7260,2611.9390,2566.3450,2583.5300,2575.0500,5690651700,58652246310.0000,1,BaoStock:query_history_k_data_plus:sh.000300:adjustflag=3
2013-03-28,2535.9880,2535.9880,2495.0830,2499.3020,2583.5300,8757840500,84725899121.0000,1,BaoStock:query_history_k_data_plus:sh.000300:adjustflag=3
2013-03-29,2502.7820,2509.1090,2482.4880,2495.0830,2499.3020,5240213700,52055540480.0000,1,BaoStock:query_history_k_data_plus:sh.000300:adjustflag=3
2013-04-01,2486.4280,2507.8250,2483.7320,2493.1870,2495.0830,4734602200,47159820558.0000,1,BaoStock:query_history_k_data_plus:sh.000300:adjustflag=3
2013-04-02,2495.8430,2524.4630,2475.0000,2486.3910,2493.1870,5568415200,55637391748.0000,1,BaoStock:query_history_k_data_plus:sh.000300:adjustflag=3
2013-04-03,2493.8770,2507.1430,2474.9270,2483.5470,2486.3910,4556422100,45156719409.0000,1,BaoStock:query_history_k_data_plus:sh.000300:adjustflag=3
2013-04-08,2443.2400,2473.3090,2429.5000,2472.2990,2483.5470,5329677200,55249297714.0000,1,BaoStock:query_history_k_data_plus:sh.000300:adjustflag=3
2013-04-09,2477.2900,2505.2940,2477.2900,2489.4300,2472.2990,5238982400,54947035592.0000,1,BaoStock:query_history_k_data_plus:sh.000300:adjustflag=3
2013-04-10,2487.9840,2495.5720,2466.1900,2485.3090,2489.4300,4750491300,51963820632.0000,1,BaoStock:query_history_k_data_plus:sh.000300:adjustflag=3
2013-04-11,2502.5000,2508.5930,2476.3960,2477.8760,2485.3090,4298995800,43039949368.0000,1,BaoStock:query_history_k_data_plus:sh.000300:adjustflag=3
2013-04-12,2476.3220,2489.1180,2460.1820,2462.1120,2477.8760,3991727800,40428047827.0000,1,BaoStock:query_history_k_data_plus:sh.000300:adjustflag=3
2013-04-15,2453.9670,2461.6680,2430.1490,2436.8180,2462.1120,4653973400,44084843341.0000,1,BaoStock:query_history_k_data_plus:sh.000300:adjustflag=3
2013-04-16,2419.5080,2461.0460,2416.6170,2459.5920,2436.8180,5528061300,53783255198.0000,1,BaoStock:query_history_k_data_plus:sh.000300:adjustflag=3
2013-04-17,2457.8810,2465.2020,2437.3450,2458.4730,2459.5920,4469216400,46800831850.0000,1,BaoStock:query_history_k_data_plus:sh.000300:adjustflag=3
2013-04-18,2440.7070,2478.4130,2434.7300,2464.8510,2458.4730,4286070700,46270137159.0000,1,BaoStock:query_history_k_data_plus:sh.000300:adjustflag=3
2013-04-19,2469.9510,2542.4530,2469.3230,2533.8270,2464.8510,7552087600,76723675264.0000,1,BaoStock:query_history_k_data_plus:sh.000300:adjustflag=3
2013-04-22,2525.1130,2539.0460,2518.2570,2530.6700,2533.8270,6251188300,63027024091.0000,1,BaoStock:query_history_k_data_plus:sh.000300:adjustflag=3
2013-04-23,2532.2010,2532.2010,2448.2000,2449.4710,2530.6700,6065398200,61576157889.0000,1,BaoStock:query_history_k_data_plus:sh.000300:adjustflag=3
2013-04-24,2452.7810,2511.2020,2446.5870,2495.5790,2449.4710,6305091600,62189421706.0000,1,BaoStock:query_history_k_data_plus:sh.000300:adjustflag=3
2013-04-25,2486.8570,2505.4820,2456.5660,2467.8750,2495.5790,6055792700,59891284466.0000,1,BaoStock:query_history_k_data_plus:sh.000300:adjustflag=3
2013-04-26,2477.7240,2488.5850,2439.7960,2447.3060,2467.8750,4712337800,46351986661.0000,1,BaoStock:query_history_k_data_plus:sh.000300:adjustflag=3
2013-05-02,2434.6030,2453.7490,2423.0770,2449.6390,2447.3060,4701608800,47200448204.0000,1,BaoStock:query_history_k_data_plus:sh.000300:adjustflag=3
2013-05-03,2457.5430,2521.1190,2457.5430,2492.9120,2449.6390,6233009100,63267042656.0000,1,BaoStock:query_history_k_data_plus:sh.000300:adjustflag=3
2013-05-06,2502.9780,2533.8550,2500.4550,2525.9830,2492.9120,6041878000,61767951099.0000,1,BaoStock:query_history_k_data_plus:sh.000300:adjustflag=3
2013-05-07,2519.3640,2539.2980,2507.7560,2529.9380,2525.9830,5449064300,59244949469.0000,1,BaoStock:query_history_k_data_plus:sh.000300:adjustflag=3
2013-05-08,2542.2660,2562.0070,2531.2510,2542.7980,2529.9380,5955429400,60309148841.0000,1,BaoStock:query_history_k_data_plus:sh.000300:adjustflag=3
2013-05-09,2542.3740,2543.3050,2507.7920,2527.7940,2542.7980,6024014500,64438292561.0000,1,BaoStock:query_history_k_data_plus:sh.000300:adjustflag=3
2013-05-10,2519.5170,2546.9750,2515.1580,2540.8360,2527.7940,4881672800,50896689221.0000,1,BaoStock:query_history_k_data_plus:sh.000300:adjustflag=3
2013-05-13,2542.4120,2547.6020,2516.7280,2530.7680,2540.8360,5409214700,55155093224.0000,1,BaoStock:query_history_k_data_plus:sh.000300:adjustflag=3
2013-05-14,2525.9980,2526.1450,2479.8720,2493.3380,2530.7680,5488006400,56144573527.0000,1,BaoStock:query_history_k_data_plus:sh.000300:adjustflag=3
2013-05-15,2493.9680,2507.4300,2491.9270,2506.9250,2493.3380,4418966000,47578585624.0000,1,BaoStock:query_history_k_data_plus:sh.000300:adjustflag=3
2013-05-16,2501.1170,2553.0580,2487.7630,2552.7090,2506.9250,7079618200,76830436307.0000,1,BaoStock:query_history_k_data_plus:sh.000300:adjustflag=3
2013-05-17,2550.4520,2598.7060,2547.7760,2592.0480,2552.7090,8185080100,83599367908.0000,1,BaoStock:query_history_k_data_plus:sh.000300:adjustflag=3
2013-05-20,2597.1510,2627.6160,2590.0530,2609.6070,2592.0480,8633780300,94059415836.0000,1,BaoStock:query_history_k_data_plus:sh.000300:adjustflag=3
2013-05-21,2607.3930,2617.4000,2594.2490,2614.8530,2609.6070,7150599400,75837813846.0000,1,BaoStock:query_history_k_data_plus:sh.000300:adjustflag=3
2013-05-22,2613.4110,2630.0680,2603.7500,2618.0340,2614.8530,7419181700,78224126421.0000,1,BaoStock:query_history_k_data_plus:sh.000300:adjustflag=3
2013-05-23,2604.9300,2624.0760,2579.3470,2582.8490,2618.0340,8482537000,81359908175.0000,1,BaoStock:query_history_k_data_plus:sh.000300:adjustflag=3
2013-05-24,2591.4190,2608.3500,2572.8840,2597.2280,2582.8490,6073966900,62831235051.0000,1,BaoStock:query_history_k_data_plus:sh.000300:adjustflag=3
2013-05-27,2593.5220,2611.9720,2589.7390,2599.5870,2597.2280,6419508000,66701652802.0000,1,BaoStock:query_history_k_data_plus:sh.000300:adjustflag=3
2013-05-28,2600.6320,2644.3590,2585.9010,2644.3590,2599.5870,8419611200,86756736777.0000,1,BaoStock:query_history_k_data_plus:sh.000300:adjustflag=3
2013-05-29,2648.9270,2661.2290,2640.8810,2642.5610,2644.3590,7927770900,81953853231.0000,1,BaoStock:query_history_k_data_plus:sh.000300:adjustflag=3
2013-05-30,2633.9550,2647.4430,2623.5810,2634.3230,2642.5610,7014636800,71045065872.0000,1,BaoStock:query_history_k_data_plus:sh.000300:adjustflag=3
2013-05-31,2638.7100,2645.5650,2604.7460,2606.4260,2634.3230,6252853300,65904433688.0000,1,BaoStock:query_history_k_data_plus:sh.000300:adjustflag=3
2013-06-03,2605.9690,2625.9360,2596.0510,2602.6230,2606.4260,5977446800,63008705172.0000,1,BaoStock:query_history_k_data_plus:sh.000300:adjustflag=3
2013-06-04,2600.4990,2600.4990,2556.0560,2565.6660,2602.6230,6631575000,63139420045.0000,1,BaoStock:query_history_k_data_plus:sh.000300:adjustflag=3
2013-06-05,2565.3290,2570.0270,2545.1900,2560.5390,2565.6660,4563719300,47367057838.0000,1,BaoStock:query_history_k_data_plus:sh.000300:adjustflag=3
2013-06-06,2552.8170,2557.6780,2525.3060,2527.8450,2560.5390,5249652900,54448113429.0000,1,BaoStock:query_history_k_data_plus:sh.000300:adjustflag=3
2013-06-07,2526.9130,2538.8910,2475.6870,2484.1600,2527.8450,6103089400,61366173745.0000,1,BaoStock:query_history_k_data_plus:sh.000300:adjustflag=3
2013-06-13,2448.7170,2448.7170,2375.2040,2399.9370,2484.1600,6973006600,64081598112.0000,1,BaoStock:query_history_k_data_plus:sh.000300:adjustflag=3
2013-06-14,2404.4230,2420.3560,2396.4870,2416.7710,2399.9370,5596453400,53686779328.0000,1,BaoStock:query_history_k_data_plus:sh.000300:adjustflag=3
2013-06-17,2422.7620,2427.5320,2394.3850,2403.8390,2416.7710,5039571100,51983757469.0000,1,BaoStock:query_history_k_data_plus:sh.000300:adjustflag=3
2013-06-18,2413.0880,2424.2020,2393.3210,2418.7450,2403.8390,4863037900,48792090467.0000,1,BaoStock:query_history_k_data_plus:sh.000300:adjustflag=3
2013-06-19,2408.2800,2408.2800,2366.3460,2400.7650,2418.7450,5434626000,52979991053.0000,1,BaoStock:query_history_k_data_plus:sh.000300:adjustflag=3
2013-06-20,2386.1040,2386.1040,2320.2260,2321.4660,2400.7650,5520102000,52171735063.0000,1,BaoStock:query_history_k_data_plus:sh.000300:adjustflag=3
2013-06-21,2283.1510,2332.8420,2269.5650,2317.3940,2321.4660,5870579800,53486132980.0000,1,BaoStock:query_history_k_data_plus:sh.000300:adjustflag=3
2013-06-24,2308.0690,2308.0690,2164.3250,2171.2100,2317.3940,8659725900,73731930536.0000,1,BaoStock:query_history_k_data_plus:sh.000300:adjustflag=3
2013-06-25,2146.0530,2169.2110,2023.1710,2165.4210,2171.2100,10755488200,87090393952.0000,1,BaoStock:query_history_k_data_plus:sh.000300:adjustflag=3
2013-06-26,2170.3260,2181.0210,2131.8600,2168.2970,2165.4210,7925642600,67298430249.0000,1,BaoStock:query_history_k_data_plus:sh.000300:adjustflag=3
2013-06-27,2172.8480,2200.2130,2153.1750,2160.7350,2168.2970,7540675300,62927082416.0000,1,BaoStock:query_history_k_data_plus:sh.000300:adjustflag=3
2013-06-28,2149.0300,2227.4610,2139.3720,2200.6390,2160.7350,7945132700,64106048718.0000,1,BaoStock:query_history_k_data_plus:sh.000300:adjustflag=3
2013-07-01,2187.0920,2213.9650,2166.3530,2213.3170,2200.6390,5772622700,51874735216.0000,1,BaoStock:query_history_k_data_plus:sh.000300:adjustflag=3
2013-07-02,2211.8030,2226.1130,2191.8010,2221.9840,2213.3170,6183885000,59632902046.0000,1,BaoStock:query_history_k_data_plus:sh.000300:adjustflag=3
2013-07-03,2211.0440,2211.0440,2169.1370,2203.8280,2221.9840,6583602200,59536760190.0000,1,BaoStock:query_history_k_data_plus:sh.000300:adjustflag=3
2013-07-04,2187.1810,2245.9080,2176.0800,2221.9790,2203.8280,7258114500,67189379203.0000,1,BaoStock:query_history_k_data_plus:sh.000300:adjustflag=3
2013-07-05,2227.3500,2252.0330,2225.0470,2226.8490,2221.9790,6182177500,58424400611.0000,1,BaoStock:query_history_k_data_plus:sh.000300:adjustflag=3
2013-07-08,2194.4230,2205.2140,2162.1890,2163.6190,2226.8490,5478249300,49288252039.0000,1,BaoStock:query_history_k_data_plus:sh.000300:adjustflag=3
2013-07-09,2160.6990,2174.7860,2149.7870,2162.6690,2163.6190,4149443300,37246189870.0000,1,BaoStock:query_history_k_data_plus:sh.000300:adjustflag=3
2013-07-10,2163.0980,2224.1350,2157.4680,2224.0650,2162.6690,6114978100,54373757823.0000,1,BaoStock:query_history_k_data_plus:sh.000300:adjustflag=3
2013-07-11,2232.1570,2351.2230,2232.1570,2326.6880,2224.0650,12579319200,111329812773.0000,1,BaoStock:query_history_k_data_plus:sh.000300:adjustflag=3
2013-07-12,2319.0230,2331.9860,2274.0730,2275.3730,2326.6880,8973308200,82064555657.0000,1,BaoStock:query_history_k_data_plus:sh.000300:adjustflag=3
2013-07-15,2289.7620,2336.0400,2274.6730,2307.2970,2275.3730,7475788400,71796189674.0000,1,BaoStock:query_history_k_data_plus:sh.000300:adjustflag=3
2013-07-16,2300.8300,2317.8480,2281.9420,2317.8480,2307.2970,6562415700,62085631916.0000,1,BaoStock:query_history_k_data_plus:sh.000300:adjustflag=3
2013-07-17,2311.4430,2326.9250,2281.6090,2282.8360,2317.8480,6765524800,63229061677.0000,1,BaoStock:query_history_k_data_plus:sh.000300:adjustflag=3
2013-07-18,2272.9470,2282.4350,2241.9300,2245.3280,2282.8360,5714429200,51937235147.0000,1,BaoStock:query_history_k_data_plus:sh.000300:adjustflag=3
2013-07-19,2248.1330,2257.9160,2188.7520,2190.4780,2245.3280,7053528200,66179072656.0000,1,BaoStock:query_history_k_data_plus:sh.000300:adjustflag=3
2013-07-22,2170.0890,2203.0580,2159.8130,2202.1890,2190.4780,5328349500,48872947253.0000,1,BaoStock:query_history_k_data_plus:sh.000300:adjustflag=3
2013-07-23,2211.5870,2276.7420,2206.7560,2265.8450,2202.1890,7480973100,69255423111.0000,1,BaoStock:query_history_k_data_plus:sh.000300:adjustflag=3
2013-07-24,2253.3760,2265.5780,2217.1920,2249.1510,2265.8450,6959230700,69279825849.0000,1,BaoStock:query_history_k_data_plus:sh.000300:adjustflag=3
2013-07-25,2255.2230,2268.8390,2227.8530,2237.6830,2249.1510,6577431600,60558362762.0000,1,BaoStock:query_history_k_data_plus:sh.000300:adjustflag=3
2013-07-26,2226.4290,2238.4200,2209.8060,2224.0080,2237.6830,4894109800,45636069902.0000,1,BaoStock:query_history_k_data_plus:sh.000300:adjustflag=3
2013-07-29,2205.0830,2205.0830,2169.0170,2175.9700,2224.0080,5460092500,49624613440.0000,1,BaoStock:query_history_k_data_plus:sh.000300:adjustflag=3
2013-07-30,2184.0070,2221.5890,2162.9790,2189.3880,2175.9700,5519362300,50907227289.0000,1,BaoStock:query_history_k_data_plus:sh.000300:adjustflag=3
2013-07-31,2211.7500,2235.3840,2187.2100,2193.0210,2189.3880,4832705500,46723493389.0000,1,BaoStock:query_history_k_data_plus:sh.000300:adjustflag=3
2013-08-01,2206.0040,2245.5600,2200.6260,2245.3640,2193.0210,6260399700,58944765673.0000,1,BaoStock:query_history_k_data_plus:sh.000300:adjustflag=3
2013-08-02,2263.4950,2274.7100,2244.2520,2247.2630,2245.3640,6089089300,58459999450.0000,1,BaoStock:query_history_k_data_plus:sh.000300:adjustflag=3
2013-08-05,2249.9760,2278.3290,2243.2200,2278.3290,2247.2630,5534215100,53623068581.0000,1,BaoStock:query_history_k_data_plus:sh.000300:adjustflag=3
2013-08-06,2270.6720,2302.4840,2256.7150,2293.6410,2278.3290,7374689500,68993574807.0000,1,BaoStock:query_history_k_data_plus:sh.000300:adjustflag=3
2013-08-07,2292.3790,2313.8790,2276.8620,2280.6230,2293.6410,7304869500,69560482114.0000,1,BaoStock:query_history_k_data_plus:sh.000300:adjustflag=3
2013-08-08,2277.2530,2297.6280,2267.0730,2276.7820,2280.6230,5309843000,52710276666.0000,1,BaoStock:query_history_k_data_plus:sh.000300:adjustflag=3
2013-08-09,2288.5100,2301.5900,2258.3340,2286.0100,2276.7820,6460001700,62663979060.0000,1,BaoStock:query_history_k_data_plus:sh.000300:adjustflag=3
2013-08-12,2296.2200,2352.8900,2293.1760,2352.7940,2286.0100,9786321600,94038910336.0000,1,BaoStock:query_history_k_data_plus:sh.000300:adjustflag=3
2013-08-13,2352.8830,2360.8270,2340.7330,2359.0680,2352.7940,7839363600,71178520240.0000,1,BaoStock:query_history_k_data_plus:sh.000300:adjustflag=3
2013-08-14,2362.6190,2386.5990,2340.8330,2349.0800,2359.0680,7594212800,71338219589.0000,1,BaoStock:query_history_k_data_plus:sh.000300:adjustflag=3
2013-08-15,2348.8390,2362.0890,2319.7840,2321.5760,2349.0800,6195185300,59411203587.0000,1,BaoStock:query_history_k_data_plus:sh.000300:adjustflag=3
2013-08-16,2314.2610,2423.0810,2295.0230,2304.1440,2321.5760,12036956300,104026773370.0000,1,BaoStock:query_history_k_data_plus:sh.000300:adjustflag=3
2013-08-19,2286.2030,2340.1940,2284.0770,2331.4300,2304.1440,7248322400,67064925390.0000,1,BaoStock:query_history_k_data_plus:sh.000300:adjustflag=3
2013-08-20,2325.8620,2353.4090,2303.6660,2312.4650,2331.4300,7308634500,67589707172.0000,1,BaoStock:query_history_k_data_plus:sh.000300:adjustflag=3
2013-08-21,2320.5840,2321.6420,2291.0530,2308.5890,2312.4650,5500738400,50886495497.0000,1,BaoStock:query_history_k_data_plus:sh.000300:adjustflag=3
2013-08-22,2302.6680,2329.1430,2297.0160,2303.9320,2308.5890,5533810400,51686310590.0000,1,BaoStock:query_history_k_data_plus:sh.000300:adjustflag=3
2013-08-23,2314.8660,2321.0370,2251.9200,2286.9290,2303.9320,6896713300,65459845296.0000,1,BaoStock:query_history_k_data_plus:sh.000300:adjustflag=3
2013-08-26,2294.7590,2336.3810,2288.4960,2335.6160,2286.9290,7037104300,66541009856.0000,1,BaoStock:query_history_k_data_plus:sh.000300:adjustflag=3
2013-08-27,2332.8000,2345.1050,2322.4610,2340.8810,2335.6160,6599033300,62575377643.0000,1,BaoStock:query_history_k_data_plus:sh.000300:adjustflag=3
2013-08-28,2326.0960,2345.3580,2307.0430,2328.0560,2340.8810,8925617400,80965562365.0000,1,BaoStock:query_history_k_data_plus:sh.000300:adjustflag=3
2013-08-29,2338.5640,2342.3200,2308.1450,2318.3110,2328.0560,6608541500,59719882399.0000,1,BaoStock:query_history_k_data_plus:sh.000300:adjustflag=3
2013-08-30,2315.9130,2334.4130,2303.6090,2313.9100,2318.3110,8765451500,76695994654.0000,1,BaoStock:query_history_k_data_plus:sh.000300:adjustflag=3
2013-09-02,2319.9570,2329.8670,2297.4490,2320.3440,2313.9100,7951024900,73575869316.0000,1,BaoStock:query_history_k_data_plus:sh.000300:adjustflag=3
2013-09-03,2326.2310,2354.8560,2321.3040,2354.5020,2320.3440,8055400500,72663978650.0000,1,BaoStock:query_history_k_data_plus:sh.000300:adjustflag=3
2013-09-04,2352.5370,2360.6630,2345.4370,2350.6990,2354.5020,7872576300,68509013842.0000,1,BaoStock:query_history_k_data_plus:sh.000300:adjustflag=3
2013-09-05,2350.9270,2351.2180,2336.7540,2341.7350,2350.6990,6295138300,59606065186.0000,1,BaoStock:query_history_k_data_plus:sh.000300:adjustflag=3
2013-09-06,2336.7670,2361.1780,2335.9320,2357.7820,2341.7350,7334011600,63916893626.0000,1,BaoStock:query_history_k_data_plus:sh.000300:adjustflag=3
2013-09-09,2374.2600,2449.2490,2372.6860,2440.6090,2357.7820,14988964000,127299546171.0000,1,BaoStock:query_history_k_data_plus:sh.000300:adjustflag=3
2013-09-10,2446.4540,2475.1950,2435.8260,2474.8940,2440.6090,15485599200,130648129418.0000,1,BaoStock:query_history_k_data_plus:sh.000300:adjustflag=3
2013-09-11,2483.7910,2504.4690,2471.6240,2482.8890,2474.8940,16691497400,142830288492.0000,1,BaoStock:query_history_k_data_plus:sh.000300:adjustflag=3
2013-09-12,2480.4680,2527.3830,2469.7180,2507.4550,2482.8890,14517317500,126115528291.0000,1,BaoStock:query_history_k_data_plus:sh.000300:adjustflag=3
2013-09-13,2502.5400,2515.7810,2481.4540,2488.9020,2507.4550,11077504900,98275004927.0000,1,BaoStock:query_history_k_data_plus:sh.000300:adjustflag=3
2013-09-16,2501.0770,2503.6940,2467.1290,2478.3900,2488.9020,10538328200,97043842349.0000,1,BaoStock:query_history_k_data_plus:sh.000300:adjustflag=3
2013-09-17,2480.8100,2481.7100,2426.4620,2427.3220,2478.3900,9945998200,93115107921.0000,1,BaoStock:query_history_k_data_plus:sh.000300:adjustflag=3
2013-09-18,2426.0400,2439.6260,2407.2430,2432.5100,2427.3220,7104075900,69341324599.0000,1,BaoStock:query_history_k_data_plus:sh.000300:adjustflag=3
2013-09-23,2441.5160,2473.1630,2439.9930,2472.2880,2432.5100,8012835200,80920687856.0000,1,BaoStock:query_history_k_data_plus:sh.000300:adjustflag=3
2013-09-24,2470.7150,2470.7460,2420.0850,2443.8850,2472.2880,9785301300,96769831421.0000,1,BaoStock:query_history_k_data_plus:sh.000300:adjustflag=3
2013-09-25,2440.8350,2455.0370,2423.2760,2429.0300,2443.8850,9051841800,89119216662.0000,1,BaoStock:query_history_k_data_plus:sh.000300:adjustflag=3
2013-09-26,2422.6310,2422.6310,2382.5350,2384.4430,2429.0300,8623677000,84183923178.0000,1,BaoStock:query_history_k_data_plus:sh.000300:adjustflag=3
2013-09-27,2382.2180,2402.1960,2379.8560,2394.9710,2384.4430,6597150800,66383990191.0000,1,BaoStock:query_history_k_data_plus:sh.000300:adjustflag=3
2013-09-30,2406.2050,2415.0750,2397.2200,2409.0370,2394.9710,5951399200,60990141884.0000,1,BaoStock:query_history_k_data_plus:sh.000300:adjustflag=3
2013-10-08,2406.4150,2446.7030,2392.5720,2441.8110,2409.0370,8478550600,84229908920.0000,1,BaoStock:query_history_k_data_plus:sh.000300:adjustflag=3
2013-10-09,2432.9400,2453.7460,2424.7690,2453.5830,2441.8110,7627764500,76128340887.0000,1,BaoStock:query_history_k_data_plus:sh.000300:adjustflag=3
2013-10-10,2455.6400,2455.9790,2422.0170,2429.3170,2453.5830,9032970600,89468020274.0000,1,BaoStock:query_history_k_data_plus:sh.000300:adjustflag=3
2013-10-11,2442.3640,2471.1650,2439.6340,2468.5080,2429.3170,9338826100,91811541654.0000,1,BaoStock:query_history_k_data_plus:sh.000300:adjustflag=3
2013-10-14,2472.2670,2483.1310,2462.5510,2472.5420,2468.5080,10008130100,99109155920.0000,1,BaoStock:query_history_k_data_plus:sh.000300:adjustflag=3
2013-10-15,2475.3240,2479.1340,2449.4160,2467.5170,2472.5420,8917349600,86100822006.0000,1,BaoStock:query_history_k_data_plus:sh.000300:adjustflag=3
2013-10-16,2459.0770,2459.0770,2409.7180,2421.3710,2467.5170,8897983400,83150844984.0000,1,BaoStock:query_history_k_data_plus:sh.000300:adjustflag=3
2013-10-17,2432.6450,2440.9190,2407.7770,2413.3300,2421.3710,7122247400,67722892391.0000,1,BaoStock:query_history_k_data_plus:sh.000300:adjustflag=3
2013-10-18,2415.1180,2435.7120,2410.5990,2426.0540,2413.3300,6029163000,59138754367.0000,1,BaoStock:query_history_k_data_plus:sh.000300:adjustflag=3
2013-10-21,2431.9150,2472.7850,2423.5620,2471.3220,2426.0540,8490979500,82223144817.0000,1,BaoStock:query_history_k_data_plus:sh.000300:adjustflag=3
2013-10-22,2470.2550,2470.2550,2439.8590,2445.8910,2471.3220,9070302900,83412053857.0000,1,BaoStock:query_history_k_data_plus:sh.000300:adjustflag=3
2013-10-23,2451.5560,2474.3720,2412.4830,2418.4910,2445.8910,9154535500,83286778556.0000,1,BaoStock:query_history_k_data_plus:sh.000300:adjustflag=3
2013-10-24,2412.2350,2422.9430,2395.4740,2400.5110,2418.4910,6456082100,60427235951.0000,1,BaoStock:query_history_k_data_plus:sh.000300:adjustflag=3
2013-10-25,2400.5170,2413.3320,2353.9930,2368.5590,2400.5110,7707018200,70778094834.0000,1,BaoStock:query_history_k_data_plus:sh.000300:adjustflag=3
2013-10-28,2372.5710,2377.2490,2351.8620,2365.9540,2368.5590,6287615200,56602098405.0000,1,BaoStock:query_history_k_data_plus:sh.000300:adjustflag=3
2013-10-29,2369.2160,2408.6160,2327.9040,2372.0530,2365.9540,10673783300,91741559592.0000,1,BaoStock:query_history_k_data_plus:sh.000300:adjustflag=3
2013-10-30,2371.8530,2407.8510,2365.5060,2407.4710,2372.0530,9217812600,75735067216.0000,1,BaoStock:query_history_k_data_plus:sh.000300:adjustflag=3
2013-10-31,2398.3950,2398.3950,2370.2260,2373.7180,2407.4710,8273696400,70393879838.0000,1,BaoStock:query_history_k_data_plus:sh.000300:adjustflag=3
2013-11-01,2373.9620,2395.0050,2365.1460,2384.9600,2373.7180,6305576200,57820026665.0000,1,BaoStock:query_history_k_data_plus:sh.000300:adjustflag=3
2013-11-04,2397.2100,2404.8960,2376.3550,2380.4540,2384.9600,5179846100,48959462043.0000,1,BaoStock:query_history_k_data_plus:sh.000300:adjustflag=3
2013-11-05,2366.8840,2385.6880,2343.8010,2383.7690,2380.4540,6208448800,56935549943.0000,1,BaoStock:query_history_k_data_plus:sh.000300:adjustflag=3
2013-11-06,2371.3240,2383.5400,2352.7870,2353.5680,2383.7690,6377666300,59536872794.0000,1,BaoStock:query_history_k_data_plus:sh.000300:adjustflag=3
2013-11-07,2351.8710,2356.6720,2328.2530,2340.5520,2353.5680,5482174700,50942569626.0000,1,BaoStock:query_history_k_data_plus:sh.000300:adjustflag=3
2013-11-08,2329.0840,2342.6720,2306.0410,2307.9450,2340.5520,5378850800,48564999878.0000,1,BaoStock:query_history_k_data_plus:sh.000300:adjustflag=3
2013-11-11,2305.9400,2325.2280,2295.0030,2315.8890,2307.9450,4573945700,42566548184.0000,1,BaoStock:query_history_k_data_plus:sh.000300:adjustflag=3
2013-11-12,2319.3620,2342.5290,2316.6030,2340.0000,2315.8890,5268754500,49854763423.0000,1,BaoStock:query_history_k_data_plus:sh.000300:adjustflag=3
2013-11-13,2325.3600,2325.5630,2287.5470,2288.1160,2340.0000,5984883100,53183050105.0000,1,BaoStock:query_history_k_data_plus:sh.000300:adjustflag=3
2013-11-14,2291.2690,2305.6960,2279.0060,2304.5010,2288.1160,5731035600,51945077793.0000,1,BaoStock:query_history_k_data_plus:sh.000300:adjustflag=3
2013-11-15,2306.5490,2377.2110,2306.5490,2350.7340,2304.5010,8639177100,83147858433.0000,1,BaoStock:query_history_k_data_plus:sh.000300:adjustflag=3
2013-11-18,2367.8830,2429.5660,2361.0380,2428.9030,2350.7340,11003463300,108549512988.0000,1,BaoStock:query_history_k_data_plus:sh.000300:adjustflag=3
2013-11-19,2427.9280,2427.9280,2405.0760,2412.1630,2428.9030,7864829600,79884936328.0000,1,BaoStock:query_history_k_data_plus:sh.000300:adjustflag=3
2013-11-20,2428.7670,2435.4270,2406.4170,2424.8500,2412.1630,7229180100,67741428196.0000,1,BaoStock:query_history_k_data_plus:sh.000300:adjustflag=3
2013-11-21,2412.4510,2415.3830,2382.8780,2409.9890,2424.8500,8770667700,82220527035.0000,1,BaoStock:query_history_k_data_plus:sh.000300:adjustflag=3
2013-11-22,2415.2900,2418.9990,2393.5810,2397.9620,2409.9890,7500067500,70052206585.0000,1,BaoStock:query_history_k_data_plus:sh.000300:adjustflag=3
2013-11-25,2385.7840,2418.8530,2380.6890,2388.6290,2397.9620,6614473400,63811265014.0000,1,BaoStock:query_history_k_data_plus:sh.000300:adjustflag=3
2013-11-26,2387.8260,2399.0220,2380.4120,2387.4160,2388.6290,5918586400,53334204356.0000,1,BaoStock:query_history_k_data_plus:sh.000300:adjustflag=3
2013-11-27,2386.3620,2422.8060,2383.7800,2414.4810,2387.4160,7529408800,70744775407.0000,1,BaoStock:query_history_k_data_plus:sh.000300:adjustflag=3
2013-11-28,2419.1500,2460.5560,2417.2350,2439.5300,2414.4810,9066040600,86852445384.0000,1,BaoStock:query_history_k_data_plus:sh.000300:adjustflag=3
2013-11-29,2442.6760,2446.3950,2432.3870,2438.9440,2439.5300,6180374600,61907374173.0000,1,BaoStock:query_history_k_data_plus:sh.000300:adjustflag=3
2013-12-02,2423.9690,2464.8630,2397.0070,2418.7880,2438.9440,11965512300,112921841120.0000,1,BaoStock:query_history_k_data_plus:sh.000300:adjustflag=3
2013-12-03,2410.6930,2448.3330,2406.6630,2442.7840,2418.7880,7445575200,72045234174.0000,1,BaoStock:query_history_k_data_plus:sh.000300:adjustflag=3
2013-12-04,2439.8240,2486.6400,2434.6940,2475.1350,2442.7840,10265023500,94783931336.0000,1,BaoStock:query_history_k_data_plus:sh.000300:adjustflag=3
2013-12-05,2476.4530,2481.7470,2460.5760,2468.1970,2475.1350,7770893200,72999931131.0000,1,BaoStock:query_history_k_data_plus:sh.000300:adjustflag=3
2013-12-06,2463.0430,2470.8130,2445.6230,2452.2870,2468.1970,6611408900,64843207895.0000,1,BaoStock:query_history_k_data_plus:sh.000300:adjustflag=3
2013-12-09,2460.0280,2468.9480,2445.9400,2450.8720,2452.2870,5716488400,57634539131.0000,1,BaoStock:query_history_k_data_plus:sh.000300:adjustflag=3
2013-12-10,2456.2300,2466.6600,2444.5260,2453.3220,2450.8720,6694142400,61236728790.0000,1,BaoStock:query_history_k_data_plus:sh.000300:adjustflag=3
2013-12-11,2440.5030,2440.5030,2400.7420,2412.7630,2453.3220,6807514400,62808851026.0000,1,BaoStock:query_history_k_data_plus:sh.000300:adjustflag=3
2013-12-12,2406.7660,2423.3090,2402.7690,2410.0150,2412.7630,5014771900,47481447335.0000,1,BaoStock:query_history_k_data_plus:sh.000300:adjustflag=3
2013-12-13,2388.6590,2416.2600,2386.2460,2406.6390,2410.0150,5150119600,47583527668.0000,1,BaoStock:query_history_k_data_plus:sh.000300:adjustflag=3
2013-12-16,2408.6780,2412.7340,2367.4300,2367.9230,2406.6390,6458167400,62107893611.0000,1,BaoStock:query_history_k_data_plus:sh.000300:adjustflag=3
2013-12-17,2369.2550,2373.2860,2351.1830,2356.3760,2367.9230,4848389100,46306075570.0000,1,BaoStock:query_history_k_data_plus:sh.000300:adjustflag=3
2013-12-18,2356.7030,2368.5830,2350.4510,2357.2260,2356.3760,4001520700,39675269794.0000,1,BaoStock:query_history_k_data_plus:sh.000300:adjustflag=3
2013-12-19,2366.2050,2370.9910,2331.1940,2332.4100,2357.2260,4809568000,45148866928.0000,1,BaoStock:query_history_k_data_plus:sh.000300:adjustflag=3
2013-12-20,2335.0520,2338.8750,2278.0960,2278.1360,2332.4100,6520420700,60862129503.0000,1,BaoStock:query_history_k_data_plus:sh.000300:adjustflag=3
2013-12-23,2283.8000,2295.7650,2259.5750,2284.6020,2278.1360,4558028500,44415342954.0000,1,BaoStock:query_history_k_data_plus:sh.000300:adjustflag=3
2013-12-24,2291.1250,2312.8320,2270.2450,2288.2480,2284.6020,4559916800,45173191422.0000,1,BaoStock:query_history_k_data_plus:sh.000300:adjustflag=3
2013-12-25,2291.7480,2305.6090,2281.6000,2305.1100,2288.2480,4400532600,41202984186.0000,1,BaoStock:query_history_k_data_plus:sh.000300:adjustflag=3
2013-12-26,2299.9720,2301.4930,2263.9220,2265.3340,2305.1100,5149756300,48603013700.0000,1,BaoStock:query_history_k_data_plus:sh.000300:adjustflag=3
2013-12-27,2268.5350,2315.1820,2264.3860,2303.4780,2265.3340,5338915700,51197946376.0000,1,BaoStock:query_history_k_data_plus:sh.000300:adjustflag=3
2013-12-30,2313.3800,2316.6210,2295.6410,2299.4580,2303.4780,4841430800,46156442661.0000,1,BaoStock:query_history_k_data_plus:sh.000300:adjustflag=3
2013-12-31,2289.0100,2333.0740,2287.1170,2330.0260,2299.4580,5663107000,57026486218.0000,1,BaoStock:query_history_k_data_plus:sh.000300:adjustflag=3
2014-01-02,2323.4330,2325.9910,2310.6530,2321.9780,2330.0260,4519429100,49012211124.0000,1,BaoStock:query_history_k_data_plus:sh.000300:adjustflag=3
2014-01-03,2311.9680,2314.8360,2280.8870,2290.7790,2321.9780,5978264500,57739709924.0000,1,BaoStock:query_history_k_data_plus:sh.000300:adjustflag=3
2014-01-06,2286.3710,2286.3710,2229.3340,2238.6370,2290.7790,6630040300,59979360128.0000,1,BaoStock:query_history_k_data_plus:sh.000300:adjustflag=3
2014-01-07,2222.3060,2246.7910,2218.6470,2238.0010,2238.6370,4375310300,42565648108.0000,1,BaoStock:query_history_k_data_plus:sh.000300:adjustflag=3
2014-01-08,2240.6350,2262.5840,2228.4180,2241.9110,2238.0010,5134885400,50691488898.0000,1,BaoStock:query_history_k_data_plus:sh.000300:adjustflag=3
2014-01-09,2236.9670,2258.8940,2220.8020,2222.2210,2241.9110,5598704100,54399491333.0000,1,BaoStock:query_history_k_data_plus:sh.000300:adjustflag=3
2014-01-10,2216.5210,2224.4940,2200.2150,2204.8510,2222.2210,5416929300,47572309533.0000,1,BaoStock:query_history_k_data_plus:sh.000300:adjustflag=3
2014-01-13,2206.9960,2222.0720,2183.5970,2193.6790,2204.8510,5012277200,46123003754.0000,1,BaoStock:query_history_k_data_plus:sh.000300:adjustflag=3
2014-01-14,2192.8440,2214.1240,2179.9080,2212.8460,2193.6790,5404994700,46785099888.0000,1,BaoStock:query_history_k_data_plus:sh.000300:adjustflag=3
2014-01-15,2210.0240,2215.9030,2193.8020,2208.9410,2212.8460,4896239500,45755914348.0000,1,BaoStock:query_history_k_data_plus:sh.000300:adjustflag=3
2014-01-16,2209.4480,2227.2620,2201.5600,2211.8440,2208.9410,5229890200,49842784005.0000,1,BaoStock:query_history_k_data_plus:sh.000300:adjustflag=3
2014-01-17,2203.8210,2205.9720,2175.8760,2178.4880,2211.8440,5027315500,46268159163.0000,1,BaoStock:query_history_k_data_plus:sh.000300:adjustflag=3
2014-01-20,2173.6510,2182.4630,2156.4580,2165.9930,2178.4880,4056015400,39157227541.0000,1,BaoStock:query_history_k_data_plus:sh.000300:adjustflag=3
2014-01-21,2168.4200,2197.9230,2168.4200,2187.4100,2165.9930,4030624700,38590992772.0000,1,BaoStock:query_history_k_data_plus:sh.000300:adjustflag=3
2014-01-22,2190.4320,2244.1330,2187.5340,2243.7960,2187.4100,7064137500,64803357078.0000,1,BaoStock:query_history_k_data_plus:sh.000300:adjustflag=3
2014-01-23,2242.2450,2248.9240,2228.0570,2231.8890,2243.7960,5634595100,55726417393.0000,1,BaoStock:query_history_k_data_plus:sh.000300:adjustflag=3
2014-01-24,2225.7580,2257.3550,2222.8930,2245.6780,2231.8890,6116767000,59563444873.0000,1,BaoStock:query_history_k_data_plus:sh.000300:adjustflag=3
2014-01-27,2233.0150,2233.2310,2211.7990,2215.9190,2245.6780,7034424600,63503992484.0000,1,BaoStock:query_history_k_data_plus:sh.000300:adjustflag=3
2014-01-28,2220.7850,2233.2570,2205.9720,2219.8550,2215.9190,5326913000,49408754555.0000,1,BaoStock:query_history_k_data_plus:sh.000300:adjustflag=3
2014-01-29,2225.7110,2233.0570,2219.9280,2227.7810,2219.8550,5022271700,48788682770.0000,1,BaoStock:query_history_k_data_plus:sh.000300:adjustflag=3
2014-01-30,2223.1630,2223.1630,2200.2240,2202.4500,2227.7810,4363230400,43475960839.0000,1,BaoStock:query_history_k_data_plus:sh.000300:adjustflag=3
2014-02-07,2187.3430,2212.4980,2177.1170,2212.4830,2202.4500,5045931500,49597106433.0000,1,BaoStock:query_history_k_data_plus:sh.000300:adjustflag=3
2014-02-10,2221.5400,2270.1940,2221.5400,2267.5340,2212.4830,8306571600,81103244127.0000,1,BaoStock:query_history_k_data_plus:sh.000300:adjustflag=3
2014-02-11,2267.7350,2296.5160,2262.5990,2285.5620,2267.5340,9922982900,92688969126.0000,1,BaoStock:query_history_k_data_plus:sh.000300:adjustflag=3
2014-02-12,2286.1870,2294.3170,2276.4440,2291.2460,2285.5620,7659216100,73487379679.0000,1,BaoStock:query_history_k_data_plus:sh.000300:adjustflag=3
2014-02-13,2288.4510,2307.4740,2278.2610,2279.5540,2291.2460,9621778900,87352124305.0000,1,BaoStock:query_history_k_data_plus:sh.000300:adjustflag=3
2014-02-14,2278.4000,2295.8520,2274.4290,2295.5750,2279.5540,6708299700,64613327719.0000,1,BaoStock:query_history_k_data_plus:sh.000300:adjustflag=3
2014-02-17,2308.7910,2315.5790,2293.5520,2311.6470,2295.5750,8783166600,86871352624.0000,1,BaoStock:query_history_k_data_plus:sh.000300:adjustflag=3
2014-02-18,2310.3090,2310.3090,2276.1080,2282.4420,2311.6470,8704974300,88107267954.0000,1,BaoStock:query_history_k_data_plus:sh.000300:adjustflag=3
2014-02-19,2280.9270,2317.4200,2274.1520,2308.6560,2282.4420,9935256100,88341900374.0000,1,BaoStock:query_history_k_data_plus:sh.000300:adjustflag=3
2014-02-20,2314.0880,2331.6980,2286.2030,2287.4360,2308.6560,10643953300,91771595713.0000,1,BaoStock:query_history_k_data_plus:sh.000300:adjustflag=3
2014-02-21,2284.0300,2287.8690,2250.6520,2264.2940,2287.4360,7636899300,69908188663.0000,1,BaoStock:query_history_k_data_plus:sh.000300:adjustflag=3
2014-02-24,2246.7150,2246.7150,2194.1640,2214.5090,2264.2940,8921593900,79599146389.0000,1,BaoStock:query_history_k_data_plus:sh.000300:adjustflag=3
2014-02-25,2216.5150,2225.2090,2150.0950,2157.9090,2214.5090,9323755100,88306571728.0000,1,BaoStock:query_history_k_data_plus:sh.000300:adjustflag=3
2014-02-26,2147.7370,2164.6980,2137.0790,2163.4050,2157.9090,7799329700,68640581126.0000,1,BaoStock:query_history_k_data_plus:sh.000300:adjustflag=3
2014-02-27,2170.8100,2180.0630,2150.1350,2154.1080,2163.4050,9010429600,81587999653.0000,1,BaoStock:query_history_k_data_plus:sh.000300:adjustflag=3
2014-02-28,2149.4460,2180.4740,2133.5480,2178.9710,2154.1080,7666805700,70216798972.0000,1,BaoStock:query_history_k_data_plus:sh.000300:adjustflag=3
2014-03-03,2173.9070,2194.2240,2167.9100,2190.3700,2178.9710,8207231400,69408739897.0000,1,BaoStock:query_history_k_data_plus:sh.000300:adjustflag=3
2014-03-04,2183.8580,2188.6010,2161.5890,2184.2730,2190.3700,7306925000,64691438035.0000,1,BaoStock:query_history_k_data_plus:sh.000300:adjustflag=3
2014-03-05,2187.3520,2189.0930,2159.5950,2163.9760,2184.2730,6133201500,55669679402.0000,1,BaoStock:query_history_k_data_plus:sh.000300:adjustflag=3
2014-03-06,2159.3970,2181.4270,2136.4540,2173.6340,2163.9760,6909376700,61495023657.0000,1,BaoStock:query_history_k_data_plus:sh.000300:adjustflag=3
2014-03-07,2170.0430,2189.3900,2161.4360,2168.3580,2173.6340,6426517700,58693177974.0000,1,BaoStock:query_history_k_data_plus:sh.000300:adjustflag=3
2014-03-10,2149.6760,2149.6760,2095.0670,2097.7870,2168.3580,7141640700,63086412572.0000,1,BaoStock:query_history_k_data_plus:sh.000300:adjustflag=3
2014-03-11,2092.6080,2118.7900,2088.7290,2108.6610,2097.7870,5762124300,53075782462.0000,1,BaoStock:query_history_k_data_plus:sh.000300:adjustflag=3
2014-03-12,2102.8010,2130.5860,2090.7570,2114.1340,2108.6610,7006974700,60115239174.0000,1,BaoStock:query_history_k_data_plus:sh.000300:adjustflag=3
2014-03-13,2119.5470,2149.4360,2115.9860,2140.3330,2114.1340,6922602800,59163094375.0000,1,BaoStock:query_history_k_data_plus:sh.000300:adjustflag=3
2014-03-14,2129.8700,2140.3840,2109.5750,2122.8360,2140.3330,5861773700,49805247510.0000,1,BaoStock:query_history_k_data_plus:sh.000300:adjustflag=3
2014-03-17,2132.7930,2143.1960,2118.9530,2143.0380,2122.8360,5240944500,47571288733.0000,1,BaoStock:query_history_k_data_plus:sh.000300:adjustflag=3
2014-03-18,2146.1240,2152.4620,2134.9230,2138.1330,2143.0380,5535413200,54188441365.0000,1,BaoStock:query_history_k_data_plus:sh.000300:adjustflag=3
2014-03-19,2131.2830,2131.2830,2101.2850,2120.8700,2138.1330,5930390500,55283943974.0000,1,BaoStock:query_history_k_data_plus:sh.000300:adjustflag=3
2014-03-20,2116.1850,2134.7920,2086.4970,2086.9670,2120.8700,6763128500,58951601970.0000,1,BaoStock:query_history_k_data_plus:sh.000300:adjustflag=3
2014-03-21,2079.8710,2163.2250,2077.7590,2158.7980,2086.9670,10402480700,83560511769.0000,1,BaoStock:query_history_k_data_plus:sh.000300:adjustflag=3
2014-03-24,2161.8980,2186.7310,2150.8710,2176.5540,2158.7980,10449198400,81203913733.0000,1,BaoStock:query_history_k_data_plus:sh.000300:adjustflag=3
2014-03-25,2170.7800,2191.4910,2164.6690,2174.4400,2176.5540,8687751000,67548473561.0000,1,BaoStock:query_history_k_data_plus:sh.000300:adjustflag=3
2014-03-26,2181.2310,2186.0780,2165.2170,2171.0470,2174.4400,5827617600,50116023097.0000,1,BaoStock:query_history_k_data_plus:sh.000300:adjustflag=3
2014-03-27,2168.3440,2186.8930,2146.9160,2155.7070,2171.0470,7127513200,62175860350.0000,1,BaoStock:query_history_k_data_plus:sh.000300:adjustflag=3
2014-03-28,2154.5150,2172.6680,2144.5840,2151.9650,2155.7070,7008607300,60123341093.0000,1,BaoStock:query_history_k_data_plus:sh.000300:adjustflag=3
2014-03-31,2156.0540,2165.2540,2134.4220,2146.3050,2151.9650,5545748800,48105020054.0000,1,BaoStock:query_history_k_data_plus:sh.000300:adjustflag=3
2014-04-01,2143.7170,2170.0950,2141.1510,2163.1150,2146.3050,4886640300,43659064291.0000,1,BaoStock:query_history_k_data_plus:sh.000300:adjustflag=3
2014-04-02,2166.0670,2182.6830,2164.0080,2180.7270,2163.1150,6503925700,56777151867.0000,1,BaoStock:query_history_k_data_plus:sh.000300:adjustflag=3
2014-04-03,2188.6420,2196.1380,2160.7470,2165.0080,2180.7270,7153603200,57708859685.0000,1,BaoStock:query_history_k_data_plus:sh.000300:adjustflag=3
2014-04-04,2157.9820,2186.1540,2155.2770,2185.4720,2165.0080,4794588800,43912624261.0000,1,BaoStock:query_history_k_data_plus:sh.000300:adjustflag=3
2014-04-08,2179.9200,2243.9700,2178.9050,2237.3160,2185.4720,9721911700,85692893370.0000,1,BaoStock:query_history_k_data_plus:sh.000300:adjustflag=3
2014-04-09,2239.7910,2246.7930,2228.9940,2238.6200,2237.3160,6635726800,61178630422.0000,1,BaoStock:query_history_k_data_plus:sh.000300:adjustflag=3
2014-04-10,2241.4520,2290.7420,2229.5150,2273.7610,2238.6200,11454540500,101616815025.0000,1,BaoStock:query_history_k_data_plus:sh.000300:adjustflag=3
2014-04-11,2269.5650,2281.1050,2261.1330,2270.6660,2273.7610,9061589700,86154853765.0000,1,BaoStock:query_history_k_data_plus:sh.000300:adjustflag=3
2014-04-14,2267.9430,2275.8300,2255.4560,2268.6130,2270.6660,6226499800,60254151500.0000,1,BaoStock:query_history_k_data_plus:sh.000300:adjustflag=3
2014-04-15,2261.4110,2261.4740,2225.6850,2229.4630,2268.6130,6821813000,62599115638.0000,1,BaoStock:query_history_k_data_plus:sh.000300:adjustflag=3
2014-04-16,2223.4680,2245.3150,2221.1530,2232.5260,2229.4630,5167801000,47770218198.0000,1,BaoStock:query_history_k_data_plus:sh.000300:adjustflag=3
2014-04-17,2238.7790,2241.6220,2221.9540,2224.8030,2232.5260,4833362800,45096433749.0000,1,BaoStock:query_history_k_data_plus:sh.000300:adjustflag=3
2014-04-18,2215.8790,2228.7700,2203.0470,2224.4790,2224.8030,5075799500,45709617096.0000,1,BaoStock:query_history_k_data_plus:sh.000300:adjustflag=3
2014-04-21,2209.9420,2231.7070,2186.7550,2187.2480,2224.4790,5627828000,51856112765.0000,1,BaoStock:query_history_k_data_plus:sh.000300:adjustflag=3
2014-04-22,2184.0170,2196.8490,2165.0750,2196.7950,2187.2480,5709469400,52351993061.0000,1,BaoStock:query_history_k_data_plus:sh.000300:adjustflag=3
2014-04-23,2191.2310,2205.5940,2187.3880,2194.6680,2196.7950,4776353100,45191150830.0000,1,BaoStock:query_history_k_data_plus:sh.000300:adjustflag=3
2014-04-24,2192.7690,2209.4540,2186.7630,2190.4740,2194.6680,4505891100,41927012945.0000,1,BaoStock:query_history_k_data_plus:sh.000300:adjustflag=3
2014-04-25,2195.8150,2201.7120,2167.6400,2167.8260,2190.4740,6024538300,52092022381.0000,1,BaoStock:query_history_k_data_plus:sh.000300:adjustflag=3
2014-04-28,2165.7730,2171.3850,2132.6950,2134.9690,2167.8260,6048518700,49998809829.0000,1,BaoStock:query_history_k_data_plus:sh.000300:adjustflag=3
2014-04-29,2134.4130,2159.3790,2131.7830,2158.4700,2134.9690,4820493100,41550353157.0000,1,BaoStock:query_history_k_data_plus:sh.000300:adjustflag=3
2014-04-30,2158.7620,2164.1750,2153.1240,2158.6590,2158.4700,4533462400,39493022295.0000,1,BaoStock:query_history_k_data_plus:sh.000300:adjustflag=3
2014-05-05,2152.5900,2161.7030,2131.2320,2156.4700,2158.6590,4934407300,41470449799.0000,1,BaoStock:query_history_k_data_plus:sh.000300:adjustflag=3
2014-05-06,2151.3880,2173.6180,2150.1120,2157.3280,2156.4700,4808651900,41486451628.0000,1,BaoStock:query_history_k_data_plus:sh.000300:adjustflag=3
2014-05-07,2151.4720,2153.7230,2136.9900,2137.3160,2157.3280,4460747000,37751019661.0000,1,BaoStock:query_history_k_data_plus:sh.000300:adjustflag=3
2014-05-08,2132.0360,2168.2060,2128.3180,2135.4960,2137.3160,4833245200,40729772017.0000,1,BaoStock:query_history_k_data_plus:sh.000300:adjustflag=3
2014-05-09,2138.8400,2141.5590,2120.5950,2133.9110,2135.4960,4918113500,40242745273.0000,1,BaoStock:query_history_k_data_plus:sh.000300:adjustflag=3
2014-05-12,2150.3130,2184.3320,2139.4830,2180.0540,2133.9110,8347256000,66275508636.0000,1,BaoStock:query_history_k_data_plus:sh.000300:adjustflag=3
2014-05-13,2180.0590,2185.0460,2167.7670,2174.8520,2180.0540,6491251800,50241276089.0000,1,BaoStock:query_history_k_data_plus:sh.000300:adjustflag=3
2014-05-14,2175.0940,2184.2210,2168.9970,2172.3720,2174.8520,4851420600,39214123931.0000,1,BaoStock:query_history_k_data_plus:sh.000300:adjustflag=3
2014-05-15,2169.2780,2171.4530,2142.3380,2144.0840,2172.3720,4673403200,38938529216.0000,1,BaoStock:query_history_k_data_plus:sh.000300:adjustflag=3
2014-05-16,2143.9260,2150.5000,2132.1860,2145.9520,2144.0840,4225319700,34987586802.0000,1,BaoStock:query_history_k_data_plus:sh.000300:adjustflag=3
2014-05-19,2139.3620,2139.3620,2105.7130,2115.1430,2145.9520,4289360700,37135950607.0000,1,BaoStock:query_history_k_data_plus:sh.000300:adjustflag=3
2014-05-20,2124.7080,2131.5670,2110.7200,2115.7710,2115.1430,3729968300,31576339037.0000,1,BaoStock:query_history_k_data_plus:sh.000300:adjustflag=3
2014-05-21,2106.7620,2136.1000,2096.5140,2135.9050,2115.7710,3894604200,32246807970.0000,1,BaoStock:query_history_k_data_plus:sh.000300:adjustflag=3
2014-05-22,2134.0870,2160.9090,2128.8580,2130.8680,2135.9050,4625273600,39227549718.0000,1,BaoStock:query_history_k_data_plus:sh.000300:adjustflag=3
2014-05-23,2130.7750,2148.5830,2128.6630,2148.4140,2130.8680,3762310500,32420020159.0000,1,BaoStock:query_history_k_data_plus:sh.000300:adjustflag=3
2014-05-26,2161.8920,2165.4210,2147.4450,2155.9760,2148.4140,3955065600,37788482728.0000,1,BaoStock:query_history_k_data_plus:sh.000300:adjustflag=3
2014-05-27,2154.3950,2160.0270,2145.7520,2147.2800,2155.9760,3589717100,32374256462.0000,1,BaoStock:query_history_k_data_plus:sh.000300:adjustflag=3
2014-05-28,2147.4670,2171.1720,2142.0070,2169.3520,2147.2800,5005626000,45627619375.0000,1,BaoStock:query_history_k_data_plus:sh.000300:adjustflag=3
2014-05-29,2171.2600,2178.0920,2154.9250,2155.1640,2169.3520,4489155600,41076912680.0000,1,BaoStock:query_history_k_data_plus:sh.000300:adjustflag=3
2014-05-30,2156.3810,2166.9070,2146.2180,2156.4640,2155.1640,4392386300,39769199791.0000,1,BaoStock:query_history_k_data_plus:sh.000300:adjustflag=3
2014-06-03,2157.6400,2168.9950,2149.2910,2149.9180,2156.4640,4198295400,37906226058.0000,1,BaoStock:query_history_k_data_plus:sh.000300:adjustflag=3
2014-06-04,2149.4070,2149.4520,2117.3130,2128.2740,2149.9180,4181724900,35607022812.0000,1,BaoStock:query_history_k_data_plus:sh.000300:adjustflag=3
2014-06-05,2126.6070,2150.9300,2123.5240,2150.6020,2128.2740,3647742400,33050774675.0000,1,BaoStock:query_history_k_data_plus:sh.000300:adjustflag=3
2014-06-06,2149.2140,2149.7830,2123.9800,2134.7160,2150.6020,3573805800,32415599488.0000,1,BaoStock:query_history_k_data_plus:sh.000300:adjustflag=3
2014-06-09,2128.2250,2153.9030,2126.6650,2134.2810,2134.7160,3931106000,35326732064.0000,1,BaoStock:query_history_k_data_plus:sh.000300:adjustflag=3
2014-06-10,2138.6710,2161.5260,2132.4470,2161.2680,2134.2810,5050790200,44416141206.0000,1,BaoStock:query_history_k_data_plus:sh.000300:adjustflag=3
2014-06-11,2156.1510,2163.6100,2152.0800,2160.7660,2161.2680,4256371800,37311080748.0000,1,BaoStock:query_history_k_data_plus:sh.000300:adjustflag=3
2014-06-12,2156.7610,2160.9880,2148.4130,2153.4100,2160.7660,4302584300,37252041741.0000,1,BaoStock:query_history_k_data_plus:sh.000300:adjustflag=3
2014-06-13,2150.9870,2183.6450,2150.5690,2176.2420,2153.4100,5925287600,51765511450.0000,1,BaoStock:query_history_k_data_plus:sh.000300:adjustflag=3
2014-06-16,2176.4380,2196.3430,2174.2770,2191.8550,2176.2420,6329687500,56904298384.0000,1,BaoStock:query_history_k_data_plus:sh.000300:adjustflag=3
2014-06-17,2185.6810,2185.6810,2168.4450,2169.6740,2191.8550,4993366500,46244977817.0000,1,BaoStock:query_history_k_data_plus:sh.000300:adjustflag=3
2014-06-18,2169.2520,2172.5490,2158.4970,2160.2390,2169.6740,4946389700,42538095511.0000,1,BaoStock:query_history_k_data_plus:sh.000300:adjustflag=3
2014-06-19,2161.4260,2166.4070,2119.4980,2126.9070,2160.2390,5316264500,46029744918.0000,1,BaoStock:query_history_k_data_plus:sh.000300:adjustflag=3
2014-06-20,2124.9630,2137.0340,2120.8070,2136.7290,2126.9070,4239371900,35425712925.0000,1,BaoStock:query_history_k_data_plus:sh.000300:adjustflag=3
2014-06-23,2137.9260,2147.2270,2132.4540,2134.1100,2136.7290,4117925800,37112428752.0000,1,BaoStock:query_history_k_data_plus:sh.000300:adjustflag=3
2014-06-24,2131.6860,2145.2130,2130.2920,2144.8210,2134.1100,4016435600,38778505304.0000,1,BaoStock:query_history_k_data_plus:sh.000300:adjustflag=3
2014-06-25,2141.7260,2141.7260,2126.0350,2133.3710,2144.8210,3766610000,33809315524.0000,1,BaoStock:query_history_k_data_plus:sh.000300:adjustflag=3
2014-06-26,2135.1560,2151.1140,2134.8910,2149.0760,2133.3710,4435116600,40601836632.0000,1,BaoStock:query_history_k_data_plus:sh.000300:adjustflag=3
2014-06-27,2146.3740,2159.5260,2138.9270,2150.2580,2149.0760,5272289600,45525673947.0000,1,BaoStock:query_history_k_data_plus:sh.000300:adjustflag=3
2014-06-30,2152.3060,2168.2210,2152.3060,2165.1180,2150.2580,5430418800,50277570814.0000,1,BaoStock:query_history_k_data_plus:sh.000300:adjustflag=3
2014-07-01,2169.1990,2171.1500,2157.1330,2164.5590,2165.1180,5332310000,49936284309.0000,1,BaoStock:query_history_k_data_plus:sh.000300:adjustflag=3
2014-07-02,2163.9980,2171.5100,2155.6090,2170.8670,2164.5590,5968550100,53273658927.0000,1,BaoStock:query_history_k_data_plus:sh.000300:adjustflag=3
2014-07-03,2169.0030,2184.9640,2164.8430,2180.1920,2170.8670,6369069000,56024939299.0000,1,BaoStock:query_history_k_data_plus:sh.000300:adjustflag=3
2014-07-04,2180.4450,2183.7980,2174.0730,2178.6950,2180.1920,5285110600,47990033413.0000,1,BaoStock:query_history_k_data_plus:sh.000300:adjustflag=3
2014-07-07,2178.5460,2186.2020,2171.0830,2176.2890,2178.6950,5024233400,47663876919.0000,1,BaoStock:query_history_k_data_plus:sh.000300:adjustflag=3
2014-07-08,2174.8280,2180.7780,2163.3590,2180.4730,2176.2890,5074359900,46017266874.0000,1,BaoStock:query_history_k_data_plus:sh.000300:adjustflag=3
2014-07-09,2178.1350,2178.5100,2148.2600,2148.7100,2180.4730,6202204600,58980248398.0000,1,BaoStock:query_history_k_data_plus:sh.000300:adjustflag=3
2014-07-10,2146.6010,2151.7740,2139.5220,2142.8470,2148.7100,5573249700,50931668887.0000,1,BaoStock:query_history_k_data_plus:sh.000300:adjustflag=3
2014-07-11,2136.3170,2154.7350,2134.7950,2148.0090,2142.8470,6137427400,51551825645.0000,1,BaoStock:query_history_k_data_plus:sh.000300:adjustflag=3
2014-07-14,2149.5420,2171.9020,2145.2780,2171.7580,2148.0090,6615886300,60467088864.0000,1,BaoStock:query_history_k_data_plus:sh.000300:adjustflag=3
2014-07-15,2170.0890,2176.2720,2165.2060,2174.9760,2171.7580,7181569400,64304875149.0000,1,BaoStock:query_history_k_data_plus:sh.000300:adjustflag=3
2014-07-16,2172.8240,2183.2480,2166.7740,2170.8680,2174.9760,8156023000,61126054498.0000,1,BaoStock:query_history_k_data_plus:sh.000300:adjustflag=3
2014-07-17,2166.8310,2166.9320,2147.0840,2157.0680,2170.8680,5945356800,46354646289.0000,1,BaoStock:query_history_k_data_plus:sh.000300:adjustflag=3
2014-07-18,2147.6630,2176.3250,2145.4460,2164.1440,2157.0680,6547329500,53758919136.0000,1,BaoStock:query_history_k_data_plus:sh.000300:adjustflag=3
2014-07-21,2164.2230,2171.9400,2158.9550,2166.2950,2164.1440,5417226000,47731629577.0000,1,BaoStock:query_history_k_data_plus:sh.000300:adjustflag=3
2014-07-22,2162.4360,2197.5920,2162.2360,2192.6980,2166.2950,7854258300,66806114430.0000,1,BaoStock:query_history_k_data_plus:sh.000300:adjustflag=3
2014-07-23,2191.3940,2210.2820,2190.5550,2197.8330,2192.6980,8421387200,69177998063.0000,1,BaoStock:query_history_k_data_plus:sh.000300:adjustflag=3
2014-07-24,2199.8330,2239.8150,2199.8330,2237.0150,2197.8330,11943553400,99964367602.0000,1,BaoStock:query_history_k_data_plus:sh.000300:adjustflag=3
2014-07-25,2243.0670,2260.8900,2239.0660,2260.4540,2237.0150,9897283800,81994560081.0000,1,BaoStock:query_history_k_data_plus:sh.000300:adjustflag=3
2014-07-28,2272.3830,2331.4720,2272.3830,2323.8970,2260.4540,17986933300,145277424291.0000,1,BaoStock:query_history_k_data_plus:sh.000300:adjustflag=3
2014-07-29,2326.0380,2342.7700,2316.2170,2331.3690,2323.8970,13426964100,112176546316.0000,1,BaoStock:query_history_k_data_plus:sh.000300:adjustflag=3
2014-07-30,2324.6900,2339.0380,2316.0580,2322.0110,2331.3690,12302283200,103362308865.0000,1,BaoStock:query_history_k_data_plus:sh.000300:adjustflag=3
2014-07-31,2321.9670,2350.5510,2316.5850,2350.2510,2322.0110,11098776900,93135566963.0000,1,BaoStock:query_history_k_data_plus:sh.000300:adjustflag=3
2014-08-01,2341.2270,2371.5000,2328.9660,2329.4020,2350.2510,12631739000,106125190266.0000,1,BaoStock:query_history_k_data_plus:sh.000300:adjustflag=3
2014-08-04,2336.6300,2375.6200,2332.1380,2375.6200,2329.4020,11671375400,101301888277.0000,1,BaoStock:query_history_k_data_plus:sh.000300:adjustflag=3
2014-08-05,2376.7970,2380.7740,2353.7950,2369.3530,2375.6200,11186178900,97906971246.0000,1,BaoStock:query_history_k_data_plus:sh.000300:adjustflag=3
2014-08-06,2358.2060,2371.6670,2334.3340,2363.2210,2369.3530,11634182900,96681298733.0000,1,BaoStock:query_history_k_data_plus:sh.000300:adjustflag=3
2014-08-07,2363.6080,2369.2040,2326.2680,2327.4570,2363.2210,11672921000,94254453994.0000,1,BaoStock:query_history_k_data_plus:sh.000300:adjustflag=3
2014-08-08,2329.1840,2339.2700,2319.2880,2331.1340,2327.4570,8673969400,72605666133.0000,1,BaoStock:query_history_k_data_plus:sh.000300:adjustflag=3
2014-08-11,2338.0080,2367.0040,2337.0140,2365.3490,2331.1340,9160117100,82973900360.0000,1,BaoStock:query_history_k_data_plus:sh.000300:adjustflag=3
2014-08-12,2361.1700,2361.1700,2344.7160,2357.0520,2365.3490,9182260800,82973769642.0000,1,BaoStock:query_history_k_data_plus:sh.000300:adjustflag=3
2014-08-13,2358.4590,2370.5130,2335.6940,2358.9010,2357.0520,11044778900,94185266458.0000,1,BaoStock:query_history_k_data_plus:sh.000300:adjustflag=3
2014-08-14,2357.1980,2363.1800,2334.0800,2335.9450,2358.9010,9796949300,84251435869.0000,1,BaoStock:query_history_k_data_plus:sh.000300:adjustflag=3
2014-08-15,2337.9850,2366.9020,2333.1230,2360.6350,2335.9450,9359254600,81888217001.0000,1,BaoStock:query_history_k_data_plus:sh.000300:adjustflag=3
2014-08-18,2366.2720,2379.8040,2361.1970,2374.5620,2360.6350,10450955400,90148909855.0000,1,BaoStock:query_history_k_data_plus:sh.000300:adjustflag=3
2014-08-19,2378.8860,2379.4740,2358.9650,2374.7680,2374.5620,11585002000,102742759960.0000,1,BaoStock:query_history_k_data_plus:sh.000300:adjustflag=3
2014-08-20,2371.6490,2375.4750,2360.8370,2366.1400,2374.7680,10128808800,91374802730.0000,1,BaoStock:query_history_k_data_plus:sh.000300:adjustflag=3
2014-08-21,2365.7310,2367.4600,2333.2990,2354.2440,2366.1400,10069021100,92192063269.0000,1,BaoStock:query_history_k_data_plus:sh.000300:adjustflag=3
2014-08-22,2352.3160,2368.4570,2350.9860,2365.3640,2354.2440,8982393800,85642463757.0000,1,BaoStock:query_history_k_data_plus:sh.000300:adjustflag=3
2014-08-25,2367.0190,2367.6060,2338.4550,2342.8630,2365.3640,9737371700,85182493960.0000,1,BaoStock:query_history_k_data_plus:sh.000300:adjustflag=3
2014-08-26,2339.6000,2350.3910,2317.1840,2324.0920,2342.8630,9384422200,83135033150.0000,1,BaoStock:query_history_k_data_plus:sh.000300:adjustflag=3
2014-08-27,2323.7900,2336.7370,2322.8850,2327.5950,2324.0920,6767622100,62448675179.0000,1,BaoStock:query_history_k_data_plus:sh.000300:adjustflag=3
2014-08-28,2328.0590,2336.3630,2309.6390,2311.2780,2327.5950,7049065500,66195966855.0000,1,BaoStock:query_history_k_data_plus:sh.000300:adjustflag=3
2014-08-29,2317.3040,2338.7740,2313.2620,2338.2870,2311.2780,6321142300,58359967752.0000,1,BaoStock:query_history_k_data_plus:sh.000300:adjustflag=3
2014-09-01,2340.9250,2355.5520,2338.5300,2355.3170,2338.2870,7732087000,73362240553.0000,1,BaoStock:query_history_k_data_plus:sh.000300:adjustflag=3
2014-09-02,2359.8620,2387.6550,2349.9490,2386.4600,2355.3170,11443673300,106925790139.0000,1,BaoStock:query_history_k_data_plus:sh.000300:adjustflag=3
2014-09-03,2389.6940,2414.2600,2389.6790,2408.8380,2386.4600,12973420400,123629189433.0000,1,BaoStock:query_history_k_data_plus:sh.000300:adjustflag=3
2014-09-04,2411.9340,2427.2970,2404.0820,2426.2240,2408.8380,11127229800,108294703239.0000,1,BaoStock:query_history_k_data_plus:sh.000300:adjustflag=3
2014-09-05,2433.1740,2450.6340,2427.9870,2449.2590,2426.2240,13355176400,123349320057.0000,1,BaoStock:query_history_k_data_plus:sh.000300:adjustflag=3
2014-09-09,2452.2270,2454.8930,2437.0780,2445.2240,2449.2590,11819434400,107795213548.0000,1,BaoStock:query_history_k_data_plus:sh.000300:adjustflag=3
2014-09-10,2435.5930,2437.0810,2422.6460,2432.4330,2445.2240,10917551700,97472682969.0000,1,BaoStock:query_history_k_data_plus:sh.000300:adjustflag=3
2014-09-11,2430.6780,2461.4730,2417.2690,2423.4540,2432.4330,13298258300,127203381658.0000,1,BaoStock:query_history_k_data_plus:sh.000300:adjustflag=3
2014-09-12,2418.7520,2438.3580,2412.6220,2438.3580,2423.4540,10916017000,96625765409.0000,1,BaoStock:query_history_k_data_plus:sh.000300:adjustflag=3
2014-09-15,2433.0010,2439.2540,2418.9590,2437.1890,2438.3580,12224715900,112507690398.0000,1,BaoStock:query_history_k_data_plus:sh.000300:adjustflag=3
2014-09-16,2440.3390,2442.9240,2386.9800,2388.7650,2437.1890,18674279100,147250169859.0000,1,BaoStock:query_history_k_data_plus:sh.000300:adjustflag=3
2014-09-17,2395.3610,2405.3710,2379.0910,2401.3260,2388.7650,12526902800,98039470145.0000,1,BaoStock:query_history_k_data_plus:sh.000300:adjustflag=3
2014-09-18,2396.3790,2414.9460,2389.6220,2408.6640,2401.3260,11592637600,92105332013.0000,1,BaoStock:query_history_k_data_plus:sh.000300:adjustflag=3
2014-09-19,2409.3130,2430.1490,2402.3130,2425.2110,2408.6640,10181357700,88221038707.0000,1,BaoStock:query_history_k_data_plus:sh.000300:adjustflag=3
2014-09-22,2419.3260,2419.3260,2374.1080,2378.9200,2425.2110,10224087000,88958056522.0000,1,BaoStock:query_history_k_data_plus:sh.000300:adjustflag=3
2014-09-23,2379.5210,2402.4820,2379.5210,2399.4620,2378.9200,8403334100,75463683722.0000,1,BaoStock:query_history_k_data_plus:sh.000300:adjustflag=3
2014-09-24,2391.4190,2443.9780,2387.0700,2441.8640,2399.4620,14271353000,120389934642.0000,1,BaoStock:query_history_k_data_plus:sh.000300:adjustflag=3
2014-09-25,2453.4230,2462.6680,2429.5870,2436.9650,2441.8640,13866189100,119612625726.0000,1,BaoStock:query_history_k_data_plus:sh.000300:adjustflag=3
2014-09-26,2430.8080,2439.6490,2420.4990,2437.2010,2436.9650,10029949400,87757377938.0000,1,BaoStock:query_history_k_data_plus:sh.000300:adjustflag=3
2014-09-29,2443.9100,2453.6650,2435.6110,2447.7990,2437.2010,12340172700,111463779824.0000,1,BaoStock:query_history_k_data_plus:sh.000300:adjustflag=3
2014-09-30,2452.1660,2454.8850,2444.2040,2450.9880,2447.7990,11580422900,101906558841.0000,1,BaoStock:query_history_k_data_plus:sh.000300:adjustflag=3
2014-10-08,2460.8700,2478.3830,2445.2680,2478.3830,2450.9880,12195360400,116500107810.0000,1,BaoStock:query_history_k_data_plus:sh.000300:adjustflag=3
2014-10-09,2480.1970,2488.1130,2461.1120,2481.9550,2478.3830,13792392000,120752628433.0000,1,BaoStock:query_history_k_data_plus:sh.000300:adjustflag=3
2014-10-10,2472.0960,2482.1360,2457.6840,2466.7890,2481.9550,14763430700,121924973049.0000,1,BaoStock:query_history_k_data_plus:sh.000300:adjustflag=3
2014-10-13,2457.4120,2460.3890,2430.5460,2454.9460,2466.7890,13159336200,112784478808.0000,1,BaoStock:query_history_k_data_plus:sh.000300:adjustflag=3
2014-10-14,2451.0940,2467.9040,2436.3360,2446.5620,2454.9460,12739370500,106356643094.0000,1,BaoStock:query_history_k_data_plus:sh.000300:adjustflag=3
2014-10-15,2444.5380,2465.4980,2431.1880,2463.8740,2446.5620,13580188200,114837290107.0000,1,BaoStock:query_history_k_data_plus:sh.000300:adjustflag=3
2014-10-16,2448.9680,2480.3000,2441.8220,2444.3950,2463.8740,15816660300,128340525473.0000,1,BaoStock:query_history_k_data_plus:sh.000300:adjustflag=3
2014-10-17,2443.2220,2456.1050,2410.4010,2441.7320,2444.3950,13275998800,112685625525.0000,1,BaoStock:query_history_k_data_plus:sh.000300:adjustflag=3
2014-10-20,2448.4530,2456.6210,2441.8960,2454.7110,2441.7320,9143540100,84843604900.0000,1,BaoStock:query_history_k_data_plus:sh.000300:adjustflag=3
2014-10-21,2453.4060,2459.2550,2432.5520,2433.3910,2454.7110,9624191200,86622201933.0000,1,BaoStock:query_history_k_data_plus:sh.000300:adjustflag=3
2014-10-22,2434.8860,2447.4670,2417.5620,2418.6410,2433.3910,8865619300,82251744245.0000,1,BaoStock:query_history_k_data_plus:sh.000300:adjustflag=3
2014-10-23,2415.4400,2424.6620,2392.5320,2395.9360,2418.6410,10349183900,86045452830.0000,1,BaoStock:query_history_k_data_plus:sh.000300:adjustflag=3
2014-10-24,2397.8480,2404.9930,2385.7250,2390.7060,2395.9360,7497486900,65601225156.0000,1,BaoStock:query_history_k_data_plus:sh.000300:adjustflag=3
2014-10-27,2377.5420,2377.5420,2361.6800,2368.8320,2390.7060,7386244700,65956480803.0000,1,BaoStock:query_history_k_data_plus:sh.000300:adjustflag=3
2014-10-28,2373.1550,2416.7660,2373.1550,2416.6530,2368.8320,10152305500,90529903107.0000,1,BaoStock:query_history_k_data_plus:sh.000300:adjustflag=3
2014-10-29,2423.8130,2461.2680,2415.7030,2451.3840,2416.6530,15858406200,134541723619.0000,1,BaoStock:query_history_k_data_plus:sh.000300:adjustflag=3
2014-10-30,2450.3610,2474.3760,2443.7590,2468.9250,2451.3840,18962635300,139157358014.0000,1,BaoStock:query_history_k_data_plus:sh.000300:adjustflag=3
2014-10-31,2473.5010,2512.1890,2466.5040,2508.3250,2468.9250,23917241200,181604617039.0000,1,BaoStock:query_history_k_data_plus:sh.000300:adjustflag=3
2014-11-03,2515.8240,2524.1720,2502.0600,2512.5480,2508.3250,20580122800,151406835108.0000,1,BaoStock:query_history_k_data_plus:sh.000300:adjustflag=3
2014-11-04,2511.0360,2517.4600,2498.6050,2513.1720,2512.5480,21824700500,155291882550.0000,1,BaoStock:query_history_k_data_plus:sh.000300:adjustflag=3
2014-11-05,2516.8700,2519.3990,2499.2280,2503.4480,2513.1720,19049186200,146130895120.0000,1,BaoStock:query_history_k_data_plus:sh.000300:adjustflag=3
2014-11-06,2505.1670,2510.9850,2482.9830,2506.0670,2503.4480,14965111700,118839203631.0000,1,BaoStock:query_history_k_data_plus:sh.000300:adjustflag=3
2014-11-07,2508.7650,2541.5490,2489.4190,2502.1530,2506.0670,20876091100,176868665325.0000,1,BaoStock:query_history_k_data_plus:sh.000300:adjustflag=3
2014-11-10,2529.8300,2565.7300,2514.7100,2565.7300,2502.1530,22659973500,187612569248.0000,1,BaoStock:query_history_k_data_plus:sh.000300:adjustflag=3
2014-11-11,2578.4380,2602.3730,2532.5720,2558.6120,2565.7300,32371165600,265840509803.0000,1,BaoStock:query_history_k_data_plus:sh.000300:adjustflag=3
2014-11-12,2545.4030,2594.3180,2539.6010,2594.3180,2558.6120,18468626100,157847382809.0000,1,BaoStock:query_history_k_data_plus:sh.000300:adjustflag=3
2014-11-13,2597.3890,2607.5190,2567.4630,2579.7500,2594.3180,21981561500,192985452900.0000,1,BaoStock:query_history_k_data_plus:sh.000300:adjustflag=3
2014-11-14,2569.2110,2581.9320,2557.6660,2581.0930,2579.7500,16504996500,145409933865.0000,1,BaoStock:query_history_k_data_plus:sh.000300:adjustflag=3
2014-11-17,2613.5130,2614.0860,2565.9430,2567.1010,2581.0930,15847809500,147724645089.0000,1,BaoStock:query_history_k_data_plus:sh.000300:adjustflag=3
2014-11-18,2565.2730,2570.2110,2534.9270,2541.4160,2567.1010,14294135600,124246649435.0000,1,BaoStock:query_history_k_data_plus:sh.000300:adjustflag=3
2014-11-19,2538.2330,2550.5000,2531.3180,2537.2230,2541.4160,12214697400,113031721938.0000,1,BaoStock:query_history_k_data_plus:sh.000300:adjustflag=3
2014-11-20,2528.7800,2545.4730,2522.8360,2537.0990,2537.2230,10614986400,98145538650.0000,1,BaoStock:query_history_k_data_plus:sh.000300:adjustflag=3
2014-11-21,2537.5380,2585.3620,2530.0320,2583.4550,2537.0990,15102813900,143750813260.0000,1,BaoStock:query_history_k_data_plus:sh.000300:adjustflag=3
2014-11-24,2614.1600,2667.6710,2602.9440,2649.2580,2583.4550,27983972000,264974912281.0000,1,BaoStock:query_history_k_data_plus:sh.000300:adjustflag=3
2014-11-25,2650.0850,2686.0630,2643.8430,2685.5610,2649.2580,22261169900,206879208489.0000,1,BaoStock:query_history_k_data_plus:sh.000300:adjustflag=3
2014-11-26,2695.2630,2723.3600,2690.3100,2723.0180,2685.5610,24396248500,239333899163.0000,1,BaoStock:query_history_k_data_plus:sh.000300:adjustflag=3
2014-11-27,2737.0300,2754.4900,2718.7040,2754.4900,2723.0180,26546473000,261164877169.0000,1,BaoStock:query_history_k_data_plus:sh.000300:adjustflag=3
2014-11-28,2753.9250,2809.5430,2740.3740,2808.8190,2754.4900,37532366200,330256023242.0000,1,BaoStock:query_history_k_data_plus:sh.000300:adjustflag=3
2014-12-01,2825.6110,2855.3320,2808.6530,2819.8120,2808.8190,36548741700,338833084229.0000,1,BaoStock:query_history_k_data_plus:sh.000300:adjustflag=3
2014-12-02,2807.3380,2944.5060,2804.2930,2923.9400,2819.8120,36146532200,341185189116.0000,1,BaoStock:query_history_k_data_plus:sh.000300:adjustflag=3
2014-12-03,2936.1240,3028.2250,2912.2460,2967.5490,2923.9400,46615668500,464857500377.0000,1,BaoStock:query_history_k_data_plus:sh.000300:adjustflag=3
2014-12-04,2975.4030,3104.8900,2968.8760,3104.3510,2967.5490,42681292800,433875560243.0000,1,BaoStock:query_history_k_data_plus:sh.000300:adjustflag=3
2014-12-05,3143.9680,3195.7980,3011.9360,3124.8850,3104.3510,52488126000,554362904944.0000,1,BaoStock:query_history_k_data_plus:sh.000300:adjustflag=3
2014-12-08,3108.2720,3270.8810,3075.7000,3252.8810,3124.8850,48446234400,515773683037.0000,1,BaoStock:query_history_k_data_plus:sh.000300:adjustflag=3
2014-12-09,3233.0970,3387.8270,3074.5160,3106.9130,3252.8810,63287456700,702150099247.0000,1,BaoStock:query_history_k_data_plus:sh.000300:adjustflag=3
2014-12-10,3120.2120,3229.0470,3058.1910,3221.5460,3106.9130,42501870800,477300103105.0000,1,BaoStock:query_history_k_data_plus:sh.000300:adjustflag=3
2014-12-11,3185.1610,3254.4240,3158.4430,3183.0120,3221.5460,36709169100,392944833604.0000,1,BaoStock:query_history_k_data_plus:sh.000300:adjustflag=3
2014-12-12,3182.9230,3239.4470,3167.9280,3193.2270,3183.0120,30106532500,337817436996.0000,1,BaoStock:query_history_k_data_plus:sh.000300:adjustflag=3
2014-12-15,3176.8290,3226.2210,3143.2970,3217.2280,3193.2270,29019383400,326668040798.0000,1,BaoStock:query_history_k_data_plus:sh.000300:adjustflag=3
2014-12-16,3221.3580,3303.4020,3207.6880,3303.4020,3217.2280,35812384700,425665729151.0000,1,BaoStock:query_history_k_data_plus:sh.000300:adjustflag=3
2014-12-17,3325.8200,3368.1940,3275.7360,3360.5980,3303.4020,44814077000,527748937956.0000,1,BaoStock:query_history_k_data_plus:sh.000300:adjustflag=3
2014-12-18,3359.0900,3393.7110,3322.2290,3345.9270,3360.5980,35597020700,416260448852.0000,1,BaoStock:query_history_k_data_plus:sh.000300:adjustflag=3
2014-12-19,3345.6290,3397.1830,3280.9160,3383.1670,3345.9270,41121159000,435516864940.0000,1,BaoStock:query_history_k_data_plus:sh.000300:adjustflag=3
2014-12-22,3396.2510,3455.2070,3357.6610,3394.4810,3383.1670,54980167100,537021101759.0000,1,BaoStock:query_history_k_data_plus:sh.000300:adjustflag=3
2014-12-23,3358.7980,3431.7790,3316.9130,3324.9240,3394.4810,36973609300,377227774057.0000,1,BaoStock:query_history_k_data_plus:sh.000300:adjustflag=3
2014-12-24,3332.1460,3340.3570,3188.4950,3230.3850,3324.9240,31744958700,339475799573.0000,1,BaoStock:query_history_k_data_plus:sh.000300:adjustflag=3
2014-12-25,3254.4800,3335.7790,3226.3220,3335.4190,3230.3850,30979954700,330128939928.0000,1,BaoStock:query_history_k_data_plus:sh.000300:adjustflag=3
2014-12-26,3343.6400,3453.3380,3335.0120,3445.8390,3335.4190,38461412400,438838427110.0000,1,BaoStock:query_history_k_data_plus:sh.000300:adjustflag=3
2014-12-29,3502.1830,3524.2800,3405.8360,3455.4550,3445.8390,42501503700,505004508391.0000,1,BaoStock:query_history_k_data_plus:sh.000300:adjustflag=3
2014-12-30,3450.8140,3491.8260,3422.1740,3457.5540,3455.4550,32823387300,394607772399.0000,1,BaoStock:query_history_k_data_plus:sh.000300:adjustflag=3
2014-12-31,3462.3890,3542.3400,3452.4980,3533.7050,3457.5540,34593476000,403710888146.0000,1,BaoStock:query_history_k_data_plus:sh.000300:adjustflag=3
2015-01-05,3566.0890,3669.0420,3551.5100,3641.5410,3533.7050,45119809800,519849817448.0000,1,BaoStock:query_history_k_data_plus:sh.000300:adjustflag=3
2015-01-06,3608.4280,3683.2260,3587.2310,3641.0590,3641.5410,42096218500,498529588258.0000,1,BaoStock:query_history_k_data_plus:sh.000300:adjustflag=3
2015-01-07,3620.9240,3671.1900,3601.6980,3643.7900,3641.0590,32019123200,398731720502.0000,1,BaoStock:query_history_k_data_plus:sh.000300:adjustflag=3
2015-01-08,3650.0730,3659.9450,3552.1000,3559.2590,3643.7900,29500304500,355831967325.0000,1,BaoStock:query_history_k_data_plus:sh.000300:adjustflag=3
2015-01-09,3547.5740,3689.7530,3536.3950,3546.7230,3559.2590,34998267200,430210592272.0000,1,BaoStock:query_history_k_data_plus:sh.000300:adjustflag=3
2015-01-12,3531.5150,3560.5270,3461.3220,3513.5760,3546.7230,26656717500,334257133083.0000,1,BaoStock:query_history_k_data_plus:sh.000300:adjustflag=3
2015-01-13,3506.4510,3550.1580,3494.7680,3514.0400,3513.5760,18715396500,250796676069.0000,1,BaoStock:query_history_k_data_plus:sh.000300:adjustflag=3
2015-01-14,3522.9070,3547.2420,3471.5600,3502.4230,3514.0400,19601251000,241285837533.0000,1,BaoStock:query_history_k_data_plus:sh.000300:adjustflag=3
2015-01-15,3501.7190,3604.1210,3482.2700,3604.1210,3502.4230,23781233800,303445351108.0000,1,BaoStock:query_history_k_data_plus:sh.000300:adjustflag=3
2015-01-16,3616.2480,3662.1580,3601.2580,3635.1460,3604.1210,28268161400,355568710742.0000,1,BaoStock:query_history_k_data_plus:sh.000300:adjustflag=3
2015-01-19,3414.0130,3497.2520,3330.9810,3355.1550,3635.1460,32950527500,366017532103.0000,1,BaoStock:query_history_k_data_plus:sh.000300:adjustflag=3
2015-01-20,3336.7930,3419.2040,3325.6810,3396.2220,3355.1550,29784323200,381917903845.0000,1,BaoStock:query_history_k_data_plus:sh.000300:adjustflag=3
2015-01-21,3420.4910,3557.7940,3409.4300,3548.8850,3396.2220,33792821000,425433704264.0000,1,BaoStock:query_history_k_data_plus:sh.000300:adjustflag=3
2015-01-22,3551.0520,3576.7560,3520.0530,3567.6130,3548.8850,26885359900,345026040998.0000,1,BaoStock:query_history_k_data_plus:sh.000300:adjustflag=3
2015-01-23,3582.0880,3627.8060,3548.6260,3571.7320,3567.6130,28017217200,361835546416.0000,1,BaoStock:query_history_k_data_plus:sh.000300:adjustflag=3
2015-01-26,3580.1180,3611.6170,3559.3760,3607.9850,3571.7320,23976620300,309585710088.0000,1,BaoStock:query_history_k_data_plus:sh.000300:adjustflag=3
2015-01-27,3614.0380,3616.2580,3510.0170,3574.9310,3607.9850,28766917900,357548249621.0000,1,BaoStock:query_history_k_data_plus:sh.000300:adjustflag=3
2015-01-28,3547.2390,3583.3120,3512.3930,3525.3230,3574.9310,21622021400,278749164896.0000,1,BaoStock:query_history_k_data_plus:sh.000300:adjustflag=3
2015-01-29,3474.9150,3505.5820,3453.9010,3481.7980,3525.3230,21161886000,251897926442.0000,1,BaoStock:query_history_k_data_plus:sh.000300:adjustflag=3
2015-01-30,3496.8850,3514.2170,3431.9360,3434.3900,3481.7980,19647915700,237420793858.0000,1,BaoStock:query_history_k_data_plus:sh.000300:adjustflag=3
2015-02-02,3360.1930,3407.2560,3347.0850,3353.9600,3434.3900,19518369900,224837769887.0000,1,BaoStock:query_history_k_data_plus:sh.000300:adjustflag=3
2015-02-03,3388.6020,3441.7090,3360.7170,3437.4450,3353.9600,19284609600,241100023193.0000,1,BaoStock:query_history_k_data_plus:sh.000300:adjustflag=3
2015-02-04,3446.1440,3476.8170,3399.5650,3401.7680,3437.4450,19130434900,244034297155.0000,1,BaoStock:query_history_k_data_plus:sh.000300:adjustflag=3
2015-02-05,3487.9510,3487.9510,3366.8620,3366.9460,3401.7680,25043060900,311523669172.0000,1,BaoStock:query_history_k_data_plus:sh.000300:adjustflag=3
2015-02-06,3352.3300,3374.0510,3285.9350,3312.4200,3366.9460,19266418600,221433183351.0000,1,BaoStock:query_history_k_data_plus:sh.000300:adjustflag=3
2015-02-09,3305.7340,3376.5260,3298.5970,3345.9210,3312.4200,17235382000,220766525021.0000,1,BaoStock:query_history_k_data_plus:sh.000300:adjustflag=3
2015-02-10,3345.0770,3407.1800,3339.5480,3406.9430,3345.9210,15930908800,199120680699.0000,1,BaoStock:query_history_k_data_plus:sh.000300:adjustflag=3
2015-02-11,3415.9770,3445.6550,3412.1360,3434.1240,3406.9430,14461377200,185979219656.0000,1,BaoStock:query_history_k_data_plus:sh.000300:adjustflag=3
2015-02-12,3435.3610,3453.5820,3405.6270,3442.8740,3434.1240,15608169100,191285873488.0000,1,BaoStock:query_history_k_data_plus:sh.000300:adjustflag=3
2015-02-13,3458.8270,3509.5050,3452.0790,3469.8280,3442.8740,20108997100,247076153339.0000,1,BaoStock:query_history_k_data_plus:sh.000300:adjustflag=3
2015-02-16,3473.2890,3504.4750,3466.6070,3499.4830,3469.8280,16564134300,222799721247.0000,1,BaoStock:query_history_k_data_plus:sh.000300:adjustflag=3
2015-02-17,3511.5440,3536.8200,3511.0930,3522.3220,3499.4830,16532831300,214457267905.0000,1,BaoStock:query_history_k_data_plus:sh.000300:adjustflag=3
2015-02-25,3529.5500,3529.5500,3463.9550,3478.7290,3522.3220,16553935100,211739059322.0000,1,BaoStock:query_history_k_data_plus:sh.000300:adjustflag=3
2015-02-26,3473.7130,3569.3300,3456.8710,3566.2950,3478.7290,22932843800,279809075234.0000,1,BaoStock:query_history_k_data_plus:sh.000300:adjustflag=3
2015-02-27,3565.2330,3594.8130,3560.4550,3572.8430,3566.2950,22278643800,271861944608.0000,1,BaoStock:query_history_k_data_plus:sh.000300:adjustflag=3
2015-03-02,3603.4520,3608.6910,3566.5270,3601.2650,3572.8430,24817612500,325164897145.0000,1,BaoStock:query_history_k_data_plus:sh.000300:adjustflag=3
2015-03-03,3579.3150,3579.3150,3504.2010,3507.9000,3601.2650,26186648900,335700118167.0000,1,BaoStock:query_history_k_data_plus:sh.000300:adjustflag=3
2015-03-04,3514.6670,3540.9120,3497.1720,3530.8220,3507.9000,19966398100,257468790961.0000,1,BaoStock:query_history_k_data_plus:sh.000300:adjustflag=3
2015-03-05,3513.2490,3517.0830,3467.6760,3496.3440,3530.8220,21750880500,279030592350.0000,1,BaoStock:query_history_k_data_plus:sh.000300:adjustflag=3
2015-03-06,3501.1840,3516.2430,3472.3920,3478.5200,3496.3440,18151805400,233468244766.0000,1,BaoStock:query_history_k_data_plus:sh.000300:adjustflag=3
2015-03-09,3449.6960,3546.7050,3417.4860,3537.7500,3478.5200,23394041100,277860471571.0000,1,BaoStock:query_history_k_data_plus:sh.000300:adjustflag=3
2015-03-10,3523.6400,3551.2050,3511.9850,3520.6110,3537.7500,19426765700,245366625918.0000,1,BaoStock:query_history_k_data_plus:sh.000300:adjustflag=3
2015-03-11,3524.5750,3568.9160,3512.2180,3524.6530,3520.6110,18894782500,235772755479.0000,1,BaoStock:query_history_k_data_plus:sh.000300:adjustflag=3
2015-03-12,3557.6860,3603.3410,3536.5340,3592.8440,3524.6530,26566462500,322141249344.0000,1,BaoStock:query_history_k_data_plus:sh.000300:adjustflag=3
2015-03-13,3604.6710,3641.3920,3594.7420,3617.6570,3592.8440,24686476800,297298516465.0000,1,BaoStock:query_history_k_data_plus:sh.000300:adjustflag=3
2015-03-16,3641.7730,3705.7390,3621.1190,3705.6710,3617.6570,27543830700,358497570207.0000,1,BaoStock:query_history_k_data_plus:sh.000300:adjustflag=3
2015-03-17,3733.9610,3762.5750,3716.8090,3757.1220,3705.6710,37162566600,455003825887.0000,1,BaoStock:query_history_k_data_plus:sh.000300:adjustflag=3
2015-03-18,3769.0860,3846.0550,3763.8480,3846.0550,3757.1220,41519001100,484465529242.0000,1,BaoStock:query_history_k_data_plus:sh.000300:adjustflag=3
2015-03-19,3851.2490,3859.1260,3809.7060,3839.7390,3846.0550,39154763000,463212821639.0000,1,BaoStock:query_history_k_data_plus:sh.000300:adjustflag=3
2015-03-20,3852.4920,3916.8630,3832.4160,3892.5740,3839.7390,40181755200,544468374302.0000,1,BaoStock:query_history_k_data_plus:sh.000300:adjustflag=3
2015-03-23,3923.0830,3972.2960,3922.2100,3972.0610,3892.5740,39111992200,519760220709.0000,1,BaoStock:query_history_k_data_plus:sh.000300:adjustflag=3
2015-03-24,3980.0660,3989.8580,3883.7820,3973.0460,3972.0610,46858131200,591066800604.0000,1,BaoStock:query_history_k_data_plus:sh.000300:adjustflag=3
2015-03-25,3961.5780,3980.7160,3913.9880,3940.4120,3973.0460,37996885100,501733891680.0000,1,BaoStock:query_history_k_data_plus:sh.000300:adjustflag=3
2015-03-26,3921.7450,3991.9970,3892.8780,3949.9990,3940.4120,34675631500,468538490771.0000,1,BaoStock:query_history_k_data_plus:sh.000300:adjustflag=3
2015-03-27,3957.5420,3993.0320,3932.8700,3971.6970,3949.9990,29875606400,393132347578.0000,1,BaoStock:query_history_k_data_plus:sh.000300:adjustflag=3
2015-03-30,3999.0240,4101.6510,3999.0240,4088.1780,3971.6970,42829702000,546211078887.0000,1,BaoStock:query_history_k_data_plus:sh.000300:adjustflag=3
2015-03-31,4138.8850,4166.0180,4037.7710,4051.2040,4088.1780,43606563500,598121732643.0000,1,BaoStock:query_history_k_data_plus:sh.000300:adjustflag=3
2015-04-01,4057.5010,4139.4990,4046.9390,4123.8950,4051.2040,32951285300,466596904663.0000,1,BaoStock:query_history_k_data_plus:sh.000300:adjustflag=3
2015-04-02,4149.9460,4156.8420,4068.6490,4124.7760,4123.8950,33907048700,476617837707.0000,1,BaoStock:query_history_k_data_plus:sh.000300:adjustflag=3
2015-04-03,4104.6720,4170.5580,4092.3830,4170.5380,4124.7760,32130376600,466965600575.0000,1,BaoStock:query_history_k_data_plus:sh.000300:adjustflag=3
2015-04-07,4213.8940,4260.4710,4197.0190,4260.0440,4170.5380,41536265400,564646323685.0000,1,BaoStock:query_history_k_data_plus:sh.000300:adjustflag=3
2015-04-08,4277.4500,4304.7800,4204.8260,4295.8030,4260.0440,45867671500,658308062760.0000,1,BaoStock:query_history_k_data_plus:sh.000300:adjustflag=3
2015-04-09,4316.9580,4332.1660,4212.6110,4262.1380,4295.8030,43969990200,650419151486.0000,1,BaoStock:query_history_k_data_plus:sh.000300:adjustflag=3
2015-04-10,4249.3830,4351.6870,4231.1960,4344.4160,4262.1380,34819017000,509354291196.0000,1,BaoStock:query_history_k_data_plus:sh.000300:adjustflag=3
2015-04-13,4394.0470,4432.0240,4361.5890,4421.0730,4344.4160,43415303600,598518139930.0000,1,BaoStock:query_history_k_data_plus:sh.000300:adjustflag=3
2015-04-14,4432.1260,4474.3530,4385.9080,4438.1840,4421.0730,43443212600,602127441917.0000,1,BaoStock:query_history_k_data_plus:sh.000300:adjustflag=3
2015-04-15,4439.3140,4475.9970,4379.6090,4380.5130,4438.1840,47215413100,596822875636.0000,1,BaoStock:query_history_k_data_plus:sh.000300:adjustflag=3
2015-04-16,4355.4910,4513.7650,4335.6300,4513.5460,4380.5130,42260374800,564722844124.0000,1,BaoStock:query_history_k_data_plus:sh.000300:adjustflag=3
2015-04-17,4578.6790,4630.2700,4553.9040,4596.1360,4513.5460,55280266300,733953610122.0000,1,BaoStock:query_history_k_data_plus:sh.000300:adjustflag=3
2015-04-20,4615.0340,4671.1680,4492.6000,4521.9190,4596.1360,68643907500,939264904128.0000,1,BaoStock:query_history_k_data_plus:sh.000300:adjustflag=3
2015-04-21,4520.4610,4620.0580,4504.5580,4619.1640,4521.9190,49031499100,685365027867.0000,1,BaoStock:query_history_k_data_plus:sh.000300:adjustflag=3
2015-04-22,4637.0550,4740.9330,4632.5890,4739.8140,4619.1640,51621379200,769924803864.0000,1,BaoStock:query_history_k_data_plus:sh.000300:adjustflag=3
2015-04-23,4764.4810,4782.0440,4693.9670,4740.8920,4739.8140,49743095400,752258236225.0000,1,BaoStock:query_history_k_data_plus:sh.000300:adjustflag=3
2015-04-24,4682.6260,4730.4300,4618.3180,4702.6410,4740.8920,48015293600,721273097490.0000,1,BaoStock:query_history_k_data_plus:sh.000300:adjustflag=3
2015-04-27,4753.8710,4810.4850,4735.3100,4807.5920,4702.6410,51307654800,765910402328.0000,1,BaoStock:query_history_k_data_plus:sh.000300:adjustflag=3
2015-04-28,4811.3190,4839.0780,4703.5670,4741.8610,4807.5920,60863854500,860349875255.0000,1,BaoStock:query_history_k_data_plus:sh.000300:adjustflag=3
2015-04-29,4722.9030,4797.9270,4695.7930,4774.3260,4741.8610,39505698000,601676350605.0000,1,BaoStock:query_history_k_data_plus:sh.000300:adjustflag=3
2015-04-30,4788.4120,4818.7250,4749.4850,4749.8860,4774.3260,39972744400,612511415165.0000,1,BaoStock:query_history_k_data_plus:sh.000300:adjustflag=3
2015-05-04,4757.6370,4795.9150,4699.3980,4787.7410,4749.8860,37784385300,565453373624.0000,1,BaoStock:query_history_k_data_plus:sh.000300:adjustflag=3
2015-05-05,4785.1920,4785.1920,4572.9830,4596.8370,4787.7410,46041962600,660020218474.0000,1,BaoStock:query_history_k_data_plus:sh.000300:adjustflag=3
2015-05-06,4626.2310,4700.9090,4511.7610,4553.3270,4596.8370,37607370200,586033987365.0000,1,BaoStock:query_history_k_data_plus:sh.000300:adjustflag=3
2015-05-07,4520.8180,4546.3380,4467.4590,4470.0890,4553.3270,29775920300,427189953161.0000,1,BaoStock:query_history_k_data_plus:sh.000300:adjustflag=3
2015-05-08,4515.5540,4559.0580,4445.5920,4558.4040,4470.0890,30240796700,452090694881.0000,1,BaoStock:query_history_k_data_plus:sh.000300:adjustflag=3
2015-05-11,4582.0910,4690.9540,4535.1490,4690.5320,4558.4040,37383842000,583260408778.0000,1,BaoStock:query_history_k_data_plus:sh.000300:adjustflag=3
2015-05-12,4692.1220,4748.0040,4660.0160,4747.4210,4690.5320,37705389100,607123299939.0000,1,BaoStock:query_history_k_data_plus:sh.000300:adjustflag=3
2015-05-13,4746.7130,4758.0020,4678.8450,4718.4360,4747.4210,37073042400,590479847838.0000,1,BaoStock:query_history_k_data_plus:sh.000300:adjustflag=3
2015-05-14,4717.9550,4735.2840,4670.1680,4700.7780,4718.4360,33772515200,513219655550.0000,1,BaoStock:query_history_k_data_plus:sh.000300:adjustflag=3
2015-05-15,4690.7550,4690.7550,4592.0500,4617.4700,4700.7780,32843116600,506695010176.0000,1,BaoStock:query_history_k_data_plus:sh.000300:adjustflag=3
2015-05-18,4582.0580,4623.3830,4565.0610,4575.1400,4617.4700,26918048900,434083129375.0000,1,BaoStock:query_history_k_data_plus:sh.000300:adjustflag=3
2015-05-19,4577.6370,4740.0050,4577.6370,4731.2220,4575.1400,31478595200,524232160128.0000,1,BaoStock:query_history_k_data_plus:sh.000300:adjustflag=3
2015-05-20,4751.5720,4843.1000,4745.2100,4754.9190,4731.2220,36318074800,589956272979.0000,1,BaoStock:query_history_k_data_plus:sh.000300:adjustflag=3
2015-05-21,4768.6890,4841.6150,4746.0290,4840.9760,4754.9190,30505453700,505346105539.0000,1,BaoStock:query_history_k_data_plus:sh.000300:adjustflag=3
2015-05-22,4895.9250,4951.9910,4870.5980,4951.3350,4840.9760,45584671800,719129953200.0000,1,BaoStock:query_history_k_data_plus:sh.000300:adjustflag=3
2015-05-25,4949.1100,5099.8390,4949.1100,5099.4950,4951.3340,46573659000,757085825931.0000,1,BaoStock:query_history_k_data_plus:sh.000300:adjustflag=3
2015-05-26,5140.7980,5199.2950,5063.1460,5198.9180,5099.4950,48794935900,802295843467.0000,1,BaoStock:query_history_k_data_plus:sh.000300:adjustflag=3
2015-05-27,5216.1700,5226.8440,5126.8610,5181.4340,5198.9180,47079873000,777826309129.0000,1,BaoStock:query_history_k_data_plus:sh.000300:adjustflag=3
2015-05-28,5174.1010,5213.1830,4831.3290,4834.0070,5181.4340,57182904700,873207363731.0000,1,BaoStock:query_history_k_data_plus:sh.000300:adjustflag=3
2015-05-29,4839.5300,4924.3030,4665.5210,4840.8290,4834.0070,42787885900,636008152610.0000,1,BaoStock:query_history_k_data_plus:sh.000300:adjustflag=3
2015-06-01,4862.7560,5079.3190,4835.7740,5076.1790,4840.8290,41750374100,637843681462.0000,1,BaoStock:query_history_k_data_plus:sh.000300:adjustflag=3
2015-06-02,5091.2720,5162.5560,5047.0810,5161.8700,5076.1790,41297319600,658452859697.0000,1,BaoStock:query_history_k_data_plus:sh.000300:adjustflag=3
2015-06-03,5176.5970,5186.9670,5059.4950,5143.5900,5161.8700,41425827000,672056532157.0000,1,BaoStock:query_history_k_data_plus:sh.000300:adjustflag=3
2015-06-04,5156.0120,5194.2330,4863.4650,5181.4160,5143.5900,48276726800,735170669363.0000,1,BaoStock:query_history_k_data_plus:sh.000300:adjustflag=3
2015-06-05,5254.9050,5288.3400,5104.1780,5230.5520,5181.4160,54596119600,855224403052.0000,1,BaoStock:query_history_k_data_plus:sh.000300:adjustflag=3
2015-06-08,5259.4080,5370.6090,5202.5950,5353.7510,5230.5520,63731323700,949498013951.0000,1,BaoStock:query_history_k_data_plus:sh.000300:adjustflag=3
2015-06-09,5379.4700,5380.4260,5251.2080,5317.4610,5353.7510,57042726300,871431819564.0000,1,BaoStock:query_history_k_data_plus:sh.000300:adjustflag=3
2015-06-10,5254.3040,5374.8300,5209.6800,5309.1120,5317.4610,44216567600,711509256785.0000,1,BaoStock:query_history_k_data_plus:sh.000300:adjustflag=3
2015-06-11,5305.1410,5329.2950,5248.1630,5306.5900,5309.1120,39233875500,660584867997.0000,1,BaoStock:query_history_k_data_plus:sh.000300:adjustflag=3
2015-06-12,5329.2780,5351.6480,5283.0860,5335.1150,5306.5900,43013138600,694213173337.0000,1,BaoStock:query_history_k_data_plus:sh.000300:adjustflag=3
2015-06-15,5354.0140,5362.4520,5207.3080,5221.1670,5335.1150,47574570300,766237730233.0000,1,BaoStock:query_history_k_data_plus:sh.000300:adjustflag=3
2015-06-16,5165.0240,5204.3030,5015.2650,5064.8210,5221.1670,41167563800,651522532247.0000,1,BaoStock:query_history_k_data_plus:sh.000300:adjustflag=3
2015-06-17,5072.3070,5158.3670,4949.2930,5138.8310,5064.8210,39712418700,589868366440.0000,1,BaoStock:query_history_k_data_plus:sh.000300:adjustflag=3
2015-06-18,5107.6950,5121.2180,4926.4290,4930.5490,5138.8310,36439581400,555646755662.0000,1,BaoStock:query_history_k_data_plus:sh.000300:adjustflag=3
2015-06-19,4847.0570,4910.4500,4634.6910,4637.0520,4930.5490,35810474400,519609575034.0000,1,BaoStock:query_history_k_data_plus:sh.000300:adjustflag=3
2015-06-23,4641.4250,4786.9550,4455.3310,4786.0910,4637.0520,36508794400,536984113004.0000,1,BaoStock:query_history_k_data_plus:sh.000300:adjustflag=3
2015-06-24,4811.5950,4883.7320,4744.3060,4880.1260,4786.0910,43463872300,615374085939.0000,1,BaoStock:query_history_k_data_plus:sh.000300:adjustflag=3
2015-06-25,4906.2420,4919.2630,4667.2240,4706.5160,4880.1260,44613598200,640246401379.0000,1,BaoStock:query_history_k_data_plus:sh.000300:adjustflag=3
2015-06-26,4573.8720,4650.1860,4278.6750,4336.1950,4706.5160,44663979000,612959478689.0000,1,BaoStock:query_history_k_data_plus:sh.000300:adjustflag=3
2015-06-29,4446.8420,4451.1660,4000.9260,4191.5490,4336.1950,52566248200,704014548847.0000,1,BaoStock:query_history_k_data_plus:sh.000300:adjustflag=3
2015-06-30,4161.0670,4475.7680,4016.0130,4472.9980,4191.5490,52704528000,716045824698.0000,1,BaoStock:query_history_k_data_plus:sh.000300:adjustflag=3
2015-07-01,4408.9840,4526.1270,4235.6960,4253.0210,4472.9980,43172141100,623330596858.0000,1,BaoStock:query_history_k_data_plus:sh.000300:adjustflag=3
2015-07-02,4287.7340,4312.1900,4000.0610,4107.9960,4253.0210,45706219400,593506685518.0000,1,BaoStock:query_history_k_data_plus:sh.000300:adjustflag=3
2015-07-03,4017.2020,4164.6290,3785.9020,3885.9170,4107.9960,42930085000,538216869728.0000,1,BaoStock:query_history_k_data_plus:sh.000300:adjustflag=3
2015-07-06,4218.2660,4218.2660,3832.4680,3998.5370,3885.9170,64809453000,779558044352.0000,1,BaoStock:query_history_k_data_plus:sh.000300:adjustflag=3
2015-07-07,3877.8540,3960.6360,3743.6240,3928.0020,3998.5370,67938500700,795962644454.0000,1,BaoStock:query_history_k_data_plus:sh.000300:adjustflag=3
2015-07-08,3651.0600,3762.6220,3612.2540,3663.0380,3928.0020,58146709700,640122398881.0000,1,BaoStock:query_history_k_data_plus:sh.000300:adjustflag=3
2015-07-09,3621.6800,3930.2640,3537.8260,3897.6260,3663.0380,50387061000,564744043358.0000,1,BaoStock:query_history_k_data_plus:sh.000300:adjustflag=3
2015-07-10,3916.2720,4179.1110,3887.5510,4106.5560,3897.6260,50070180200,629079512954.0000,1,BaoStock:query_history_k_data_plus:sh.000300:adjustflag=3
2015-07-13,4132.2310,4278.1610,4072.4300,4211.8120,4106.5560,50209218600,659251724205.0000,1,BaoStock:query_history_k_data_plus:sh.000300:adjustflag=3
2015-07-14,4178.6290,4258.5130,4062.5000,4112.1490,4211.8120,45442200900,597521262486.0000,1,BaoStock:query_history_k_data_plus:sh.000300:adjustflag=3
2015-07-15,4068.8800,4114.2430,3899.5080,3966.7590,4112.1490,42195636700,514064532339.0000,1,BaoStock:query_history_k_data_plus:sh.000300:adjustflag=3
2015-07-16,3949.6390,4067.0220,3856.3210,3997.3550,3966.7590,33053134500,410050894560.0000,1,BaoStock:query_history_k_data_plus:sh.000300:adjustflag=3
2015-07-17,4023.7570,4190.1860,4000.2310,4151.4960,3997.3550,33110713100,435597103716.0000,1,BaoStock:query_history_k_data_plus:sh.000300:adjustflag=3
2015-07-20,4157.0600,4221.6930,4106.3890,4160.6120,4151.4960,35267347200,483493894661.0000,1,BaoStock:query_history_k_data_plus:sh.000300:adjustflag=3
2015-07-21,4109.7610,4201.4820,4081.7040,4166.0060,4160.6120,31837494500,431695843789.0000,1,BaoStock:query_history_k_data_plus:sh.000300:adjustflag=3
2015-07-22,4148.5600,4187.4310,4094.7120,4157.1600,4166.0060,31894599700,441832505196.0000,1,BaoStock:query_history_k_data_plus:sh.000300:adjustflag=3
2015-07-23,4158.9320,4262.0620,4148.8240,4250.8050,4157.1600,35447175900,483972220006.0000,1,BaoStock:query_history_k_data_plus:sh.000300:adjustflag=3
2015-07-24,4255.1980,4299.6500,4154.6170,4176.2790,4250.8050,39204537300,535901647230.0000,1,BaoStock:query_history_k_data_plus:sh.000300:adjustflag=3
2015-07-27,4097.7960,4156.3130,3817.1690,3818.7310,4176.2790,36505451100,477952010794.0000,1,BaoStock:query_history_k_data_plus:sh.000300:adjustflag=3
2015-07-28,3690.9740,3883.4460,3627.4210,3811.0930,3818.7310,38352721600,482654543336.0000,1,BaoStock:query_history_k_data_plus:sh.000300:adjustflag=3
2015-07-29,3839.9580,3934.0030,3769.1890,3930.3790,3811.0930,27697284500,372287868068.0000,1,BaoStock:query_history_k_data_plus:sh.000300:adjustflag=3
2015-07-30,3915.7800,3968.5340,3802.8820,3815.4120,3930.3790,27154866500,376351170573.0000,1,BaoStock:query_history_k_data_plus:sh.000300:adjustflag=3
2015-07-31,3777.1550,3863.6240,3757.9890,3816.6990,3815.4120,22237676700,299312543754.0000,1,BaoStock:query_history_k_data_plus:sh.000300:adjustflag=3
2015-08-03,3766.0720,3829.2350,3742.5780,3829.2350,3816.6990,24580503000,309631297700.0000,1,BaoStock:query_history_k_data_plus:sh.000300:adjustflag=3
2015-08-04,3827.3730,3948.4490,3801.0280,3948.1560,3829.2350,22023655600,288756503266.0000,1,BaoStock:query_history_k_data_plus:sh.000300:adjustflag=3
2015-08-05,3937.6230,3962.2770,3858.6600,3866.9000,3948.1560,20048426900,272693513971.0000,1,BaoStock:query_history_k_data_plus:sh.000300:adjustflag=3
2015-08-06,3802.9280,3888.6930,3793.2370,3831.8520,3866.9000,14727869400,195532363765.0000,1,BaoStock:query_history_k_data_plus:sh.000300:adjustflag=3
2015-08-07,3866.4300,3926.6490,3857.9080,3906.9450,3831.8520,18334915300,246546119056.0000,1,BaoStock:query_history_k_data_plus:sh.000300:adjustflag=3
2015-08-10,3947.4720,4101.7310,3932.8420,4084.3650,3906.9450,30678054000,401702020648.0000,1,BaoStock:query_history_k_data_plus:sh.000300:adjustflag=3
2015-08-11,4083.5890,4110.1330,4042.0040,4066.6690,4084.3650,32203419100,416996541243.0000,1,BaoStock:query_history_k_data_plus:sh.000300:adjustflag=3
2015-08-12,4025.6740,4078.0300,4015.3550,4016.1260,4066.6690,25514619600,339799364935.0000,1,BaoStock:query_history_k_data_plus:sh.000300:adjustflag=3
2015-08-13,4010.0130,4075.7000,3967.8210,4075.4630,4016.1260,24283697900,319887602964.0000,1,BaoStock:query_history_k_data_plus:sh.000300:adjustflag=3
2015-08-14,4097.9170,4113.1590,4056.7270,4073.5400,4075.4630,25339299600,340076813259.0000,1,BaoStock:query_history_k_data_plus:sh.000300:adjustflag=3
2015-08-17,4058.1130,4081.7720,4009.9900,4077.8720,4073.5400,25693963800,336830563044.0000,1,BaoStock:query_history_k_data_plus:sh.000300:adjustflag=3
2015-08-18,4084.3110,4103.0540,3816.5530,3825.4120,4077.8720,31988107000,424924184411.0000,1,BaoStock:query_history_k_data_plus:sh.000300:adjustflag=3
2015-08-19,3748.2660,3898.7400,3668.1920,3886.1360,3825.4120,26904983900,340923470856.0000,1,BaoStock:query_history_k_data_plus:sh.000300:adjustflag=3
2015-08-20,3848.4030,3880.8240,3761.4540,3761.4540,3886.1360,21216796500,270576698834.0000,1,BaoStock:query_history_k_data_plus:sh.000300:adjustflag=3
2015-08-21,3714.2890,3757.7790,3578.1750,3589.5360,3761.4540,21798640300,267498426435.0000,1,BaoStock:query_history_k_data_plus:sh.000300:adjustflag=3
2015-08-24,3454.5980,3468.1490,3266.5500,3275.5340,3589.5360,25543665200,273124228208.0000,1,BaoStock:query_history_k_data_plus:sh.000300:adjustflag=3
2015-08-25,3070.0070,3200.1080,3019.5560,3042.9270,3275.5340,27608130600,281160333742.0000,1,BaoStock:query_history_k_data_plus:sh.000300:adjustflag=3
2015-08-26,3062.5660,3192.9320,2952.0080,3025.6920,3042.9270,30827062300,312188248685.0000,1,BaoStock:query_history_k_data_plus:sh.000300:adjustflag=3
2015-08-27,3092.8120,3206.7240,3028.3980,3205.6370,3025.6920,26729493000,278769983405.0000,1,BaoStock:query_history_k_data_plus:sh.000300:adjustflag=3
2015-08-28,3246.2360,3353.2430,3223.6220,3342.2860,3205.6370,29949842600,318763482694.0000,1,BaoStock:query_history_k_data_plus:sh.000300:adjustflag=3
2015-08-31,3307.3960,3368.2790,3205.5370,3366.5360,3342.2860,28025040300,306610891136.0000,1,BaoStock:query_history_k_data_plus:sh.000300:adjustflag=3
2015-09-01,3296.5290,3370.5040,3190.5780,3362.0830,3366.5360,35245852800,351387828324.0000,1,BaoStock:query_history_k_data_plus:sh.000300:adjustflag=3
2015-09-02,3220.8510,3387.0210,3213.6370,3365.8320,3362.0830,34778941200,348986389305.0000,1,BaoStock:query_history_k_data_plus:sh.000300:adjustflag=3
2015-09-07,3347.2930,3422.2250,3240.2430,3250.4850,3365.8320,20422443100,221756790269.0000,1,BaoStock:query_history_k_data_plus:sh.000300:adjustflag=3
2015-09-08,3221.7890,3340.2190,3170.8070,3334.0230,3250.4850,15459963100,168294750030.0000,1,BaoStock:query_history_k_data_plus:sh.000300:adjustflag=3
2015-09-09,3344.8240,3426.6510,3330.2900,3399.3050,3334.0230,22046742100,258815794996.0000,1,BaoStock:query_history_k_data_plus:sh.000300:adjustflag=3
2015-09-10,3349.2810,3398.3160,3337.3110,3357.5610,3399.3050,14488297100,168108269695.0000,1,BaoStock:query_history_k_data_plus:sh.000300:adjustflag=3
2015-09-11,3349.8770,3383.1340,3315.4780,3347.1880,3357.5610,10854750800,130262410873.0000,1,BaoStock:query_history_k_data_plus:sh.000300:adjustflag=3
2015-09-14,3367.6420,3373.9210,3187.5660,3281.1320,3347.1880,20545725100,226168550065.0000,1,BaoStock:query_history_k_data_plus:sh.000300:adjustflag=3
2015-09-15,3208.7440,3240.0790,3131.9790,3152.2320,3281.1320,14355564100,145989213753.0000,1,BaoStock:query_history_k_data_plus:sh.000300:adjustflag=3
2015-09-16,3149.1580,3345.9180,3131.3700,3309.2480,3152.2320,15970999400,168269840344.0000,1,BaoStock:query_history_k_data_plus:sh.000300:adjustflag=3
2015-09-17,3287.6570,3354.9050,3236.9990,3236.9990,3309.2480,16940188100,190270181393.0000,1,BaoStock:query_history_k_data_plus:sh.000300:adjustflag=3
2015-09-18,3254.4430,3280.8770,3227.8340,3251.2730,3236.9990,10690348100,121752531747.0000,1,BaoStock:query_history_k_data_plus:sh.000300:adjustflag=3
2015-09-21,3222.6030,3312.5500,3211.9340,3308.2470,3251.2730,12278866800,145323018237.0000,1,BaoStock:query_history_k_data_plus:sh.000300:adjustflag=3
2015-09-22,3312.3650,3371.4140,3303.1840,3339.0300,3308.2470,14622198500,172492862561.0000,1,BaoStock:query_history_k_data_plus:sh.000300:adjustflag=3
2015-09-23,3290.0710,3315.9350,3253.3330,3263.0280,3339.0300,12317143900,136885975737.0000,1,BaoStock:query_history_k_data_plus:sh.000300:adjustflag=3
2015-09-24,3278.8960,3300.8570,3255.9020,3284.9990,3263.0280,10201123800,120820642496.0000,1,BaoStock:query_history_k_data_plus:sh.000300:adjustflag=3
2015-09-25,3272.6650,3290.8580,3201.9140,3231.9510,3284.9990,12141927800,137602168790.0000,1,BaoStock:query_history_k_data_plus:sh.000300:adjustflag=3
2015-09-28,3226.6070,3246.5540,3186.5070,3242.7520,3231.9510,7421946800,88007466971.0000,1,BaoStock:query_history_k_data_plus:sh.000300:adjustflag=3
2015-09-29,3197.2210,3208.4170,3159.0420,3178.8540,3242.7520,8715063300,96691510035.0000,1,BaoStock:query_history_k_data_plus:sh.000300:adjustflag=3
2015-09-30,3195.9010,3223.9080,3186.7670,3202.9480,3178.8540,7855934900,95881598729.0000,1,BaoStock:query_history_k_data_plus:sh.000300:adjustflag=3
2015-10-08,3324.9810,3337.3310,3294.6050,3296.4820,3202.9480,13208176800,164120601354.0000,1,BaoStock:query_history_k_data_plus:sh.000300:adjustflag=3
2015-10-09,3302.3600,3352.3790,3293.9650,3340.1160,3296.4820,12435250000,144731343186.0000,1,BaoStock:query_history_k_data_plus:sh.000300:adjustflag=3
2015-10-12,3351.1390,3486.6310,3347.2510,3447.6930,3340.1160,22140046800,263706468495.0000,1,BaoStock:query_history_k_data_plus:sh.000300:adjustflag=3
2015-10-13,3422.4770,3452.0450,3413.9670,3445.0430,3447.6930,14543378600,174978937957.0000,1,BaoStock:query_history_k_data_plus:sh.000300:adjustflag=3
2015-10-14,3431.1350,3458.7010,3403.2300,3406.1120,3445.0430,15217393800,174599255680.0000,1,BaoStock:query_history_k_data_plus:sh.000300:adjustflag=3
2015-10-15,3403.3890,3486.8150,3402.3160,3486.8150,3406.1120,17115829900,201881880361.0000,1,BaoStock:query_history_k_data_plus:sh.000300:adjustflag=3
2015-10-16,3508.5180,3537.5390,3487.1040,3534.0650,3486.8150,20896470900,252211491386.0000,1,BaoStock:query_history_k_data_plus:sh.000300:adjustflag=3
2015-10-19,3548.9520,3572.9940,3502.5040,3534.1820,3534.0650,20760674400,254890985147.0000,1,BaoStock:query_history_k_data_plus:sh.000300:adjustflag=3
2015-10-20,3527.8750,3577.7980,3510.4370,3577.7030,3534.1820,17902510800,226525577194.0000,1,BaoStock:query_history_k_data_plus:sh.000300:adjustflag=3
2015-10-21,3580.8380,3601.2430,3417.4120,3473.2540,3577.7030,28207605000,326886985805.0000,1,BaoStock:query_history_k_data_plus:sh.000300:adjustflag=3
2015-10-22,3453.2010,3530.7660,3442.3060,3524.5340,3473.2540,18430558000,223583606540.0000,1,BaoStock:query_history_k_data_plus:sh.000300:adjustflag=3
2015-10-23,3536.8430,3581.8360,3515.8220,3571.2410,3524.5340,19829447800,247059685203.0000,1,BaoStock:query_history_k_data_plus:sh.000300:adjustflag=3
2015-10-26,3614.7020,3620.7560,3561.1920,3589.2610,3571.2410,20424886300,270489759134.0000,1,BaoStock:query_history_k_data_plus:sh.000300:adjustflag=3
2015-10-27,3569.4480,3601.0530,3486.1020,3592.8790,3589.2610,19205614000,239042538536.0000,1,BaoStock:query_history_k_data_plus:sh.000300:adjustflag=3
2015-10-28,3575.8050,3598.1720,3517.2100,3524.9200,3592.8790,17097709800,213303023833.0000,1,BaoStock:query_history_k_data_plus:sh.000300:adjustflag=3
2015-10-29,3539.9780,3561.8140,3507.9660,3533.3060,3524.9200,12701044600,161051885808.0000,1,BaoStock:query_history_k_data_plus:sh.000300:adjustflag=3
2015-10-30,3530.2230,3574.4730,3497.5680,3534.0790,3533.3060,13914191400,183317149529.0000,1,BaoStock:query_history_k_data_plus:sh.000300:adjustflag=3
2015-11-02,3489.2250,3543.4500,3474.7120,3475.9620,3534.0790,13000256800,167455101934.0000,1,BaoStock:query_history_k_data_plus:sh.000300:adjustflag=3
2015-11-03,3484.7220,3501.7040,3452.6200,3465.4930,3475.9620,10140187600,132231502584.0000,1,BaoStock:query_history_k_data_plus:sh.000300:adjustflag=3
2015-11-04,3477.1590,3628.5380,3477.1590,3628.5380,3465.4930,20542386500,266955889953.0000,1,BaoStock:query_history_k_data_plus:sh.000300:adjustflag=3
2015-11-05,3630.7820,3781.4080,3627.3010,3705.9700,3628.5380,39804656800,495138171518.0000,1,BaoStock:query_history_k_data_plus:sh.000300:adjustflag=3
2015-11-06,3698.3420,3801.7050,3694.6570,3793.3740,3705.9700,29875307600,389779446699.0000,1,BaoStock:query_history_k_data_plus:sh.000300:adjustflag=3
2015-11-09,3796.3790,3891.7730,3796.3790,3840.3550,3793.3740,35680482300,463161707601.0000,1,BaoStock:query_history_k_data_plus:sh.000300:adjustflag=3
2015-11-10,3806.6680,3876.4900,3798.8210,3833.2380,3840.3550,28651960300,380910629424.0000,1,BaoStock:query_history_k_data_plus:sh.000300:adjustflag=3
2015-11-11,3828.4480,3843.1120,3781.4100,3833.6460,3833.2380,23223429600,307008336072.0000,1,BaoStock:query_history_k_data_plus:sh.000300:adjustflag=3
2015-11-12,3841.7380,3843.9000,3771.2740,3795.3240,3833.6460,21753764700,302446791881.0000,1,BaoStock:query_history_k_data_plus:sh.000300:adjustflag=3
2015-11-13,3756.2040,3793.7130,3727.5850,3746.2420,3795.3240,20348989100,281961129453.0000,1,BaoStock:query_history_k_data_plus:sh.000300:adjustflag=3
2015-11-16,3682.7350,3764.4090,3680.0730,3764.1260,3746.2420,16169090100,227483711616.0000,1,BaoStock:query_history_k_data_plus:sh.000300:adjustflag=3
2015-11-17,3790.4260,3852.7740,3750.1560,3758.3870,3764.1260,24853307100,365138598381.0000,1,BaoStock:query_history_k_data_plus:sh.000300:adjustflag=3
2015-11-18,3760.4560,3771.8470,3706.3100,3715.5800,3758.3870,18568949500,254137953313.0000,1,BaoStock:query_history_k_data_plus:sh.000300:adjustflag=3
2015-11-19,3725.6220,3775.2320,3714.6750,3774.9690,3715.5800,15463198900,204557606993.0000,1,BaoStock:query_history_k_data_plus:sh.000300:adjustflag=3
2015-11-20,3778.8840,3793.5450,3757.0260,3774.3830,3774.9690,18695168900,242295089781.0000,1,BaoStock:query_history_k_data_plus:sh.000300:adjustflag=3
2015-11-23,3774.4360,3802.8510,3743.4050,3753.3350,3774.3830,17562681200,234640979610.0000,1,BaoStock:query_history_k_data_plus:sh.000300:adjustflag=3
2015-11-24,3745.7610,3754.1690,3702.7370,3753.8890,3753.3350,14338328300,192495095083.0000,1,BaoStock:query_history_k_data_plus:sh.000300:adjustflag=3
2015-11-25,3747.7600,3781.8570,3735.7160,3781.6070,3753.8890,15194494100,215125047954.0000,1,BaoStock:query_history_k_data_plus:sh.000300:adjustflag=3
2015-11-26,3795.2450,3805.8440,3756.8230,3759.4290,3781.6070,17352546800,239797205559.0000,1,BaoStock:query_history_k_data_plus:sh.000300:adjustflag=3
2015-11-27,3739.0960,3742.7420,3534.3900,3556.9920,3759.4290,20893935800,269758168475.0000,1,BaoStock:query_history_k_data_plus:sh.000300:adjustflag=3
2015-11-30,3554.8900,3587.9700,3455.0680,3566.4120,3556.9920,17320116300,220098287801.0000,1,BaoStock:query_history_k_data_plus:sh.000300:adjustflag=3
2015-12-01,3562.3190,3617.3050,3536.1150,3591.6960,3566.4120,13653655400,176598805608.0000,1,BaoStock:query_history_k_data_plus:sh.000300:adjustflag=3
2015-12-02,3587.7580,3725.8540,3573.4030,3721.9550,3591.6960,21353886500,260938692616.0000,1,BaoStock:query_history_k_data_plus:sh.000300:adjustflag=3
2015-12-03,3709.5470,3758.4460,3693.1370,3749.2990,3721.9550,19776212600,236698987440.0000,1,BaoStock:query_history_k_data_plus:sh.000300:adjustflag=3
2015-12-04,3719.7340,3726.1240,3667.2910,3677.5920,3749.2990,15119952200,196455597757.0000,1,BaoStock:query_history_k_data_plus:sh.000300:adjustflag=3
2015-12-07,3681.5820,3699.3370,3658.5780,3687.6070,3677.5920,11388315000,161220059836.0000,1,BaoStock:query_history_k_data_plus:sh.000300:adjustflag=3
2015-12-08,3668.8380,3668.8380,3619.4450,3623.0200,3687.6070,12578108300,163317229186.0000,1,BaoStock:query_history_k_data_plus:sh.000300:adjustflag=3
2015-12-09,3613.4200,3655.1580,3611.4900,3635.9380,3623.0200,11332542200,154319992100.0000,1,BaoStock:query_history_k_data_plus:sh.000300:adjustflag=3
2015-12-10,3634.3660,3678.3180,3615.9910,3623.0840,3635.9380,12021562500,168622188283.0000,1,BaoStock:query_history_k_data_plus:sh.000300:adjustflag=3
2015-12-11,3605.3720,3630.7430,3578.1460,3608.0590,3623.0840,11032248100,145248640244.0000,1,BaoStock:query_history_k_data_plus:sh.000300:adjustflag=3
2015-12-14,3573.8840,3712.5030,3570.9980,3711.3220,3608.0590,15176911900,203291513291.0000,1,BaoStock:query_history_k_data_plus:sh.000300:adjustflag=3
2015-12-15,3707.7300,3717.3570,3679.2300,3694.3880,3711.3220,12648171000,186795461663.0000,1,BaoStock:query_history_k_data_plus:sh.000300:adjustflag=3
2015-12-16,3703.9500,3713.0900,3677.4490,3685.4400,3694.3890,11134272300,160118243242.0000,1,BaoStock:query_history_k_data_plus:sh.000300:adjustflag=3
2015-12-17,3712.7830,3768.8440,3709.8510,3755.8880,3685.4400,17792407500,242543823434.0000,1,BaoStock:query_history_k_data_plus:sh.000300:adjustflag=3
2015-12-18,3754.9600,3810.2180,3750.9250,3767.9130,3755.8880,17346598000,232281458171.0000,1,BaoStock:query_history_k_data_plus:sh.000300:adjustflag=3
2015-12-21,3762.0960,3877.8200,3759.9890,3865.9650,3767.9130,21743527500,289905289214.0000,1,BaoStock:query_history_k_data_plus:sh.000300:adjustflag=3
2015-12-22,3872.0970,3880.4680,3841.5930,3876.7320,3865.9650,18030366100,243797366698.0000,1,BaoStock:query_history_k_data_plus:sh.000300:adjustflag=3
2015-12-23,3877.8720,3926.6860,3862.9650,3866.3810,3876.7330,20701714700,294710770246.0000,1,BaoStock:query_history_k_data_plus:sh.000300:adjustflag=3
2015-12-24,3858.1350,3867.6790,3787.0830,3829.4020,3866.3810,14718139700,203683543579.0000,1,BaoStock:query_history_k_data_plus:sh.000300:adjustflag=3
2015-12-25,3832.0850,3848.0250,3813.2040,3838.2010,3829.4020,11962401300,163314511431.0000,1,BaoStock:query_history_k_data_plus:sh.000300:adjustflag=3
2015-12-28,3847.5320,3853.3890,3727.6320,3727.6320,3838.2010,15398844000,210026020459.0000,1,BaoStock:query_history_k_data_plus:sh.000300:adjustflag=3
2015-12-29,3723.0500,3762.0520,3710.4800,3761.8750,3727.6320,10188555500,140405054699.0000,1,BaoStock:query_history_k_data_plus:sh.000300:adjustflag=3
2015-12-30,3762.9140,3765.6570,3726.2780,3765.1750,3761.8750,10562995500,155744099319.0000,1,BaoStock:query_history_k_data_plus:sh.000300:adjustflag=3
2015-12-31,3760.9040,3772.6170,3727.3250,3731.0050,3765.1750,10187355600,145043696235.0000,1,BaoStock:query_history_k_data_plus:sh.000300:adjustflag=3
2016-01-04,3725.8560,3726.2450,3468.9480,3469.0660,3731.0050,11537067400,145968206095.0000,1,BaoStock:query_history_k_data_plus:sh.000300:adjustflag=3
2016-01-05,3382.1770,3518.2170,3377.2800,3478.7800,3469.0660,16211698400,196017085879.0000,1,BaoStock:query_history_k_data_plus:sh.000300:adjustflag=3
2016-01-06,3482.4060,3543.7400,3468.4670,3539.8080,3478.7800,14596614400,160947198402.0000,1,BaoStock:query_history_k_data_plus:sh.000300:adjustflag=3
2016-01-07,3481.1500,3481.1500,3284.7370,3294.3840,3539.8080,4410264100,47130795628.0000,1,BaoStock:query_history_k_data_plus:sh.000300:adjustflag=3
2016-01-08,3371.8710,3418.8510,3237.9310,3361.5630,3294.3840,18595945100,203498868289.0000,1,BaoStock:query_history_k_data_plus:sh.000300:adjustflag=3
2016-01-11,3303.1250,3342.4810,3192.4500,3192.4500,3361.5630,17463838700,184464050180.0000,1,BaoStock:query_history_k_data_plus:sh.000300:adjustflag=3
2016-01-12,3214.8230,3242.2530,3174.5500,3215.7100,3192.4500,12822579600,142048909710.0000,1,BaoStock:query_history_k_data_plus:sh.000300:adjustflag=3
2016-01-13,3240.4840,3257.2950,3155.8790,3155.8790,3215.7100,12066649400,130886082444.0000,1,BaoStock:query_history_k_data_plus:sh.000300:adjustflag=3
2016-01-14,3076.6450,3226.6580,3072.0390,3221.5710,3155.8790,13453767100,144771580596.0000,1,BaoStock:query_history_k_data_plus:sh.000300:adjustflag=3
2016-01-15,3200.8880,3216.7980,3101.0520,3118.7300,3221.5710,12460177900,131882737252.0000,1,BaoStock:query_history_k_data_plus:sh.000300:adjustflag=3
2016-01-18,3068.2350,3165.6160,3066.7270,3130.7290,3118.7300,10112838600,109458287764.0000,1,BaoStock:query_history_k_data_plus:sh.000300:adjustflag=3
2016-01-19,3132.7050,3227.9080,3119.2160,3223.1250,3130.7290,12765389300,142907686296.0000,1,BaoStock:query_history_k_data_plus:sh.000300:adjustflag=3
2016-01-20,3204.2180,3225.9500,3154.4260,3174.3780,3223.1250,13065050400,143313337192.0000,1,BaoStock:query_history_k_data_plus:sh.000300:adjustflag=3
2016-01-21,3136.3840,3202.5380,3081.3450,3081.3450,3174.3780,11118973300,121856195433.0000,1,BaoStock:query_history_k_data_plus:sh.000300:adjustflag=3
2016-01-22,3114.8950,3132.1710,3053.9580,3113.4630,3081.3450,8995108700,96885673842.0000,1,BaoStock:query_history_k_data_plus:sh.000300:adjustflag=3
2016-01-25,3129.0280,3149.3320,3105.1000,3128.8860,3113.4630,8154006100,85777891364.0000,1,BaoStock:query_history_k_data_plus:sh.000300:adjustflag=3
2016-01-26,3099.5960,3106.5300,2934.6470,2940.5090,3128.8860,12693392100,127250652518.0000,1,BaoStock:query_history_k_data_plus:sh.000300:adjustflag=3
2016-01-27,2953.1830,2963.5440,2839.2900,2930.3520,2940.5090,13222936600,126997670778.0000,1,BaoStock:query_history_k_data_plus:sh.000300:adjustflag=3
2016-01-28,2909.3340,2941.8870,2841.8440,2853.7560,2930.3520,9922275600,95663874927.0000,1,BaoStock:query_history_k_data_plus:sh.000300:adjustflag=3
2016-01-29,2855.5980,2965.3090,2854.3710,2946.0900,2853.7560,11330425900,109462356680.0000,1,BaoStock:query_history_k_data_plus:sh.000300:adjustflag=3
2016-02-01,2939.0400,2944.5170,2869.5610,2901.0480,2946.0900,8679534200,82931453498.0000,1,BaoStock:query_history_k_data_plus:sh.000300:adjustflag=3
2016-02-02,2901.5280,2972.4260,2901.5120,2961.3340,2901.0480,8860196300,88740230428.0000,1,BaoStock:query_history_k_data_plus:sh.000300:adjustflag=3
2016-02-03,2931.2880,2954.7100,2909.8980,2948.6390,2961.3340,7738900000,74817092259.0000,1,BaoStock:query_history_k_data_plus:sh.000300:adjustflag=3
2016-02-04,2960.3330,2999.2060,2960.2070,2984.7600,2948.6390,9177972400,91550346872.0000,1,BaoStock:query_history_k_data_plus:sh.000300:adjustflag=3
2016-02-05,2982.0560,2988.3600,2962.8470,2963.7890,2984.7600,7685080800,77443222334.0000,1,BaoStock:query_history_k_data_plus:sh.000300:adjustflag=3
2016-02-15,2888.4280,2961.4930,2886.0180,2946.7070,2963.7890,7291943400,71285049141.0000,1,BaoStock:query_history_k_data_plus:sh.000300:adjustflag=3
2016-02-16,2962.1870,3042.0890,2962.1870,3037.0350,2946.7070,11257964300,112300492317.0000,1,BaoStock:query_history_k_data_plus:sh.000300:adjustflag=3
2016-02-17,3034.0900,3065.7840,3027.0460,3063.3200,3037.0350,12829160700,122279340234.0000,1,BaoStock:query_history_k_data_plus:sh.000300:adjustflag=3
2016-02-18,3079.5270,3093.5130,3049.8410,3053.6980,3063.3200,12440146400,122618612161.0000,1,BaoStock:query_history_k_data_plus:sh.000300:adjustflag=3
2016-02-19,3047.9420,3065.9680,3032.6340,3051.5850,3053.6990,8733801200,90849341804.0000,1,BaoStock:query_history_k_data_plus:sh.000300:adjustflag=3
2016-02-22,3083.9330,3128.2070,3071.3290,3118.8670,3051.5850,14094696800,141684080627.0000,1,BaoStock:query_history_k_data_plus:sh.000300:adjustflag=3
2016-02-23,3117.2030,3119.2210,3061.4290,3089.3630,3118.8680,11256739100,117476469063.0000,1,BaoStock:query_history_k_data_plus:sh.000300:adjustflag=3
2016-02-24,3077.6060,3109.5450,3055.2510,3109.5450,3089.3630,11178265000,112918607549.0000,1,BaoStock:query_history_k_data_plus:sh.000300:adjustflag=3
2016-02-25,3104.4100,3104.4360,2905.4570,2918.7500,3109.5450,15782975200,153493008194.0000,1,BaoStock:query_history_k_data_plus:sh.000300:adjustflag=3
2016-02-26,2942.0950,2964.3850,2902.9480,2948.0310,2918.7500,10694972900,102531571946.0000,1,BaoStock:query_history_k_data_plus:sh.000300:adjustflag=3
2016-02-29,2939.5800,2939.8750,2821.2150,2877.4670,2948.0310,12934102000,118440829598.0000,1,BaoStock:query_history_k_data_plus:sh.000300:adjustflag=3
2016-03-01,2881.3350,2950.4360,2863.3230,2930.6940,2877.4670,11604591800,110491037808.0000,1,BaoStock:query_history_k_data_plus:sh.000300:adjustflag=3
2016-03-02,2933.9210,3054.7240,2933.1160,3051.3330,2930.6940,17597234700,164025161471.0000,1,BaoStock:query_history_k_data_plus:sh.000300:adjustflag=3
2016-03-03,3050.3890,3078.4440,3040.2460,3058.4220,3051.3330,17310574400,165509087742.0000,1,BaoStock:query_history_k_data_plus:sh.000300:adjustflag=3
2016-03-04,3047.5370,3101.6560,3032.4240,3093.8890,3058.4220,21917253400,205520475543.0000,1,BaoStock:query_history_k_data_plus:sh.000300:adjustflag=3
2016-03-07,3109.0000,3130.9030,3083.5840,3104.8400,3093.8900,13246203700,127790344488.0000,1,BaoStock:query_history_k_data_plus:sh.000300:adjustflag=3
2016-03-08,3100.1490,3109.2500,3001.8290,3107.6730,3104.8400,13623574200,128758488144.0000,1,BaoStock:query_history_k_data_plus:sh.000300:adjustflag=3
2016-03-09,3045.9240,3072.9160,3020.1340,3071.9070,3107.6730,11146624500,106298652785.0000,1,BaoStock:query_history_k_data_plus:sh.000300:adjustflag=3
2016-03-10,3056.2100,3074.1600,3012.6910,3013.1460,3071.9070,7607219700,78180468559.0000,1,BaoStock:query_history_k_data_plus:sh.000300:adjustflag=3
2016-03-11,2990.2130,3026.4370,2982.1720,3018.2840,3013.1460,7333356400,74367296548.0000,1,BaoStock:query_history_k_data_plus:sh.000300:adjustflag=3
2016-03-14,3039.5690,3106.8000,3034.0000,3065.6900,3018.2840,11710865500,123539094703.0000,1,BaoStock:query_history_k_data_plus:sh.000300:adjustflag=3
2016-03-15,3061.3430,3077.0850,3028.5780,3074.7800,3065.6900,9831194100,101302845698.0000,1,BaoStock:query_history_k_data_plus:sh.000300:adjustflag=3
2016-03-16,3068.8660,3100.3520,3064.5210,3090.0330,3074.7800,12473644800,126128854001.0000,1,BaoStock:query_history_k_data_plus:sh.000300:adjustflag=3
2016-03-17,3096.8080,3147.8410,3077.5720,3124.2040,3090.0330,12166177700,136603715775.0000,1,BaoStock:query_history_k_data_plus:sh.000300:adjustflag=3
2016-03-18,3136.2230,3197.6680,3130.1020,3171.9630,3124.2040,19730256400,210017810346.0000,1,BaoStock:query_history_k_data_plus:sh.000300:adjustflag=3
2016-03-21,3203.2930,3267.7750,3198.3610,3249.4370,3171.9630,23326946400,256836636273.0000,1,BaoStock:query_history_k_data_plus:sh.000300:adjustflag=3
2016-03-22,3231.6150,3249.6770,3218.7280,3225.7900,3249.4370,16102089700,194211982989.0000,1,BaoStock:query_history_k_data_plus:sh.000300:adjustflag=3
2016-03-23,3217.7290,3242.2470,3202.9760,3236.0920,3225.7900,12567928600,155567074583.0000,1,BaoStock:query_history_k_data_plus:sh.000300:adjustflag=3
2016-03-24,3211.4960,3221.9060,3181.8130,3181.8510,3236.0920,13313112200,162436036415.0000,1,BaoStock:query_history_k_data_plus:sh.000300:adjustflag=3
2016-03-25,3176.8100,3204.4420,3174.3180,3197.8170,3181.8510,9739533000,115195604431.0000,1,BaoStock:query_history_k_data_plus:sh.000300:adjustflag=3
2016-03-28,3206.9530,3229.6240,3161.8780,3169.7280,3197.8170,10344193300,123844044128.0000,1,BaoStock:query_history_k_data_plus:sh.000300:adjustflag=3
2016-03-29,3171.3140,3178.0750,3122.7600,3135.4100,3169.7280,9729474700,113844280553.0000,1,BaoStock:query_history_k_data_plus:sh.000300:adjustflag=3
2016-03-30,3161.2890,3216.6760,3161.2890,3216.2750,3135.4100,11780251200,140721774451.0000,1,BaoStock:query_history_k_data_plus:sh.000300:adjustflag=3
2016-03-31,3229.1990,3241.9270,3208.6650,3218.0880,3216.2750,12155207400,147267617416.0000,1,BaoStock:query_history_k_data_plus:sh.000300:adjustflag=3
2016-04-01,3213.6740,3222.6120,3165.8550,3221.8950,3218.0880,11812213900,127050098456.0000,1,BaoStock:query_history_k_data_plus:sh.000300:adjustflag=3
2016-04-05,3211.3050,3271.9300,3205.2070,3264.4860,3221.8950,14604777200,159296543667.0000,1,BaoStock:query_history_k_data_plus:sh.000300:adjustflag=3
2016-04-06,3250.5210,3267.6400,3236.1960,3257.5280,3264.4860,12019630500,137206268587.0000,1,BaoStock:query_history_k_data_plus:sh.000300:adjustflag=3
2016-04-07,3266.2880,3270.8200,3208.6440,3209.2900,3257.5280,11240946700,128273067720.0000,1,BaoStock:query_history_k_data_plus:sh.000300:adjustflag=3
2016-04-08,3189.8460,3197.7740,3163.3050,3185.7260,3209.2900,10100562500,113920716519.0000,1,BaoStock:query_history_k_data_plus:sh.000300:adjustflag=3
2016-04-11,3213.5070,3251.5720,3213.5070,3230.0960,3185.7260,12521270900,142759491340.0000,1,BaoStock:query_history_k_data_plus:sh.000300:adjustflag=3
2016-04-12,3227.3670,3232.2640,3198.9030,3218.4500,3230.0960,9286943700,99086557951.0000,1,BaoStock:query_history_k_data_plus:sh.000300:adjustflag=3
2016-04-13,3237.8570,3296.5230,3237.8570,3261.3830,3218.4500,19561386600,200159601290.0000,1,BaoStock:query_history_k_data_plus:sh.000300:adjustflag=3
2016-04-14,3277.0980,3286.0720,3252.0500,3275.8320,3261.3830,11315732700,117989443450.0000,1,BaoStock:query_history_k_data_plus:sh.000300:adjustflag=3
2016-04-15,3279.8570,3282.9850,3261.7300,3272.2050,3275.8320,9980752900,107963982334.0000,1,BaoStock:query_history_k_data_plus:sh.000300:adjustflag=3
2016-04-18,3252.6710,3252.6710,3221.6620,3228.4530,3272.2050,9709006900,103956150095.0000,1,BaoStock:query_history_k_data_plus:sh.000300:adjustflag=3
2016-04-19,3243.9710,3250.7250,3221.5770,3238.3030,3228.4530,8087144000,90976236261.0000,1,BaoStock:query_history_k_data_plus:sh.000300:adjustflag=3
2016-04-20,3244.1420,3248.4220,3107.3690,3181.0260,3238.3030,16220785800,172324694469.0000,1,BaoStock:query_history_k_data_plus:sh.000300:adjustflag=3
2016-04-21,3160.7960,3198.5570,3150.9390,3160.6030,3181.0260,10475265100,110324379038.0000,1,BaoStock:query_history_k_data_plus:sh.000300:adjustflag=3
2016-04-22,3142.5610,3175.3800,3137.9930,3174.9010,3160.6030,7707849200,82442921903.0000,1,BaoStock:query_history_k_data_plus:sh.000300:adjustflag=3
2016-04-25,3164.7380,3172.2690,3137.1130,3162.0330,3174.9010,6751935100,74734848036.0000,1,BaoStock:query_history_k_data_plus:sh.000300:adjustflag=3
2016-04-26,3159.7710,3181.0950,3150.4040,3179.1600,3162.0330,5902073400,68871554173.0000,1,BaoStock:query_history_k_data_plus:sh.000300:adjustflag=3
2016-04-27,3181.9300,3188.8260,3162.6910,3165.9160,3179.1610,6000414700,70620405995.0000,1,BaoStock:query_history_k_data_plus:sh.000300:adjustflag=3
2016-04-28,3169.3330,3174.7660,3135.6430,3160.5810,3165.9160,6987066000,78876767222.0000,1,BaoStock:query_history_k_data_plus:sh.000300:adjustflag=3
2016-04-29,3153.5370,3171.2890,3149.3960,3156.7450,3160.5810,5802977600,70807704222.0000,1,BaoStock:query_history_k_data_plus:sh.000300:adjustflag=3
2016-05-03,3159.8230,3218.4850,3151.4050,3213.5400,3156.7450,9816483500,115733867591.0000,1,BaoStock:query_history_k_data_plus:sh.000300:adjustflag=3
2016-05-04,3203.4650,3222.8820,3198.2920,3209.4610,3213.5400,9086240800,97797134813.0000,1,BaoStock:query_history_k_data_plus:sh.000300:adjustflag=3
2016-05-05,3204.1690,3217.2820,3196.5660,3213.9200,3209.4610,7473368100,83946496908.0000,1,BaoStock:query_history_k_data_plus:sh.000300:adjustflag=3
2016-05-06,3213.1360,3216.8930,3130.1470,3130.3540,3213.9200,10868024000,119265216104.0000,1,BaoStock:query_history_k_data_plus:sh.000300:adjustflag=3
2016-05-09,3115.4300,3115.4300,3055.0060,3065.6150,3130.3540,9923047700,100409213488.0000,1,BaoStock:query_history_k_data_plus:sh.000300:adjustflag=3
2016-05-10,3055.2120,3084.7250,3055.1830,3069.1120,3065.6150,6884993500,70650764147.0000,1,BaoStock:query_history_k_data_plus:sh.000300:adjustflag=3
2016-05-11,3080.6360,3102.8770,3063.0880,3082.8090,3069.1120,8179425800,87323408342.0000,1,BaoStock:query_history_k_data_plus:sh.000300:adjustflag=3
2016-05-12,3059.3830,3095.3490,3035.0230,3090.1370,3082.8090,7876572600,81418792606.0000,1,BaoStock:query_history_k_data_plus:sh.000300:adjustflag=3
2016-05-13,3081.6800,3103.0950,3064.6910,3074.9350,3090.1370,6262975500,65850995649.0000,1,BaoStock:query_history_k_data_plus:sh.000300:adjustflag=3
2016-05-16,3064.5260,3095.5550,3053.6620,3095.3090,3074.9350,5946185600,64405200020.0000,1,BaoStock:query_history_k_data_plus:sh.000300:adjustflag=3
2016-05-17,3095.5230,3105.2010,3073.4590,3086.0250,3095.3090,6527812500,75389385458.0000,1,BaoStock:query_history_k_data_plus:sh.000300:adjustflag=3
2016-05-18,3071.5290,3072.6120,3039.4620,3068.0360,3086.0250,8271536900,88458847115.0000,1,BaoStock:query_history_k_data_plus:sh.000300:adjustflag=3
2016-05-19,3060.3430,3086.9770,3058.1450,3062.5000,3068.0360,6044416600,68679060392.0000,1,BaoStock:query_history_k_data_plus:sh.000300:adjustflag=3
2016-05-20,3047.7780,3078.5310,3041.5170,3078.2180,3062.5000,5608084200,65124251092.0000,1,BaoStock:query_history_k_data_plus:sh.000300:adjustflag=3
2016-05-23,3078.5150,3098.4780,3076.5040,3087.2220,3078.2180,5969721600,70337514484.0000,1,BaoStock:query_history_k_data_plus:sh.000300:adjustflag=3
2016-05-24,3083.2440,3083.2570,3052.5910,3063.5560,3087.2230,5873438500,61106015446.0000,1,BaoStock:query_history_k_data_plus:sh.000300:adjustflag=3
2016-05-25,3079.7490,3089.1020,3054.8700,3059.2260,3063.5560,5665280300,63316562530.0000,1,BaoStock:query_history_k_data_plus:sh.000300:adjustflag=3
2016-05-26,3056.6000,3072.5240,3027.4440,3064.2110,3059.2260,6039298100,65985183919.0000,1,BaoStock:query_history_k_data_plus:sh.000300:adjustflag=3
2016-05-27,3059.7320,3073.7560,3052.1790,3062.4990,3064.2110,6046875000,59371777079.0000,1,BaoStock:query_history_k_data_plus:sh.000300:adjustflag=3
2016-05-30,3056.3140,3075.2610,3037.6650,3066.7090,3062.4990,6309857900,63496565009.0000,1,BaoStock:query_history_k_data_plus:sh.000300:adjustflag=3
2016-05-31,3068.5960,3170.9260,3068.5960,3169.5600,3066.7100,13886311100,151398175957.0000,1,BaoStock:query_history_k_data_plus:sh.000300:adjustflag=3
2016-06-01,3172.9620,3181.7920,3159.8170,3160.5470,3169.5600,11314848200,131700821152.0000,1,BaoStock:query_history_k_data_plus:sh.000300:adjustflag=3
2016-06-02,3158.0260,3168.8240,3151.0650,3167.1000,3160.5470,8600342700,97093625345.0000,1,BaoStock:query_history_k_data_plus:sh.000300:adjustflag=3
2016-06-03,3172.9460,3201.7490,3162.0880,3189.3250,3167.1000,10149178300,136332027087.0000,1,BaoStock:query_history_k_data_plus:sh.000300:adjustflag=3
2016-06-06,3192.7790,3197.2200,3168.5540,3178.7880,3189.3260,7669375100,101176231366.0000,1,BaoStock:query_history_k_data_plus:sh.000300:adjustflag=3
2016-06-07,3182.4380,3186.6170,3168.1790,3177.0540,3178.7880,6892831400,88711618425.0000,1,BaoStock:query_history_k_data_plus:sh.000300:adjustflag=3
2016-06-08,3171.8130,3174.9720,3148.3520,3163.9860,3177.0540,7629177500,97682790861.0000,1,BaoStock:query_history_k_data_plus:sh.000300:adjustflag=3
2016-06-13,3134.0450,3145.6060,3065.7670,3066.3410,3163.9860,9297594700,114091320004.0000,1,BaoStock:query_history_k_data_plus:sh.000300:adjustflag=3
2016-06-14,3058.4430,3078.7500,3055.6550,3075.9830,3066.3410,6627945700,78622305350.0000,1,BaoStock:query_history_k_data_plus:sh.000300:adjustflag=3
2016-06-15,3043.9580,3128.6730,3042.2330,3116.3680,3075.9830,8739325700,106170177872.0000,1,BaoStock:query_history_k_data_plus:sh.000300:adjustflag=3
2016-06-16,3104.3620,3112.4760,3089.4780,3094.6750,3116.3680,8297470300,93496238871.0000,1,BaoStock:query_history_k_data_plus:sh.000300:adjustflag=3
2016-06-17,3096.0900,3131.0490,3096.0900,3110.3570,3094.6750,8540298500,97953389320.0000,1,BaoStock:query_history_k_data_plus:sh.000300:adjustflag=3
2016-06-20,3114.9060,3118.7250,3089.7130,3112.6740,3110.3570,6358714100,74647802462.0000,1,BaoStock:query_history_k_data_plus:sh.000300:adjustflag=3
2016-06-21,3124.8980,3155.4930,3097.9400,3106.3170,3112.6740,8796534500,107233643632.0000,1,BaoStock:query_history_k_data_plus:sh.000300:adjustflag=3
2016-06-22,3100.4500,3134.0610,3096.9920,3133.9610,3106.3170,6648711300,81348715848.0000,1,BaoStock:query_history_k_data_plus:sh.000300:adjustflag=3
2016-06-23,3129.7210,3129.7210,3102.4810,3117.3170,3133.9610,6775173800,81732552159.0000,1,BaoStock:query_history_k_data_plus:sh.000300:adjustflag=3
2016-06-24,3110.6460,3130.5390,3033.9650,3077.1560,3117.3170,10479220800,118967441702.0000,1,BaoStock:query_history_k_data_plus:sh.000300:adjustflag=3
2016-06-27,3065.1280,3120.6400,3064.9660,3120.5440,3077.1550,8326725900,104066083791.0000,1,BaoStock:query_history_k_data_plus:sh.000300:adjustflag=3
2016-06-28,3107.3980,3139.4300,3099.7010,3136.4010,3120.5440,9202463700,117197791504.0000,1,BaoStock:query_history_k_data_plus:sh.000300:adjustflag=3
2016-06-29,3142.4840,3158.0760,3139.1330,3151.3900,3136.4010,10372366800,117958861189.0000,1,BaoStock:query_history_k_data_plus:sh.000300:adjustflag=3
2016-06-30,3152.8330,3163.7200,3148.1990,3153.9210,3151.3900,7969261700,100627912925.0000,1,BaoStock:query_history_k_data_plus:sh.000300:adjustflag=3
2016-07-01,3156.9320,3170.2580,3148.2950,3154.2000,3153.9210,7174628300,91215027688.0000,1,BaoStock:query_history_k_data_plus:sh.000300:adjustflag=3
2016-07-04,3136.3850,3210.6020,3134.0230,3204.6960,3154.2000,13331052900,149894780037.0000,1,BaoStock:query_history_k_data_plus:sh.000300:adjustflag=3
2016-07-05,3199.1570,3216.7030,3197.9960,3207.3830,3204.6960,13022689500,143899100428.0000,1,BaoStock:query_history_k_data_plus:sh.000300:adjustflag=3
2016-07-06,3197.6250,3217.5160,3183.4510,3216.8030,3207.3830,12489745800,147232471496.0000,1,BaoStock:query_history_k_data_plus:sh.000300:adjustflag=3
2016-07-07,3206.5510,3220.5400,3190.1240,3209.9540,3216.8040,11859520200,140488833675.0000,1,BaoStock:query_history_k_data_plus:sh.000300:adjustflag=3
2016-07-08,3199.7540,3204.9280,3183.9590,3192.2810,3209.9540,8973485500,111063465417.0000,1,BaoStock:query_history_k_data_plus:sh.000300:adjustflag=3
2016-07-11,3199.0380,3235.9620,3197.6250,3203.3300,3192.2800,13852951100,155288151673.0000,1,BaoStock:query_history_k_data_plus:sh.000300:adjustflag=3
2016-07-12,3201.9060,3273.4740,3200.3030,3273.1820,3203.3300,17253421700,190853738897.0000,1,BaoStock:query_history_k_data_plus:sh.000300:adjustflag=3
2016-07-13,3274.0200,3300.9910,3271.7750,3282.8680,3273.1820,17519609000,196592300322.0000,1,BaoStock:query_history_k_data_plus:sh.000300:adjustflag=3
2016-07-14,3277.4820,3281.9500,3259.0650,3276.7640,3282.8680,10752579800,128090420917.0000,1,BaoStock:query_history_k_data_plus:sh.000300:adjustflag=3
2016-07-15,3278.8360,3285.0260,3265.2910,3276.2780,3276.7640,10266502600,125179812929.0000,1,BaoStock:query_history_k_data_plus:sh.000300:adjustflag=3
2016-07-18,3269.7080,3281.6370,3251.7660,3262.0220,3276.2780,11031251800,129785706199.0000,1,BaoStock:query_history_k_data_plus:sh.000300:adjustflag=3
2016-07-19,3260.4350,3264.7300,3226.1990,3248.2340,3262.0220,8888686100,107108911172.0000,1,BaoStock:query_history_k_data_plus:sh.000300:adjustflag=3
2016-07-20,3246.8630,3254.5080,3232.2570,3237.6050,3248.2340,7270125500,91367448994.0000,1,BaoStock:query_history_k_data_plus:sh.000300:adjustflag=3
2016-07-21,3238.3370,3271.3740,3238.3030,3252.5230,3237.6050,8600482500,107464072513.0000,1,BaoStock:query_history_k_data_plus:sh.000300:adjustflag=3
2016-07-22,3251.2420,3253.7690,3220.8940,3225.1620,3252.5230,8602912800,107416887320.0000,1,BaoStock:query_history_k_data_plus:sh.000300:adjustflag=3
2016-07-25,3220.1660,3243.7900,3218.1420,3230.8850,3225.1620,7020318500,92015844035.0000,1,BaoStock:query_history_k_data_plus:sh.000300:adjustflag=3
2016-07-26,3228.2340,3269.7460,3228.0080,3269.5880,3230.8850,8105108900,103745762758.0000,1,BaoStock:query_history_k_data_plus:sh.000300:adjustflag=3
2016-07-27,3270.0840,3276.5110,3157.4090,3218.2430,3269.5880,16018866500,186928366498.0000,1,BaoStock:query_history_k_data_plus:sh.000300:adjustflag=3
2016-07-28,3204.4650,3235.7810,3195.2700,3221.1360,3218.2430,11277996400,137295892753.0000,1,BaoStock:query_history_k_data_plus:sh.000300:adjustflag=3
2016-07-29,3217.1920,3225.4180,3198.6840,3203.9300,3221.1360,8804483700,103787029748.0000,1,BaoStock:query_history_k_data_plus:sh.000300:adjustflag=3
2016-08-01,3196.4250,3199.9750,3156.7490,3176.8090,3203.9300,8700349700,98818634361.0000,1,BaoStock:query_history_k_data_plus:sh.000300:adjustflag=3
2016-08-02,3173.7580,3189.0530,3165.5420,3189.0530,3176.8090,6216763900,70640763842.0000,1,BaoStock:query_history_k_data_plus:sh.000300:adjustflag=3
2016-08-03,3179.6840,3197.1570,3173.5360,3193.5070,3189.0520,7286410200,79754323301.0000,1,BaoStock:query_history_k_data_plus:sh.000300:adjustflag=3
2016-08-04,3190.5460,3201.5540,3170.4190,3201.2890,3193.5070,7350437300,86919591121.0000,1,BaoStock:query_history_k_data_plus:sh.000300:adjustflag=3
2016-08-05,3201.3540,3224.8730,3192.8610,3205.1100,3201.2880,7719636600,94429542391.0000,1,BaoStock:query_history_k_data_plus:sh.000300:adjustflag=3
2016-08-08,3199.5720,3234.4790,3187.2520,3234.1830,3205.1100,8667605100,102638114597.0000,1,BaoStock:query_history_k_data_plus:sh.000300:adjustflag=3
2016-08-09,3232.6030,3257.3330,3229.1740,3256.9810,3234.1830,9106525900,105924052436.0000,1,BaoStock:query_history_k_data_plus:sh.000300:adjustflag=3
2016-08-10,3255.1820,3261.8610,3242.7510,3243.3410,3256.9810,9043037200,106157448028.0000,1,BaoStock:query_history_k_data_plus:sh.000300:adjustflag=3
2016-08-11,3239.5580,3274.0260,3232.6130,3233.3600,3243.3400,10104121300,116996159046.0000,1,BaoStock:query_history_k_data_plus:sh.000300:adjustflag=3
2016-08-12,3231.8060,3294.2340,3231.1370,3294.2340,3233.3600,11625404400,129354686387.0000,1,BaoStock:query_history_k_data_plus:sh.000300:adjustflag=3
2016-08-15,3303.4690,3417.9150,3302.3780,3393.4240,3294.2330,22054342100,258897463910.0000,1,BaoStock:query_history_k_data_plus:sh.000300:adjustflag=3
2016-08-16,3403.3840,3418.6880,3372.0210,3378.2450,3393.4230,19638974000,226785231085.0000,1,BaoStock:query_history_k_data_plus:sh.000300:adjustflag=3
2016-08-17,3377.7710,3394.3890,3356.9240,3373.0480,3378.2450,13884768800,167917530856.0000,1,BaoStock:query_history_k_data_plus:sh.000300:adjustflag=3
2016-08-18,3369.9470,3394.7910,3349.6880,3364.4850,3373.0470,14238016900,172256533000.0000,1,BaoStock:query_history_k_data_plus:sh.000300:adjustflag=3
2016-08-19,3358.5550,3374.0450,3341.1920,3365.0200,3364.4850,11996150800,135382706293.0000,1,BaoStock:query_history_k_data_plus:sh.000300:adjustflag=3
2016-08-22,3364.6810,3372.8330,3335.4690,3336.7950,3365.0190,10795100800,128201783812.0000,1,BaoStock:query_history_k_data_plus:sh.000300:adjustflag=3
2016-08-23,3332.6210,3359.6480,3324.9600,3341.8300,3336.7940,9292451600,108503692377.0000,1,BaoStock:query_history_k_data_plus:sh.000300:adjustflag=3
2016-08-24,3341.9300,3348.1290,3323.7250,3329.8630,3341.8290,8119142900,94012832200.0000,1,BaoStock:query_history_k_data_plus:sh.000300:adjustflag=3
2016-08-25,3314.0850,3315.0810,3279.8060,3308.9720,3329.8630,10058915300,112578140010.0000,1,BaoStock:query_history_k_data_plus:sh.000300:adjustflag=3
2016-08-26,3312.4990,3328.9450,3301.7360,3307.0900,3308.9720,8153069100,93213205560.0000,1,BaoStock:query_history_k_data_plus:sh.000300:adjustflag=3
2016-08-29,3306.5750,3315.0790,3297.0700,3307.7810,3307.0900,7703633300,88011642022.0000,1,BaoStock:query_history_k_data_plus:sh.000300:adjustflag=3
2016-08-30,3310.3190,3325.1220,3304.5970,3311.9870,3307.7810,7572598700,89513016667.0000,1,BaoStock:query_history_k_data_plus:sh.000300:adjustflag=3
2016-08-31,3310.5650,3333.9730,3304.6550,3327.7940,3311.9870,7957080500,99215044445.0000,1,BaoStock:query_history_k_data_plus:sh.000300:adjustflag=3
2016-09-01,3326.7390,3329.3450,3301.2130,3301.5770,3327.7930,8494721900,100911462823.0000,1,BaoStock:query_history_k_data_plus:sh.000300:adjustflag=3
2016-09-02,3298.7220,3320.4250,3295.7550,3314.1140,3301.5760,8279180300,99396378584.0000,1,BaoStock:query_history_k_data_plus:sh.000300:adjustflag=3
2016-09-05,3321.0050,3338.4200,3314.6290,3319.6800,3314.1140,7829247700,87531089645.0000,1,BaoStock:query_history_k_data_plus:sh.000300:adjustflag=3
2016-09-06,3322.0180,3347.9510,3300.1260,3342.6260,3319.6800,9828399800,118366533426.0000,1,BaoStock:query_history_k_data_plus:sh.000300:adjustflag=3
2016-09-07,3344.0660,3357.3570,3337.7510,3340.8170,3342.6250,10294010600,115119908617.0000,1,BaoStock:query_history_k_data_plus:sh.000300:adjustflag=3
2016-09-08,3338.0080,3343.3950,3328.2260,3339.5640,3340.8170,7191615800,83742346850.0000,1,BaoStock:query_history_k_data_plus:sh.000300:adjustflag=3
2016-09-09,3339.3730,3344.9510,3318.0440,3318.0440,3339.5640,8265703600,95471188732.0000,1,BaoStock:query_history_k_data_plus:sh.000300:adjustflag=3
2016-09-12,3271.8700,3276.7160,3234.5730,3262.6040,3318.0440,12291768200,134456630927.0000,1,BaoStock:query_history_k_data_plus:sh.000300:adjustflag=3
2016-09-13,3265.3370,3269.2220,3246.3860,3260.3330,3262.6040,6718028800,76862644231.0000,1,BaoStock:query_history_k_data_plus:sh.000300:adjustflag=3
2016-09-14,3245.7370,3254.9950,3231.3350,3238.7300,3260.3330,7043269700,79780746436.0000,1,BaoStock:query_history_k_data_plus:sh.000300:adjustflag=3
2016-09-19,3242.7430,3264.8990,3242.7430,3263.1240,3238.7300,5883108200,67678031642.0000,1,BaoStock:query_history_k_data_plus:sh.000300:adjustflag=3
2016-09-20,3264.6650,3265.0350,3252.3880,3257.4030,3263.1240,5278420600,61626150818.0000,1,BaoStock:query_history_k_data_plus:sh.000300:adjustflag=3
2016-09-21,3257.7100,3270.9020,3254.3210,3266.6360,3257.4030,5914297900,68957744044.0000,1,BaoStock:query_history_k_data_plus:sh.000300:adjustflag=3
2016-09-22,3281.4720,3303.1990,3277.9790,3291.1210,3266.6360,7575354200,89991761655.0000,1,BaoStock:query_history_k_data_plus:sh.000300:adjustflag=3
2016-09-23,3292.2790,3293.9160,3275.0250,3275.6670,3291.1210,5799398600,68046257250.0000,1,BaoStock:query_history_k_data_plus:sh.000300:adjustflag=3
2016-09-26,3267.6900,3267.6900,3220.2840,3220.2840,3275.6660,7045218600,78700835132.0000,1,BaoStock:query_history_k_data_plus:sh.000300:adjustflag=3
2016-09-27,3214.8700,3240.7760,3214.4410,3240.7550,3220.2830,5846055000,66651130361.0000,1,BaoStock:query_history_k_data_plus:sh.000300:adjustflag=3
2016-09-28,3243.6470,3243.6470,3227.9960,3230.8900,3240.7540,4472749800,51996404752.0000,1,BaoStock:query_history_k_data_plus:sh.000300:adjustflag=3
2016-09-29,3234.8570,3257.7670,3234.8030,3244.3870,3230.8900,5545255600,62220302312.0000,1,BaoStock:query_history_k_data_plus:sh.000300:adjustflag=3
2016-09-30,3240.1770,3260.9400,3239.0360,3253.2850,3244.3870,4497802200,52655734553.0000,1,BaoStock:query_history_k_data_plus:sh.000300:adjustflag=3
2016-10-10,3265.3650,3294.6410,3258.9580,3293.8690,3253.2840,8051926000,89607989896.0000,1,BaoStock:query_history_k_data_plus:sh.000300:adjustflag=3
2016-10-11,3296.8670,3308.0040,3292.8770,3306.5570,3293.8690,8771316300,88213421183.0000,1,BaoStock:query_history_k_data_plus:sh.000300:adjustflag=3
2016-10-12,3299.1390,3302.5610,3289.7530,3300.0100,3306.5570,6866978100,72386912616.0000,1,BaoStock:query_history_k_data_plus:sh.000300:adjustflag=3
2016-10-13,3299.1560,3307.4090,3292.3970,3302.6460,3300.0090,8122419800,79923748596.0000,1,BaoStock:query_history_k_data_plus:sh.000300:adjustflag=3
2016-10-14,3298.7340,3306.6860,3285.7290,3305.8480,3302.6450,8231627100,81485597806.0000,1,BaoStock:query_history_k_data_plus:sh.000300:adjustflag=3
2016-10-17,3305.9630,3309.0100,3271.5410,3277.8790,3305.8480,8611350900,88199418936.0000,1,BaoStock:query_history_k_data_plus:sh.000300:adjustflag=3
2016-10-18,3272.6810,3321.3330,3272.6810,3321.3330,3277.8780,10286071400,104625044142.0000,1,BaoStock:query_history_k_data_plus:sh.000300:adjustflag=3
2016-10-19,3323.3040,3332.5200,3309.8310,3316.2410,3321.3320,10116772500,96354442199.0000,1,BaoStock:query_history_k_data_plus:sh.000300:adjustflag=3
2016-10-20,3317.1790,3324.9030,3312.1740,3318.6040,3316.2410,7923887100,82481095277.0000,1,BaoStock:query_history_k_data_plus:sh.000300:adjustflag=3
2016-10-21,3315.7160,3341.5600,3309.1790,3327.7400,3318.6040,10978517600,107114926126.0000,1,BaoStock:query_history_k_data_plus:sh.000300:adjustflag=3
2016-10-24,3332.5120,3382.8260,3330.9670,3367.5780,3327.7400,15301434500,150063007899.0000,1,BaoStock:query_history_k_data_plus:sh.000300:adjustflag=3
2016-10-25,3367.4750,3373.9140,3356.5850,3367.4550,3367.5770,11119169300,110576512916.0000,1,BaoStock:query_history_k_data_plus:sh.000300:adjustflag=3
2016-10-26,3365.1980,3367.8310,3349.5740,3354.8000,3367.4540,9802478600,104719318220.0000,1,BaoStock:query_history_k_data_plus:sh.000300:adjustflag=3
2016-10-27,3351.4600,3352.3540,3335.1330,3345.6950,3354.8000,7762985100,85241012414.0000,1,BaoStock:query_history_k_data_plus:sh.000300:adjustflag=3
2016-10-28,3347.1440,3370.7490,3337.2890,3340.1260,3345.6950,9313330900,104797971448.0000,1,BaoStock:query_history_k_data_plus:sh.000300:adjustflag=3
2016-10-31,3332.4060,3340.4690,3317.3280,3336.2780,3340.1260,7135286300,80701820968.0000,1,BaoStock:query_history_k_data_plus:sh.000300:adjustflag=3
2016-11-01,3338.7100,3359.3940,3334.4570,3359.0520,3336.2770,7493819900,84717683750.0000,1,BaoStock:query_history_k_data_plus:sh.000300:adjustflag=3
2016-11-02,3350.7100,3356.3970,3331.3840,3333.3520,3359.0510,9119710400,100348995733.0000,1,BaoStock:query_history_k_data_plus:sh.000300:adjustflag=3
2016-11-03,3326.9050,3379.9890,3324.8380,3365.0850,3333.3520,12622350400,137386468361.0000,1,BaoStock:query_history_k_data_plus:sh.000300:adjustflag=3
2016-11-04,3362.2060,3377.6390,3348.4260,3354.1750,3365.0850,10406965500,110813764577.0000,1,BaoStock:query_history_k_data_plus:sh.000300:adjustflag=3
2016-11-07,3353.4440,3362.7420,3342.3120,3356.5920,3354.1750,9987798800,94370876771.0000,1,BaoStock:query_history_k_data_plus:sh.000300:adjustflag=3
2016-11-08,3367.6980,3383.9170,3361.1290,3371.1180,3356.5910,10314828200,105138256061.0000,1,BaoStock:query_history_k_data_plus:sh.000300:adjustflag=3
2016-11-09,3370.6000,3373.0960,3322.0800,3353.0550,3371.1170,13911005900,145186921690.0000,1,BaoStock:query_history_k_data_plus:sh.000300:adjustflag=3
2016-11-10,3374.9060,3403.0160,3374.9060,3390.6120,3353.0540,13470553500,133277399553.0000,1,BaoStock:query_history_k_data_plus:sh.000300:adjustflag=3
2016-11-11,3387.9480,3422.6710,3382.8930,3417.2210,3390.6110,19878149600,190647270040.0000,1,BaoStock:query_history_k_data_plus:sh.000300:adjustflag=3
2016-11-14,3409.2240,3452.6160,3408.1390,3430.2480,3417.2210,21324710500,208353308629.0000,1,BaoStock:query_history_k_data_plus:sh.000300:adjustflag=3
2016-11-15,3428.8660,3434.9220,3415.9950,3429.8700,3430.2480,13456632000,135206770523.0000,1,BaoStock:query_history_k_data_plus:sh.000300:adjustflag=3
2016-11-16,3432.4340,3435.6370,3419.2430,3429.5920,3429.8690,12980851100,128944599173.0000,1,BaoStock:query_history_k_data_plus:sh.000300:adjustflag=3
2016-11-17,3423.4650,3437.6690,3412.8770,3436.5350,3429.5920,12156173100,121576882948.0000,1,BaoStock:query_history_k_data_plus:sh.000300:adjustflag=3
2016-11-18,3437.4900,3443.1180,3413.2700,3417.4550,3436.5350,11595120500,117345607612.0000,1,BaoStock:query_history_k_data_plus:sh.000300:adjustflag=3
2016-11-21,3412.6520,3463.1420,3412.0800,3441.1110,3417.4550,14643452900,147542589349.0000,1,BaoStock:query_history_k_data_plus:sh.000300:adjustflag=3
2016-11-22,3443.2200,3469.2190,3443.2200,3468.3640,3441.1100,16852344600,167250665827.0000,1,BaoStock:query_history_k_data_plus:sh.000300:adjustflag=3
2016-11-23,3473.8950,3492.9560,3465.7640,3474.7290,3468.3630,16238850400,171247116196.0000,1,BaoStock:query_history_k_data_plus:sh.000300:adjustflag=3
2016-11-24,3468.8070,3508.1650,3467.0110,3488.7400,3474.7280,14574630100,165071453531.0000,1,BaoStock:query_history_k_data_plus:sh.000300:adjustflag=3
2016-11-25,3490.0400,3521.3030,3463.9480,3521.2980,3488.7400,15362150600,166832181108.0000,1,BaoStock:query_history_k_data_plus:sh.000300:adjustflag=3
2016-11-28,3538.6750,3553.3600,3528.3200,3535.0810,3521.2980,20737548300,219859766828.0000,1,BaoStock:query_history_k_data_plus:sh.000300:adjustflag=3
2016-11-29,3525.9010,3583.7190,3521.3790,3564.0400,3535.0800,23691835600,248322816339.0000,1,BaoStock:query_history_k_data_plus:sh.000300:adjustflag=3
2016-11-30,3557.6360,3567.0690,3527.0230,3538.0010,3564.0400,17856017800,190681227631.0000,1,BaoStock:query_history_k_data_plus:sh.000300:adjustflag=3
2016-12-01,3543.9560,3575.9700,3543.2450,3565.0360,3538.0010,18017076100,199637742998.0000,1,BaoStock:query_history_k_data_plus:sh.000300:adjustflag=3
2016-12-02,3559.7710,3562.5500,3516.7880,3528.9550,3565.0360,19635548000,203742147476.0000,1,BaoStock:query_history_k_data_plus:sh.000300:adjustflag=3
2016-12-05,3473.6880,3496.8840,3457.3430,3469.4070,3528.9540,18085235500,190175061733.0000,1,BaoStock:query_history_k_data_plus:sh.000300:adjustflag=3
2016-12-06,3466.2420,3477.5900,3456.8070,3459.1530,3469.4070,11552909000,125727753193.0000,1,BaoStock:query_history_k_data_plus:sh.000300:adjustflag=3
2016-12-07,3458.3690,3475.7470,3445.7560,3475.7470,3459.1530,11434510300,115282194223.0000,1,BaoStock:query_history_k_data_plus:sh.000300:adjustflag=3
2016-12-08,3481.8070,3484.3400,3466.5120,3470.1430,3475.7470,11738392200,119188508676.0000,1,BaoStock:query_history_k_data_plus:sh.000300:adjustflag=3
2016-12-09,3464.8730,3507.9270,3461.7610,3493.7000,3470.1420,15030330800,152674867707.0000,1,BaoStock:query_history_k_data_plus:sh.000300:adjustflag=3
2016-12-12,3489.2680,3495.8020,3400.7930,3409.1790,3493.7000,18746775100,199163540831.0000,1,BaoStock:query_history_k_data_plus:sh.000300:adjustflag=3
2016-12-13,3394.2070,3416.2150,3370.5960,3405.0350,3409.1790,12110509700,124454188749.0000,1,BaoStock:query_history_k_data_plus:sh.000300:adjustflag=3
2016-12-14,3399.4110,3412.2800,3378.2660,3378.9450,3405.0350,12400774400,126182669414.0000,1,BaoStock:query_history_k_data_plus:sh.000300:adjustflag=3
2016-12-15,3363.8600,3378.0370,3327.1430,3340.4340,3378.9450,11496066000,121507811540.0000,1,BaoStock:query_history_k_data_plus:sh.000300:adjustflag=3
2016-12-16,3335.3630,3356.2920,3330.4930,3346.0310,3340.4330,9077542200,98112206845.0000,1,BaoStock:query_history_k_data_plus:sh.000300:adjustflag=3
2016-12-19,3342.3450,3344.8580,3324.9990,3328.9830,3346.0300,8164067800,86095693838.0000,1,BaoStock:query_history_k_data_plus:sh.000300:adjustflag=3
2016-12-20,3328.2990,3329.1020,3289.2680,3309.0640,3328.9820,8756959200,88527345889.0000,1,BaoStock:query_history_k_data_plus:sh.000300:adjustflag=3
2016-12-21,3313.7450,3342.4760,3313.7450,3338.5360,3309.0640,10825499500,106205485213.0000,1,BaoStock:query_history_k_data_plus:sh.000300:adjustflag=3
2016-12-22,3335.1220,3340.3630,3322.7190,3335.6720,3338.5360,9227724900,92564877570.0000,1,BaoStock:query_history_k_data_plus:sh.000300:adjustflag=3
2016-12-23,3333.4010,3334.8940,3300.8840,3307.5990,3335.6720,9744471300,99575473231.0000,1,BaoStock:query_history_k_data_plus:sh.000300:adjustflag=3
2016-12-26,3293.2240,3322.4210,3267.0480,3322.4010,3307.5990,8979398200,95493219936.0000,1,BaoStock:query_history_k_data_plus:sh.000300:adjustflag=3
2016-12-27,3319.2060,3330.2320,3315.8320,3316.3850,3322.4000,7548635900,79617133030.0000,1,BaoStock:query_history_k_data_plus:sh.000300:adjustflag=3
2016-12-28,3315.7530,3320.5470,3293.1740,3301.8890,3316.3850,6900043700,71759839566.0000,1,BaoStock:query_history_k_data_plus:sh.000300:adjustflag=3
2016-12-29,3297.0360,3312.1130,3288.0960,3297.7650,3301.8880,7008792300,75972960431.0000,1,BaoStock:query_history_k_data_plus:sh.000300:adjustflag=3
2016-12-30,3302.5990,3313.5500,3295.7510,3310.0810,3297.7640,7174411600,76921368838.0000,1,BaoStock:query_history_k_data_plus:sh.000300:adjustflag=3
2017-01-03,3313.9530,3345.2630,3313.9530,3342.2270,3310.0800,8656789600,87612765768.0000,1,BaoStock:query_history_k_data_plus:sh.000300:adjustflag=3
2017-01-04,3340.5580,3369.5660,3338.1530,3368.3120,3342.2270,9005082700,98014355468.0000,1,BaoStock:query_history_k_data_plus:sh.000300:adjustflag=3
2017-01-05,3368.3400,3373.4120,3361.4620,3367.7890,3368.3110,8833635700,91189339582.0000,1,BaoStock:query_history_k_data_plus:sh.000300:adjustflag=3
2017-01-06,3366.8520,3368.8710,3346.8910,3347.6670,3367.7890,8745911400,91072256748.0000,1,BaoStock:query_history_k_data_plus:sh.000300:adjustflag=3
2017-01-09,3345.7480,3366.2220,3344.3470,3363.9010,3347.6660,8370794200,87916115243.0000,1,BaoStock:query_history_k_data_plus:sh.000300:adjustflag=3
2017-01-10,3361.6390,3370.5050,3354.0880,3358.2710,3363.9010,8381916000,82533965080.0000,1,BaoStock:query_history_k_data_plus:sh.000300:adjustflag=3
2017-01-11,3355.8010,3366.6320,3334.2980,3334.4950,3358.2710,9107143800,86750457122.0000,1,BaoStock:query_history_k_data_plus:sh.000300:adjustflag=3
2017-01-12,3332.6860,3343.1280,3315.9630,3317.6240,3334.4950,8123913500,75031886874.0000,1,BaoStock:query_history_k_data_plus:sh.000300:adjustflag=3
2017-01-13,3317.9620,3338.1740,3309.3740,3319.9120,3317.6240,8418058900,84556101403.0000,1,BaoStock:query_history_k_data_plus:sh.000300:adjustflag=3
2017-01-16,3314.1510,3322.7820,3264.2070,3319.4460,3319.9120,15777913500,153262520121.0000,1,BaoStock:query_history_k_data_plus:sh.000300:adjustflag=3
2017-01-17,3305.6000,3327.3770,3292.2040,3326.3560,3319.4450,6945332800,74754505696.0000,1,BaoStock:query_history_k_data_plus:sh.000300:adjustflag=3
2017-01-18,3323.3390,3350.9620,3320.4060,3339.3650,3326.3560,7062322700,75680677264.0000,1,BaoStock:query_history_k_data_plus:sh.000300:adjustflag=3
2017-01-19,3330.9520,3346.4960,3324.6840,3329.2890,3339.3650,6615980800,63869709163.0000,1,BaoStock:query_history_k_data_plus:sh.000300:adjustflag=3
2017-01-20,3326.9770,3358.4120,3326.3740,3354.8890,3329.2890,6530046200,70831324310.0000,1,BaoStock:query_history_k_data_plus:sh.000300:adjustflag=3
2017-01-23,3359.0540,3378.7390,3355.8470,3364.0810,3354.8890,7555749800,76492660154.0000,1,BaoStock:query_history_k_data_plus:sh.000300:adjustflag=3
2017-01-24,3363.1370,3371.3200,3355.8990,3364.4510,3364.0800,6619422600,66049651289.0000,1,BaoStock:query_history_k_data_plus:sh.000300:adjustflag=3
2017-01-25,3361.6560,3376.4410,3357.2180,3375.9040,3364.4500,5837693100,62483395802.0000,1,BaoStock:query_history_k_data_plus:sh.000300:adjustflag=3
2017-01-26,3378.2610,3395.8850,3378.2610,3387.9610,3375.9040,6531664700,66488818305.0000,1,BaoStock:query_history_k_data_plus:sh.000300:adjustflag=3
2017-02-03,3390.9310,3392.4770,3362.5650,3364.4920,3387.9600,5518886100,57113853255.0000,1,BaoStock:query_history_k_data_plus:sh.000300:adjustflag=3
2017-02-06,3368.1080,3381.3350,3358.7520,3373.2050,3364.4920,6852136000,73408134768.0000,1,BaoStock:query_history_k_data_plus:sh.000300:adjustflag=3
2017-02-07,3371.7700,3376.7100,3354.6250,3365.6850,3373.2050,6375446200,69758178999.0000,1,BaoStock:query_history_k_data_plus:sh.000300:adjustflag=3
2017-02-08,3361.7810,3383.6860,3347.4300,3383.2880,3365.6840,7540287900,82869735773.0000,1,BaoStock:query_history_k_data_plus:sh.000300:adjustflag=3
2017-02-09,3381.8990,3406.5890,3379.7870,3396.2920,3383.2870,9755851500,102134228699.0000,1,BaoStock:query_history_k_data_plus:sh.000300:adjustflag=3
2017-02-10,3398.3170,3422.3260,3398.0300,3413.4870,3396.2920,12376872000,121908580284.0000,1,BaoStock:query_history_k_data_plus:sh.000300:adjustflag=3
2017-02-13,3416.9170,3439.5430,3416.8750,3436.2750,3413.4860,12014453800,125332998844.0000,1,BaoStock:query_history_k_data_plus:sh.000300:adjustflag=3
2017-02-14,3438.5110,3440.6750,3424.4030,3435.8040,3436.2750,9480946500,98537165438.0000,1,BaoStock:query_history_k_data_plus:sh.000300:adjustflag=3
2017-02-15,3435.3880,3448.0320,3417.0810,3421.7130,3435.8040,12764333800,124653179488.0000,1,BaoStock:query_history_k_data_plus:sh.000300:adjustflag=3
2017-02-16,3421.8300,3440.9330,3418.3510,3440.9330,3421.7130,10827696200,101809767504.0000,1,BaoStock:query_history_k_data_plus:sh.000300:adjustflag=3
2017-02-17,3443.6170,3457.5560,3419.6140,3421.4420,3440.9330,11460003600,118033129670.0000,1,BaoStock:query_history_k_data_plus:sh.000300:adjustflag=3
2017-02-20,3421.6430,3472.6040,3421.6430,3471.3930,3421.4410,13262886200,134681505159.0000,1,BaoStock:query_history_k_data_plus:sh.000300:adjustflag=3
2017-02-21,3475.0580,3490.0850,3472.0170,3482.8230,3471.3920,11484200900,120675429543.0000,1,BaoStock:query_history_k_data_plus:sh.000300:adjustflag=3
2017-02-22,3483.2010,3489.9460,3473.5240,3489.7570,3482.8230,10281599400,109232425841.0000,1,BaoStock:query_history_k_data_plus:sh.000300:adjustflag=3
2017-02-23,3487.5740,3492.9620,3460.1180,3473.3230,3489.7560,9953633000,106555922466.0000,1,BaoStock:query_history_k_data_plus:sh.000300:adjustflag=3
2017-02-24,3468.9590,3473.8520,3455.2510,3473.8520,3473.3230,9553513300,99875164759.0000,1,BaoStock:query_history_k_data_plus:sh.000300:adjustflag=3
2017-02-27,3471.1320,3472.8360,3441.3940,3446.2230,3473.8510,9867216000,106830874529.0000,1,BaoStock:query_history_k_data_plus:sh.000300:adjustflag=3
2017-02-28,3445.0270,3460.9090,3441.3590,3452.8100,3446.2220,7521526000,81979307361.0000,1,BaoStock:query_history_k_data_plus:sh.000300:adjustflag=3
2017-03-01,3452.2060,3472.6960,3449.1090,3458.4380,3452.8100,10326035400,109317781348.0000,1,BaoStock:query_history_k_data_plus:sh.000300:adjustflag=3
2017-03-02,3463.4830,3468.4710,3434.0010,3435.0960,3458.4370,8989807700,97876187925.0000,1,BaoStock:query_history_k_data_plus:sh.000300:adjustflag=3
2017-03-03,3424.6630,3428.8820,3412.8310,3427.8630,3435.0960,8099465200,90009618835.0000,1,BaoStock:query_history_k_data_plus:sh.000300:adjustflag=3
2017-03-06,3427.2530,3449.0340,3425.9040,3446.4840,3427.8620,8307088200,95178548496.0000,1,BaoStock:query_history_k_data_plus:sh.000300:adjustflag=3
2017-03-07,3446.1630,3454.0390,3440.0570,3453.9570,3446.4840,8033472000,94483824245.0000,1,BaoStock:query_history_k_data_plus:sh.000300:adjustflag=3
2017-03-08,3452.2010,3457.0350,3441.2580,3448.7310,3453.9560,7958769000,89124904682.0000,1,BaoStock:query_history_k_data_plus:sh.000300:adjustflag=3
2017-03-09,3442.8950,3443.0450,3414.6780,3426.9440,3448.7310,8457038100,90090049490.0000,1,BaoStock:query_history_k_data_plus:sh.000300:adjustflag=3
2017-03-10,3423.9780,3436.2390,3423.9370,3427.8920,3426.9430,7001619900,82161714923.0000,1,BaoStock:query_history_k_data_plus:sh.000300:adjustflag=3
2017-03-13,3425.6720,3458.0980,3412.6880,3458.0980,3427.8910,9168412400,108489140923.0000,1,BaoStock:query_history_k_data_plus:sh.000300:adjustflag=3
2017-03-14,3456.6580,3465.3920,3448.9030,3456.6930,3458.0980,7707796300,95317564129.0000,1,BaoStock:query_history_k_data_plus:sh.000300:adjustflag=3
2017-03-15,3452.2140,3463.9190,3445.2680,3463.6440,3456.6930,7910495400,94056256667.0000,1,BaoStock:query_history_k_data_plus:sh.000300:adjustflag=3
2017-03-16,3472.2690,3492.1270,3472.2690,3481.5070,3463.6430,10633391300,124695573677.0000,1,BaoStock:query_history_k_data_plus:sh.000300:adjustflag=3
2017-03-17,3485.3110,3488.4970,3441.4690,3445.8050,3481.5060,10375556000,122368918550.0000,1,BaoStock:query_history_k_data_plus:sh.000300:adjustflag=3
2017-03-20,3449.0520,3454.0630,3429.8250,3449.6130,3445.8050,8873432200,103769403897.0000,1,BaoStock:query_history_k_data_plus:sh.000300:adjustflag=3
2017-03-21,3449.7700,3466.7030,3445.6420,3466.3470,3449.6120,8770785500,113528201390.0000,1,BaoStock:query_history_k_data_plus:sh.000300:adjustflag=3
2017-03-22,3450.7540,3464.3330,3433.5000,3450.0500,3466.3460,10493589400,123865640377.0000,1,BaoStock:query_history_k_data_plus:sh.000300:adjustflag=3
2017-03-23,3452.4060,3470.8160,3435.6910,3461.9780,3450.0500,9431806200,115813813702.0000,1,BaoStock:query_history_k_data_plus:sh.000300:adjustflag=3
2017-03-24,3464.1970,3499.3180,3461.1110,3489.6000,3461.9780,12564583300,141752526681.0000,1,BaoStock:query_history_k_data_plus:sh.000300:adjustflag=3
2017-03-27,3488.7650,3505.9790,3474.5210,3478.0390,3489.5990,10701537700,124388012134.0000,1,BaoStock:query_history_k_data_plus:sh.000300:adjustflag=3
2017-03-28,3480.2490,3482.2920,3461.4680,3469.8090,3478.0380,8419482000,97495938765.0000,1,BaoStock:query_history_k_data_plus:sh.000300:adjustflag=3
2017-03-29,3472.9670,3483.0570,3455.5530,3465.1930,3469.8090,10485170600,114663468279.0000,1,BaoStock:query_history_k_data_plus:sh.000300:adjustflag=3
2017-03-30,3461.6160,3467.3050,3422.3660,3436.7580,3465.1930,11637692200,122088021630.0000,1,BaoStock:query_history_k_data_plus:sh.000300:adjustflag=3
2017-03-31,3434.8220,3456.3050,3430.8200,3456.0450,3436.7580,9157749100,100984904830.0000,1,BaoStock:query_history_k_data_plus:sh.000300:adjustflag=3
2017-04-05,3476.4230,3504.5380,3475.1490,3503.8930,3456.0450,14339901700,160742981172.0000,1,BaoStock:query_history_k_data_plus:sh.000300:adjustflag=3
2017-04-06,3507.9880,3517.7780,3495.7250,3514.0470,3503.8930,13676700400,145221644165.0000,1,BaoStock:query_history_k_data_plus:sh.000300:adjustflag=3
2017-04-07,3514.4520,3526.8150,3506.3880,3517.4630,3514.0460,14029320400,144559675567.0000,1,BaoStock:query_history_k_data_plus:sh.000300:adjustflag=3
2017-04-10,3519.4600,3522.7950,3502.0830,3505.1390,3517.4630,14188738000,155747834572.0000,1,BaoStock:query_history_k_data_plus:sh.000300:adjustflag=3
2017-04-11,3503.8290,3520.1320,3466.1390,3517.3280,3505.1390,16594583200,189457268655.0000,1,BaoStock:query_history_k_data_plus:sh.000300:adjustflag=3
2017-04-12,3514.5720,3523.0970,3497.9990,3509.4390,3517.3280,18182453700,202154571423.0000,1,BaoStock:query_history_k_data_plus:sh.000300:adjustflag=3
2017-04-13,3500.2840,3518.4380,3496.5700,3514.5660,3509.4380,12998181300,133345929014.0000,1,BaoStock:query_history_k_data_plus:sh.000300:adjustflag=3
2017-04-14,3516.8100,3517.4660,3476.9470,3486.5040,3514.5660,13547407800,130425385379.0000,1,BaoStock:query_history_k_data_plus:sh.000300:adjustflag=3
2017-04-17,3475.7380,3480.5700,3453.6760,3479.9420,3486.5040,11716496100,123884371227.0000,1,BaoStock:query_history_k_data_plus:sh.000300:adjustflag=3
2017-04-18,3474.8890,3489.0840,3462.6300,3462.7430,3479.9410,11092782300,126790853425.0000,1,BaoStock:query_history_k_data_plus:sh.000300:adjustflag=3
2017-04-19,3452.9900,3459.3520,3418.5140,3445.8760,3462.7420,12134926400,127050362407.0000,1,BaoStock:query_history_k_data_plus:sh.000300:adjustflag=3
2017-04-20,3444.5220,3465.6090,3440.7150,3461.5480,3445.8760,11418420800,133977258346.0000,1,BaoStock:query_history_k_data_plus:sh.000300:adjustflag=3
2017-04-21,3461.3890,3475.5620,3449.5420,3466.7870,3461.5480,10441911000,115208831746.0000,1,BaoStock:query_history_k_data_plus:sh.000300:adjustflag=3
2017-04-24,3458.2280,3458.2280,3403.9790,3431.2590,3466.7860,11466079100,122778154321.0000,1,BaoStock:query_history_k_data_plus:sh.000300:adjustflag=3
2017-04-25,3427.7320,3449.6720,3422.6520,3440.9740,3431.2580,9407214800,107599357209.0000,1,BaoStock:query_history_k_data_plus:sh.000300:adjustflag=3
2017-04-26,3440.2530,3466.5650,3439.1500,3445.1830,3440.9740,11194002900,131316579235.0000,1,BaoStock:query_history_k_data_plus:sh.000300:adjustflag=3
2017-04-27,3435.1020,3449.2720,3399.5390,3446.7200,3445.1830,12329842500,134610947828.0000,1,BaoStock:query_history_k_data_plus:sh.000300:adjustflag=3
2017-04-28,3439.5730,3439.9040,3417.2380,3439.7530,3446.7200,10163235100,113761006698.0000,1,BaoStock:query_history_k_data_plus:sh.000300:adjustflag=3
2017-05-02,3427.9170,3436.3060,3418.6650,3426.5770,3439.7530,9279746200,101635858602.0000,1,BaoStock:query_history_k_data_plus:sh.000300:adjustflag=3
2017-05-03,3421.7590,3432.2250,3403.0780,3413.1280,3426.5760,9166962400,97854119098.0000,1,BaoStock:query_history_k_data_plus:sh.000300:adjustflag=3
2017-05-04,3404.9380,3421.3950,3391.2770,3404.3860,3413.1280,10348207500,106985952575.0000,1,BaoStock:query_history_k_data_plus:sh.000300:adjustflag=3
2017-05-05,3393.4830,3395.4530,3366.5570,3382.5500,3404.3860,10989533300,117464939578.0000,1,BaoStock:query_history_k_data_plus:sh.000300:adjustflag=3
2017-05-08,3369.1080,3374.1570,3339.5740,3358.8130,3382.5500,12374928700,126885426472.0000,1,BaoStock:query_history_k_data_plus:sh.000300:adjustflag=3
2017-05-09,3342.5980,3358.0460,3327.5900,3352.5320,3358.8120,7677166800,85528831749.0000,1,BaoStock:query_history_k_data_plus:sh.000300:adjustflag=3
2017-05-10,3350.6500,3369.4350,3336.0030,3337.7010,3352.5320,9208262800,102194980791.0000,1,BaoStock:query_history_k_data_plus:sh.000300:adjustflag=3
2017-05-11,3322.9460,3359.6000,3312.8920,3356.6460,3337.7000,10925289000,111576379054.0000,1,BaoStock:query_history_k_data_plus:sh.000300:adjustflag=3
2017-05-12,3350.9370,3387.2680,3349.1670,3385.3790,3356.6450,9338646600,97522124594.0000,1,BaoStock:query_history_k_data_plus:sh.000300:adjustflag=3
2017-05-15,3391.5880,3406.5810,3391.5880,3399.1940,3385.3780,8297761100,92183332845.0000,1,BaoStock:query_history_k_data_plus:sh.000300:adjustflag=3
2017-05-16,3390.9250,3428.8530,3373.5520,3428.6490,3399.1930,10524241600,112814103201.0000,1,BaoStock:query_history_k_data_plus:sh.000300:adjustflag=3
2017-05-17,3423.1900,3433.9690,3408.1540,3409.9660,3428.6490,9973683700,110553451835.0000,1,BaoStock:query_history_k_data_plus:sh.000300:adjustflag=3
2017-05-18,3387.6660,3409.9320,3383.9350,3398.1130,3409.9650,8575958900,88091166041.0000,1,BaoStock:query_history_k_data_plus:sh.000300:adjustflag=3
2017-05-19,3395.2320,3405.9450,3392.3780,3403.8490,3398.1120,7147352500,78397081602.0000,1,BaoStock:query_history_k_data_plus:sh.000300:adjustflag=3
2017-05-22,3400.5880,3424.1770,3391.1750,3411.2390,3403.8490,9253955900,99021121578.0000,1,BaoStock:query_history_k_data_plus:sh.000300:adjustflag=3
2017-05-23,3405.0250,3434.7660,3401.5340,3424.1940,3411.2380,11691103300,126767856025.0000,1,BaoStock:query_history_k_data_plus:sh.000300:adjustflag=3
2017-05-24,3409.7170,3424.1670,3383.8920,3424.1670,3424.1940,8355316100,92620045548.0000,1,BaoStock:query_history_k_data_plus:sh.000300:adjustflag=3
2017-05-25,3414.3990,3490.4170,3413.2250,3485.6580,3424.1660,13072163100,136634020807.0000,1,BaoStock:query_history_k_data_plus:sh.000300:adjustflag=3
2017-05-26,3479.6210,3498.3150,3473.0400,3480.4350,3485.6580,10324115300,112585907354.0000,1,BaoStock:query_history_k_data_plus:sh.000300:adjustflag=3
2017-05-31,3495.0730,3515.0810,3474.9210,3492.8840,3480.4340,10482974464,115968724992.0000,1,BaoStock:query_history_k_data_plus:sh.000300:adjustflag=3
2017-06-01,3485.2220,3499.8140,3476.4280,3497.7380,3492.8840,10312772352,116088766464.0000,1,BaoStock:query_history_k_data_plus:sh.000300:adjustflag=3
2017-06-02,3491.5890,3498.1180,3470.2010,3486.5070,3497.7380,8266800896,92850745344.0000,1,BaoStock:query_history_k_data_plus:sh.000300:adjustflag=3
2017-06-05,3480.1690,3484.1240,3462.3140,3468.7530,3486.5070,7973815296,85609467904.0000,1,BaoStock:query_history_k_data_plus:sh.000300:adjustflag=3
2017-06-06,3464.3760,3492.8810,3460.4530,3492.8810,3468.7530,6408938752,77868793856.0000,1,BaoStock:query_history_k_data_plus:sh.000300:adjustflag=3
2017-06-07,3493.8840,3537.0940,3491.1320,3533.8710,3492.8810,10441996800,124189290496.0000,1,BaoStock:query_history_k_data_plus:sh.000300:adjustflag=3
2017-06-08,3531.2410,3562.2720,3528.1790,3560.9780,3533.8710,9022490624,112035618816.0000,1,BaoStock:query_history_k_data_plus:sh.000300:adjustflag=3
2017-06-09,3561.2410,3590.8870,3560.6330,3576.1700,3560.9780,10118826496,121700585472.0000,1,BaoStock:query_history_k_data_plus:sh.000300:adjustflag=3
2017-06-12,3570.2190,3603.6900,3565.9010,3574.3890,3576.1700,9038116608,117690802176.0000,1,BaoStock:query_history_k_data_plus:sh.000300:adjustflag=3
2017-06-13,3569.1590,3584.4090,3559.2130,3582.2670,3574.3890,7517713920,94223085568.0000,1,BaoStock:query_history_k_data_plus:sh.000300:adjustflag=3
2017-06-14,3571.2480,3571.2480,3530.2740,3535.2980,3582.2670,8381078272,106105319424.0000,1,BaoStock:query_history_k_data_plus:sh.000300:adjustflag=3
2017-06-15,3530.7460,3542.2790,3508.9460,3528.7920,3535.2980,8263253504,106053902336.0000,1,BaoStock:query_history_k_data_plus:sh.000300:adjustflag=3
2017-06-16,3522.9740,3536.1400,3514.3890,3518.7610,3528.7920,7645270784,91462287360.0000,1,BaoStock:query_history_k_data_plus:sh.000300:adjustflag=3
2017-06-19,3520.0600,3554.9100,3520.0600,3553.6650,3518.7610,7979714048,98572357632.0000,1,BaoStock:query_history_k_data_plus:sh.000300:adjustflag=3
2017-06-20,3560.7870,3563.6960,3539.5140,3546.4940,3553.6650,8050956032,98187595776.0000,1,BaoStock:query_history_k_data_plus:sh.000300:adjustflag=3
2017-06-21,3567.1250,3587.9860,3545.5660,3587.9550,3546.4940,8785982464,117147795456.0000,1,BaoStock:query_history_k_data_plus:sh.000300:adjustflag=3
2017-06-22,3583.5580,3635.5270,3581.3370,3590.3420,3587.9550,13552698624,169418805248.0000,1,BaoStock:query_history_k_data_plus:sh.000300:adjustflag=3
2017-06-23,3583.4350,3623.2350,3569.3220,3622.8830,3590.3420,10512913408,133975113728.0000,1,BaoStock:query_history_k_data_plus:sh.000300:adjustflag=3
2017-06-26,3627.0200,3671.9430,3627.0200,3668.0910,3622.8830,13463799552,170736840704.0000,1,BaoStock:query_history_k_data_plus:sh.000300:adjustflag=3
2017-06-27,3665.5770,3676.5320,3648.7630,3674.7150,3668.0910,9755870208,123057229824.0000,1,BaoStock:query_history_k_data_plus:sh.000300:adjustflag=3
2017-06-28,3664.1620,3672.1880,3644.0260,3646.1660,3674.7150,9792085760,124465946624.0000,1,BaoStock:query_history_k_data_plus:sh.000300:adjustflag=3
2017-06-29,3649.2520,3669.1340,3644.7330,3668.8270,3646.1670,8558949888,111847268352.0000,1,BaoStock:query_history_k_data_plus:sh.000300:adjustflag=3
2017-06-30,3654.7340,3669.7580,3646.2270,3666.7970,3668.8280,8151002880,102459981824.0000,1,BaoStock:query_history_k_data_plus:sh.000300:adjustflag=3
2017-07-03,3667.2310,3667.5950,3633.7820,3650.8460,3666.7980,8882085888,115214688256.0000,1,BaoStock:query_history_k_data_plus:sh.000300:adjustflag=3
2017-07-04,3646.8280,3646.8450,3611.6910,3619.9840,3650.8460,9507141376,125350416384.0000,1,BaoStock:query_history_k_data_plus:sh.000300:adjustflag=3
2017-07-05,3611.8980,3660.7290,3610.4580,3659.6790,3619.9840,8823242496,120351563776.0000,1,BaoStock:query_history_k_data_plus:sh.000300:adjustflag=3
2017-07-06,3654.5570,3666.7740,3629.5600,3660.0960,3659.6790,10237924608,132837126144.0000,1,BaoStock:query_history_k_data_plus:sh.000300:adjustflag=3
2017-07-07,3647.6410,3657.1130,3631.8700,3655.9290,3660.0970,10373549824,123465392128.0000,1,BaoStock:query_history_k_data_plus:sh.000300:adjustflag=3
2017-07-10,3647.9370,3667.8450,3641.5270,3653.6860,3655.9290,12059191040,141034627072.0000,1,BaoStock:query_history_k_data_plus:sh.000300:adjustflag=3
2017-07-11,3646.8780,3701.2080,3645.9940,3670.8080,3653.6870,11876082688,145084362752.0000,1,BaoStock:query_history_k_data_plus:sh.000300:adjustflag=3
2017-07-12,3672.6320,3691.5810,3640.5890,3658.8230,3670.8090,12228779264,143494598656.0000,1,BaoStock:query_history_k_data_plus:sh.000300:adjustflag=3
2017-07-13,3656.3500,3690.4830,3652.5650,3686.9200,3658.8230,12566955008,146388680704.0000,1,BaoStock:query_history_k_data_plus:sh.000300:adjustflag=3
2017-07-14,3682.6150,3703.0940,3672.7420,3703.0940,3686.9200,10551400448,121021448192.0000,1,BaoStock:query_history_k_data_plus:sh.000300:adjustflag=3
2017-07-17,3700.6170,3716.4700,3621.3650,3663.5570,3703.0940,17882160128,196217253888.0000,1,BaoStock:query_history_k_data_plus:sh.000300:adjustflag=3
2017-07-18,3648.4940,3667.5400,3622.0410,3667.1800,3663.5570,12462205696,141472284672.0000,1,BaoStock:query_history_k_data_plus:sh.000300:adjustflag=3
2017-07-19,3660.8660,3731.0460,3658.2030,3729.7460,3667.1800,18247778816,198392451072.0000,1,BaoStock:query_history_k_data_plus:sh.000300:adjustflag=3
2017-07-20,3725.1430,3750.1930,3723.0680,3747.8840,3729.7460,14241004032,169267150848.0000,1,BaoStock:query_history_k_data_plus:sh.000300:adjustflag=3
2017-07-21,3738.1840,3751.6940,3722.0650,3728.5970,3747.8840,11794122496,141432631296.0000,1,BaoStock:query_history_k_data_plus:sh.000300:adjustflag=3
2017-07-24,3724.3770,3755.1900,3719.8480,3743.4680,3728.5970,13486872320,154701873152.0000,1,BaoStock:query_history_k_data_plus:sh.000300:adjustflag=3
2017-07-25,3742.6400,3752.1550,3713.2760,3719.5590,3743.4680,12167205888,133531656192.0000,1,BaoStock:query_history_k_data_plus:sh.000300:adjustflag=3
2017-07-26,3722.8760,3738.5310,3684.1810,3705.3880,3719.5590,13632520960,146518003712.0000,1,BaoStock:query_history_k_data_plus:sh.000300:adjustflag=3
2017-07-27,3700.8550,3716.6880,3672.4970,3712.1940,3705.3880,14500290304,161631223808.0000,1,BaoStock:query_history_k_data_plus:sh.000300:adjustflag=3
2017-07-28,3703.4890,3725.5370,3696.7770,3721.8910,3712.1940,11141139200,125817860096.0000,1,BaoStock:query_history_k_data_plus:sh.000300:adjustflag=3
2017-07-31,3722.4280,3746.5200,3713.6550,3737.8730,3721.8910,14842903808,160890134528.0000,1,BaoStock:query_history_k_data_plus:sh.000300:adjustflag=3
2017-08-01,3738.7360,3770.4040,3737.0950,3770.3820,3737.8730,15254653952,173127577600.0000,1,BaoStock:query_history_k_data_plus:sh.000300:adjustflag=3
2017-08-02,3768.1930,3784.3510,3759.2760,3760.8520,3770.3820,17229338368,189336784896.0000,1,BaoStock:query_history_k_data_plus:sh.000300:adjustflag=3
2017-08-03,3755.1080,3766.3450,3718.4350,3727.8260,3760.8520,14615394304,164710461440.0000,1,BaoStock:query_history_k_data_plus:sh.000300:adjustflag=3
2017-08-04,3724.7220,3738.7310,3707.0030,3707.5790,3727.8260,15747005952,168292663296.0000,1,BaoStock:query_history_k_data_plus:sh.000300:adjustflag=3
2017-08-07,3701.2160,3730.7770,3689.9550,3726.7940,3707.5790,12423152896,134348537856.0000,1,BaoStock:query_history_k_data_plus:sh.000300:adjustflag=3
2017-08-08,3724.3280,3737.3340,3718.8110,3732.2120,3726.7940,13724192768,146481868800.0000,1,BaoStock:query_history_k_data_plus:sh.000300:adjustflag=3
2017-08-09,3728.0310,3738.9990,3713.5660,3731.0440,3732.2120,12467998976,137223598080.0000,1,BaoStock:query_history_k_data_plus:sh.000300:adjustflag=3
2017-08-10,3724.9620,3746.8610,3688.1760,3715.9200,3731.0440,13008512768,148005171200.0000,1,BaoStock:query_history_k_data_plus:sh.000300:adjustflag=3
2017-08-11,3687.9310,3700.4940,3645.0940,3647.3500,3715.9200,15038742016,161083469824.0000,1,BaoStock:query_history_k_data_plus:sh.000300:adjustflag=3
2017-08-14,3651.3750,3698.3660,3651.3750,3694.6830,3647.3500,11530845184,140233895936.0000,1,BaoStock:query_history_k_data_plus:sh.000300:adjustflag=3
2017-08-15,3695.7800,3719.2930,3692.2800,3706.0560,3694.6830,10644485632,124790632448.0000,1,BaoStock:query_history_k_data_plus:sh.000300:adjustflag=3
2017-08-16,3701.1330,3707.1440,3679.7330,3701.4200,3706.0560,10413414144,127282167808.0000,1,BaoStock:query_history_k_data_plus:sh.000300:adjustflag=3
2017-08-17,3707.0660,3722.6230,3704.4120,3721.2770,3701.4200,10865625088,137020002304.0000,1,BaoStock:query_history_k_data_plus:sh.000300:adjustflag=3
2017-08-18,3707.1890,3733.4910,3700.4110,3724.6740,3721.2770,9656170496,123078164480.0000,1,BaoStock:query_history_k_data_plus:sh.000300:adjustflag=3
2017-08-21,3731.8390,3744.2630,3728.6150,3740.9940,3724.6740,10031307264,123911716864.0000,1,BaoStock:query_history_k_data_plus:sh.000300:adjustflag=3
2017-08-22,3745.7540,3758.2920,3734.5550,3752.2980,3740.9940,10029285632,131131076608.0000,1,BaoStock:query_history_k_data_plus:sh.000300:adjustflag=3
2017-08-23,3747.6100,3772.4560,3741.7200,3756.0880,3752.2980,10496157184,124081156096.0000,1,BaoStock:query_history_k_data_plus:sh.000300:adjustflag=3
2017-08-24,3755.8900,3765.7080,3729.0870,3734.6450,3756.0880,8994737152,107736018944.0000,1,BaoStock:query_history_k_data_plus:sh.000300:adjustflag=3
2017-08-25,3736.2910,3795.9690,3736.2910,3795.7540,3734.6450,12994089984,150697082880.0000,1,BaoStock:query_history_k_data_plus:sh.000300:adjustflag=3
2017-08-28,3805.6560,3866.9420,3805.6560,3842.7110,3795.7540,18557632512,236446281728.0000,1,BaoStock:query_history_k_data_plus:sh.000300:adjustflag=3
2017-08-29,3839.1770,3847.9300,3825.7590,3834.5370,3842.7110,12822706944,158978682880.0000,1,BaoStock:query_history_k_data_plus:sh.000300:adjustflag=3
2017-08-30,3834.2680,3854.7060,3827.8600,3834.3000,3834.5370,14135285760,166235123712.0000,1,BaoStock:query_history_k_data_plus:sh.000300:adjustflag=3
2017-08-31,3835.8390,3840.1990,3800.8860,3822.0920,3834.3000,13294493440,157079216128.0000,1,BaoStock:query_history_k_data_plus:sh.000300:adjustflag=3
2017-09-01,3825.3390,3843.6170,3818.1580,3830.5380,3822.0920,15864551168,182770434048.0000,1,BaoStock:query_history_k_data_plus:sh.000300:adjustflag=3
2017-09-04,3828.5440,3847.0900,3813.5530,3845.6160,3830.5380,14956632064,175551070208.0000,1,BaoStock:query_history_k_data_plus:sh.000300:adjustflag=3
2017-09-05,3845.5450,3865.2930,3841.9510,3857.0460,3845.6160,12496415488,145779757056.0000,1,BaoStock:query_history_k_data_plus:sh.000300:adjustflag=3
2017-09-06,3846.7470,3858.2480,3831.3830,3849.4490,3857.0460,13139872256,155883315200.0000,1,BaoStock:query_history_k_data_plus:sh.000300:adjustflag=3
2017-09-07,3851.6880,3858.1610,3828.8350,3829.8710,3849.4490,12388418048,156113395712.0000,1,BaoStock:query_history_k_data_plus:sh.000300:adjustflag=3
2017-09-08,3830.0700,3843.0180,3813.9830,3825.9890,3829.8710,10603650304,134958583808.0000,1,BaoStock:query_history_k_data_plus:sh.000300:adjustflag=3
2017-09-11,3828.3420,3850.7400,3817.5100,3825.6450,3825.9890,12388399616,154793902080.0000,1,BaoStock:query_history_k_data_plus:sh.000300:adjustflag=3
2017-09-12,3832.2420,3849.3880,3822.0030,3837.9340,3825.6450,14419024128,187605311488.0000,1,BaoStock:query_history_k_data_plus:sh.000300:adjustflag=3
2017-09-13,3835.5490,3847.7840,3822.9440,3842.6060,3837.9340,9541078528,126254362624.0000,1,BaoStock:query_history_k_data_plus:sh.000300:adjustflag=3
2017-09-14,3843.5720,3854.4930,3820.0870,3829.9550,3842.6060,11535858432,143111639040.0000,1,BaoStock:query_history_k_data_plus:sh.000300:adjustflag=3
2017-09-15,3826.1440,3843.2970,3818.5230,3831.2960,3829.9550,12242700544,153477214208.0000,1,BaoStock:query_history_k_data_plus:sh.000300:adjustflag=3
2017-09-18,3832.9620,3862.3580,3832.9620,3843.1420,3831.2960,11793440512,152841027584.0000,1,BaoStock:query_history_k_data_plus:sh.000300:adjustflag=3
2017-09-19,3849.8790,3857.3030,3820.2880,3832.1160,3843.1420,11243298816,145528459264.0000,1,BaoStock:query_history_k_data_plus:sh.000300:adjustflag=3
2017-09-20,3830.1540,3850.9420,3827.8850,3842.4350,3832.1160,10112954112,135041884160.0000,1,BaoStock:query_history_k_data_plus:sh.000300:adjustflag=3
2017-09-21,3843.2570,3860.7970,3837.3840,3837.8170,3842.4350,11109819136,144132894720.0000,1,BaoStock:query_history_k_data_plus:sh.000300:adjustflag=3
2017-09-22,3826.4580,3842.2520,3816.8220,3837.7300,3837.8170,10061980160,128360894464.0000,1,BaoStock:query_history_k_data_plus:sh.000300:adjustflag=3
2017-09-25,3829.2190,3835.3890,3811.1190,3817.7910,3837.7300,10394897664,135980240896.0000,1,BaoStock:query_history_k_data_plus:sh.000300:adjustflag=3
2017-09-26,3810.3330,3821.6920,3808.3820,3820.7810,3817.7910,8186940672,101036335104.0000,1,BaoStock:query_history_k_data_plus:sh.000300:adjustflag=3
2017-09-27,3818.9640,3832.5660,3818.8140,3821.2000,3820.7810,8565581056,109299490816.0000,1,BaoStock:query_history_k_data_plus:sh.000300:adjustflag=3
2017-09-28,3821.5900,3827.3300,3813.7530,3822.5380,3821.2000,9354406912,115646337024.0000,1,BaoStock:query_history_k_data_plus:sh.000300:adjustflag=3
2017-09-29,3825.2020,3852.2230,3825.2020,3836.5010,3822.5380,9330602752,116056776704.0000,1,BaoStock:query_history_k_data_plus:sh.000300:adjustflag=3
2017-10-09,3910.1140,3918.8390,3876.0320,3882.2070,3836.5010,13553585152,171941462016.0000,1,BaoStock:query_history_k_data_plus:sh.000300:adjustflag=3
2017-10-10,3883.0030,3900.7410,3855.4660,3889.8630,3882.2070,11253258496,157979738112.0000,1,BaoStock:query_history_k_data_plus:sh.000300:adjustflag=3
2017-10-11,3886.8180,3913.0690,3885.4970,3902.6860,3889.8630,10441815040,144152739840.0000,1,BaoStock:query_history_k_data_plus:sh.000300:adjustflag=3
2017-10-12,3902.0150,3917.4430,3897.5470,3912.9530,3902.6860,9434092032,123147247616.0000,1,BaoStock:query_history_k_data_plus:sh.000300:adjustflag=3
2017-10-13,3912.9750,3927.1740,3908.8880,3921.0010,3912.9530,9014206720,114314854400.0000,1,BaoStock:query_history_k_data_plus:sh.000300:adjustflag=3
2017-10-16,3926.2750,3947.4230,3913.3220,3913.4460,3921.0010,12135503360,150823755776.0000,1,BaoStock:query_history_k_data_plus:sh.000300:adjustflag=3
2017-10-17,3910.7890,3924.6140,3900.4750,3913.0680,3913.4460,8224122624,106708451328.0000,1,BaoStock:query_history_k_data_plus:sh.000300:adjustflag=3
2017-10-18,3914.8150,3944.4100,3914.8150,3944.1620,3913.0680,10096984064,126420381696.0000,1,BaoStock:query_history_k_data_plus:sh.000300:adjustflag=3
2017-10-19,3940.5830,3944.0340,3923.6450,3931.2490,3944.1620,10652725248,133189857280.0000,1,BaoStock:query_history_k_data_plus:sh.000300:adjustflag=3
2017-10-20,3918.5260,3928.9600,3910.1970,3926.8520,3931.2490,7298018048,94529638400.0000,1,BaoStock:query_history_k_data_plus:sh.000300:adjustflag=3
2017-10-23,3930.8910,3936.2720,3920.6560,3930.7980,3926.8520,8148497920,100280909824.0000,1,BaoStock:query_history_k_data_plus:sh.000300:adjustflag=3
2017-10-24,3926.2290,3959.4950,3922.0280,3959.3950,3930.7980,9305815296,120192151552.0000,1,BaoStock:query_history_k_data_plus:sh.000300:adjustflag=3
2017-10-25,3958.1660,3978.0890,3954.0010,3976.9490,3959.3950,8820545792,106820308992.0000,1,BaoStock:query_history_k_data_plus:sh.000300:adjustflag=3
2017-10-26,3980.0470,4013.5980,3973.5530,3993.5750,3976.9490,12989546496,170488619008.0000,1,BaoStock:query_history_k_data_plus:sh.000300:adjustflag=3
2017-10-27,3992.5530,4024.4640,3991.3540,4021.9670,3993.5750,12667284736,152974831616.0000,1,BaoStock:query_history_k_data_plus:sh.000300:adjustflag=3
2017-10-30,4022.1640,4033.3390,3960.2690,4009.7210,4021.9670,15738760192,193489838080.0000,1,BaoStock:query_history_k_data_plus:sh.000300:adjustflag=3
2017-10-31,3995.3930,4009.2820,3983.2560,4006.7170,4009.7210,10917878016,142897205248.0000,1,BaoStock:query_history_k_data_plus:sh.000300:adjustflag=3
2017-11-01,4007.9110,4032.4580,3991.3230,3996.6220,4006.7170,13041737984,166477139968.0000,1,BaoStock:query_history_k_data_plus:sh.000300:adjustflag=3
2017-11-02,3994.0940,3999.2260,3971.3760,3997.1340,3996.6220,12610057984,151981363200.0000,1,BaoStock:query_history_k_data_plus:sh.000300:adjustflag=3
2017-11-03,3992.3490,3999.3370,3963.0260,3992.6970,3997.1340,12940443904,158142058496.0000,1,BaoStock:query_history_k_data_plus:sh.000300:adjustflag=3
2017-11-06,3989.1820,4021.6380,3975.4060,4020.8890,3992.6970,12208115968,158911860736.0000,1,BaoStock:query_history_k_data_plus:sh.000300:adjustflag=3
2017-11-07,4022.4010,4064.2170,4021.3630,4054.2460,4020.8890,15211666432,193990975488.0000,1,BaoStock:query_history_k_data_plus:sh.000300:adjustflag=3
2017-11-08,4051.4930,4089.1450,4040.5770,4048.0050,4054.2460,15082771968,200949739520.0000,1,BaoStock:query_history_k_data_plus:sh.000300:adjustflag=3
2017-11-09,4043.0660,4076.6100,4038.4000,4075.8990,4048.0050,12105633536,159247200256.0000,1,BaoStock:query_history_k_data_plus:sh.000300:adjustflag=3
2017-11-10,4070.2760,4116.7140,4067.6570,4111.9110,4075.8990,14181716480,198869835776.0000,1,BaoStock:query_history_k_data_plus:sh.000300:adjustflag=3
2017-11-13,4115.5500,4137.6450,4115.5500,4128.0730,4111.9110,15144630784,205930795008.0000,1,BaoStock:query_history_k_data_plus:sh.000300:adjustflag=3
2017-11-14,4129.2730,4133.5460,4086.8900,4099.3510,4128.0730,14323693568,199605010432.0000,1,BaoStock:query_history_k_data_plus:sh.000300:adjustflag=3
2017-11-15,4084.2130,4102.8070,4055.7160,4073.6690,4099.3500,12063569664,177753075712.0000,1,BaoStock:query_history_k_data_plus:sh.000300:adjustflag=3
2017-11-16,4063.4940,4107.6170,4062.2730,4105.0120,4073.6690,12138441472,172903882752.0000,1,BaoStock:query_history_k_data_plus:sh.000300:adjustflag=3
2017-11-17,4094.0780,4122.3750,4081.3720,4120.8500,4105.0120,19178412032,253079314432.0000,1,BaoStock:query_history_k_data_plus:sh.000300:adjustflag=3
2017-11-20,4093.7340,4144.5140,4060.9630,4143.8330,4120.8500,13744725760,191589638144.0000,1,BaoStock:query_history_k_data_plus:sh.000300:adjustflag=3
2017-11-21,4131.8480,4220.2630,4129.9780,4217.7010,4143.8330,18035081984,253302198272.0000,1,BaoStock:query_history_k_data_plus:sh.000300:adjustflag=3
2017-11-22,4228.3720,4260.6390,4191.1450,4227.5660,4217.7010,18647700224,254298361856.0000,1,BaoStock:query_history_k_data_plus:sh.000300:adjustflag=3
2017-11-23,4213.3780,4214.1890,4086.9010,4102.3960,4227.5660,17814722816,237536706560.0000,1,BaoStock:query_history_k_data_plus:sh.000300:adjustflag=3
2017-11-24,4089.4720,4116.5940,4057.4890,4104.2030,4102.3960,13085804032,182912192512.0000,1,BaoStock:query_history_k_data_plus:sh.000300:adjustflag=3
2017-11-27,4088.9310,4088.9310,4037.1450,4049.9470,4104.2030,14345526784,183004553216.0000,1,BaoStock:query_history_k_data_plus:sh.000300:adjustflag=3
2017-11-28,4034.2050,4056.4750,4010.2950,4055.8230,4049.9470,10205809408,135539646464.0000,1,BaoStock:query_history_k_data_plus:sh.000300:adjustflag=3
2017-11-29,4061.3540,4069.2410,4004.6870,4053.7520,4055.8230,12455364096,165743341568.0000,1,BaoStock:query_history_k_data_plus:sh.000300:adjustflag=3
2017-11-30,4034.0090,4052.7970,3988.0010,4006.0990,4053.7520,10798334464,145829949440.0000,1,BaoStock:query_history_k_data_plus:sh.000300:adjustflag=3
2017-12-01,4003.5600,4027.1060,3984.3770,3998.1360,4006.0990,9738691328,136010928128.0000,1,BaoStock:query_history_k_data_plus:sh.000300:adjustflag=3
2017-12-04,3989.0460,4032.9850,3982.3180,4018.8570,3998.1360,10264721920,138223054848.0000,1,BaoStock:query_history_k_data_plus:sh.000300:adjustflag=3
2017-12-05,4007.9360,4045.9330,4006.5430,4040.1700,4018.8570,15408707584,196337659904.0000,1,BaoStock:query_history_k_data_plus:sh.000300:adjustflag=3
2017-12-06,4027.1230,4031.7530,3964.8080,4015.8210,4040.1700,10928620544,144114954240.0000,1,BaoStock:query_history_k_data_plus:sh.000300:adjustflag=3
2017-12-07,4003.5820,4017.9460,3955.9930,3971.0560,4015.8210,9025404416,119651201024.0000,1,BaoStock:query_history_k_data_plus:sh.000300:adjustflag=3
2017-12-08,3962.8280,4014.1380,3955.4400,4003.3790,3971.0560,8928286208,124371230720.0000,1,BaoStock:query_history_k_data_plus:sh.000300:adjustflag=3
2017-12-11,4006.8780,4069.4990,4005.2680,4069.4990,4003.3790,9714894592,148476588032.0000,1,BaoStock:query_history_k_data_plus:sh.000300:adjustflag=3
2017-12-12,4068.5050,4070.1500,4015.4540,4016.0160,4069.4990,8433871872,123515183104.0000,1,BaoStock:query_history_k_data_plus:sh.000300:adjustflag=3
2017-12-13,4013.8310,4052.6870,4004.7430,4050.0920,4016.0160,7754612992,115006382080.0000,1,BaoStock:query_history_k_data_plus:sh.000300:adjustflag=3
2017-12-14,4050.9020,4057.6240,4013.8540,4026.1510,4050.0920,8076886272,115086946304.0000,1,BaoStock:query_history_k_data_plus:sh.000300:adjustflag=3
2017-12-15,4018.7310,4020.2660,3974.9270,3980.8550,4026.1510,8904438784,118474145792.0000,1,BaoStock:query_history_k_data_plus:sh.000300:adjustflag=3
2017-12-18,3983.2960,4008.0680,3967.9340,3985.2910,3980.8550,7785337600,111724351488.0000,1,BaoStock:query_history_k_data_plus:sh.000300:adjustflag=3
2017-12-19,3985.8230,4035.6290,3985.8230,4035.3290,3985.2910,7752898560,115998203904.0000,1,BaoStock:query_history_k_data_plus:sh.000300:adjustflag=3
2017-12-20,4036.0190,4044.8480,4015.6280,4030.4890,4035.3290,9060450304,126812876800.0000,1,BaoStock:query_history_k_data_plus:sh.000300:adjustflag=3
2017-12-21,4023.0760,4080.7810,4014.6520,4067.8480,4030.4890,9683608832,137819521024.0000,1,BaoStock:query_history_k_data_plus:sh.000300:adjustflag=3
2017-12-22,4064.9130,4076.8020,4048.4910,4054.5980,4067.8480,7347368448,104426496000.0000,1,BaoStock:query_history_k_data_plus:sh.000300:adjustflag=3
2017-12-25,4057.4170,4086.9340,4026.4490,4041.5400,4054.5980,9192696320,129938837504.0000,1,BaoStock:query_history_k_data_plus:sh.000300:adjustflag=3
2017-12-26,4040.6170,4056.8550,4015.2990,4053.6220,4041.5400,9111878912,119725101056.0000,1,BaoStock:query_history_k_data_plus:sh.000300:adjustflag=3
2017-12-27,4045.2790,4047.7360,3986.7380,3991.2070,4053.6220,10515357696,140516909056.0000,1,BaoStock:query_history_k_data_plus:sh.000300:adjustflag=3
2017-12-28,3992.9970,4036.6970,3980.2350,4018.8970,3991.2070,11854288640,153636696064.0000,1,BaoStock:query_history_k_data_plus:sh.000300:adjustflag=3
2017-12-29,4022.8820,4043.1400,4012.8740,4030.8540,4018.8970,9048668416,121257037824.0000,1,BaoStock:query_history_k_data_plus:sh.000300:adjustflag=3
2018-01-02,4045.2080,4087.7780,4045.2080,4087.4010,4030.8540,14693543424,178402033664.0000,1,BaoStock:query_history_k_data_plus:sh.000300:adjustflag=3
2018-01-03,4091.4600,4140.0540,4088.7300,4111.3920,4087.4010,15185221888,205726887936.0000,1,BaoStock:query_history_k_data_plus:sh.000300:adjustflag=3
2018-01-04,4114.1210,4137.6420,4105.8850,4128.8110,4111.3920,13454379520,174523555840.0000,1,BaoStock:query_history_k_data_plus:sh.000300:adjustflag=3
2018-01-05,4133.3430,4151.2810,4123.2810,4138.7500,4128.8110,14900987136,185206292480.0000,1,BaoStock:query_history_k_data_plus:sh.000300:adjustflag=3
2018-01-08,4140.8540,4166.3180,4127.3080,4160.1590,4138.7500,17387766528,226403872768.0000,1,BaoStock:query_history_k_data_plus:sh.000300:adjustflag=3
2018-01-09,4157.5390,4191.2840,4153.5020,4189.2970,4160.1590,13903429376,181975080960.0000,1,BaoStock:query_history_k_data_plus:sh.000300:adjustflag=3
2018-01-10,4187.2040,4211.0540,4175.1350,4207.8130,4189.2970,15112166656,194850254848.0000,1,BaoStock:query_history_k_data_plus:sh.000300:adjustflag=3
2018-01-11,4197.1130,4211.7990,4181.9570,4205.5860,4207.8130,12157853952,170407305216.0000,1,BaoStock:query_history_k_data_plus:sh.000300:adjustflag=3
2018-01-12,4205.1440,4227.3920,4199.0250,4225.0010,4205.5860,11135479296,157606211584.0000,1,BaoStock:query_history_k_data_plus:sh.000300:adjustflag=3
2018-01-15,4229.8350,4262.9310,4216.3580,4225.2390,4225.0010,17090789632,234986586112.0000,1,BaoStock:query_history_k_data_plus:sh.000300:adjustflag=3
2018-01-16,4215.6240,4260.2110,4213.1270,4258.4730,4225.2390,16149496320,228271226880.0000,1,BaoStock:query_history_k_data_plus:sh.000300:adjustflag=3
2018-01-17,4261.7830,4283.3440,4230.5360,4248.1160,4258.4730,21431103232,284554358784.0000,1,BaoStock:query_history_k_data_plus:sh.000300:adjustflag=3
2018-01-18,4259.3750,4292.6370,4246.6840,4271.4160,4248.1160,17203284736,225289687040.0000,1,BaoStock:query_history_k_data_plus:sh.000300:adjustflag=3
2018-01-19,4281.9370,4316.5710,4269.6160,4285.3950,4271.4160,20949057024,258554724352.0000,1,BaoStock:query_history_k_data_plus:sh.000300:adjustflag=3
2018-01-22,4276.4810,4338.4830,4275.8970,4336.5970,4285.3950,17464319488,233960222720.0000,1,BaoStock:query_history_k_data_plus:sh.000300:adjustflag=3
2018-01-23,4346.8880,4383.5720,4346.7920,4382.6120,4336.5970,20186758400,257113358336.0000,1,BaoStock:query_history_k_data_plus:sh.000300:adjustflag=3
2018-01-24,4389.4540,4397.8190,4349.0860,4389.8850,4382.6120,21981889024,284470808576.0000,1,BaoStock:query_history_k_data_plus:sh.000300:adjustflag=3
2018-01-25,4381.9760,4392.1960,4336.2380,4365.0790,4389.8850,19537495040,250308091904.0000,1,BaoStock:query_history_k_data_plus:sh.000300:adjustflag=3
2018-01-26,4352.2210,4403.3370,4351.4870,4381.2990,4365.0790,17722723584,223331307520.0000,1,BaoStock:query_history_k_data_plus:sh.000300:adjustflag=3
2018-01-29,4387.0570,4395.9050,4287.1120,4302.0180,4381.2990,19110035456,256176324608.0000,1,BaoStock:query_history_k_data_plus:sh.000300:adjustflag=3
2018-01-30,4286.6830,4308.5110,4251.5700,4256.1020,4302.0180,13903472896,186650566656.0000,1,BaoStock:query_history_k_data_plus:sh.000300:adjustflag=3
2018-01-31,4234.1100,4287.8570,4232.7720,4275.8980,4256.1020,14521016320,194401800192.0000,1,BaoStock:query_history_k_data_plus:sh.000300:adjustflag=3
2018-02-01,4276.3420,4287.3880,4214.2900,4245.8970,4275.8980,19000293376,239230300160.0000,1,BaoStock:query_history_k_data_plus:sh.000300:adjustflag=3
2018-02-02,4213.9380,4271.7640,4181.7790,4271.2320,4245.8970,14606682624,191169867776.0000,1,BaoStock:query_history_k_data_plus:sh.000300:adjustflag=3
2018-02-05,4204.4580,4274.1460,4200.1400,4274.1460,4271.2320,16134779904,217360146432.0000,1,BaoStock:query_history_k_data_plus:sh.000300:adjustflag=3
2018-02-06,4182.3250,4211.5230,4131.5560,4148.8850,4274.1460,21491045120,279415083008.0000,1,BaoStock:query_history_k_data_plus:sh.000300:adjustflag=3
2018-02-07,4205.7360,4212.5670,4048.4220,4050.4970,4148.8850,20312749312,261507026944.0000,1,BaoStock:query_history_k_data_plus:sh.000300:adjustflag=3
2018-02-08,4022.8800,4071.6650,3974.6770,4012.0470,4050.4970,15926998528,199061770240.0000,1,BaoStock:query_history_k_data_plus:sh.000300:adjustflag=3
2018-02-09,3896.1690,3911.2910,3759.1460,3840.6520,4012.0470,20634982912,246774829056.0000,1,BaoStock:query_history_k_data_plus:sh.000300:adjustflag=3
2018-02-12,3846.2670,3907.8430,3828.0690,3890.1040,3840.6520,11618263808,149858041856.0000,1,BaoStock:query_history_k_data_plus:sh.000300:adjustflag=3
2018-02-13,3925.5950,3986.9800,3925.5950,3935.6320,3890.1040,11256588544,144479354880.0000,1,BaoStock:query_history_k_data_plus:sh.000300:adjustflag=3
2018-02-14,3945.0940,3971.4040,3923.1260,3966.9610,3935.6320,7108133888,93110202368.0000,1,BaoStock:query_history_k_data_plus:sh.000300:adjustflag=3
2018-02-22,4020.9730,4058.7870,4009.9200,4052.7330,3966.9610,10581157120,138334363648.0000,1,BaoStock:query_history_k_data_plus:sh.000300:adjustflag=3
2018-02-23,4061.7540,4085.2000,4035.2310,4071.0880,4052.7330,9945874688,128195833856.0000,1,BaoStock:query_history_k_data_plus:sh.000300:adjustflag=3
2018-02-26,4093.3980,4128.7430,4048.9830,4118.4180,4071.0880,13788100096,179013095424.0000,1,BaoStock:query_history_k_data_plus:sh.000300:adjustflag=3
2018-02-27,4120.8710,4120.8710,4051.8050,4058.9800,4118.4180,12593446912,169684901888.0000,1,BaoStock:query_history_k_data_plus:sh.000300:adjustflag=3
2018-02-28,4016.7910,4051.7120,3991.7060,4023.6410,4058.9800,10934359296,152493907968.0000,1,BaoStock:query_history_k_data_plus:sh.000300:adjustflag=3
2018-03-01,3994.8680,4061.0320,3986.8940,4049.0860,4023.6410,11019985152,146003456000.0000,1,BaoStock:query_history_k_data_plus:sh.000300:adjustflag=3
2018-03-02,4014.9510,4044.4180,4006.9430,4016.4610,4049.0860,9616499968,130931179520.0000,1,BaoStock:query_history_k_data_plus:sh.000300:adjustflag=3
2018-03-05,4021.6570,4042.8340,3995.8710,4018.0970,4016.4610,8795254784,118197858304.0000,1,BaoStock:query_history_k_data_plus:sh.000300:adjustflag=3
2018-03-06,4034.9850,4067.5520,3998.9310,4066.5640,4018.0970,13876244480,171370655744.0000,1,BaoStock:query_history_k_data_plus:sh.000300:adjustflag=3
2018-03-07,4063.5020,4089.6960,4027.9360,4036.6530,4066.5640,10695242496,136572305408.0000,1,BaoStock:query_history_k_data_plus:sh.000300:adjustflag=3
2018-03-08,4038.9520,4078.2260,4029.7140,4077.6000,4036.6530,9115580928,123634638848.0000,1,BaoStock:query_history_k_data_plus:sh.000300:adjustflag=3
2018-03-09,4088.0700,4110.6730,4076.4530,4108.8650,4077.6000,11370180864,150024118272.0000,1,BaoStock:query_history_k_data_plus:sh.000300:adjustflag=3
2018-03-12,4130.7080,4139.5250,4112.7650,4127.6660,4108.8650,14090673920,190367592448.0000,1,BaoStock:query_history_k_data_plus:sh.000300:adjustflag=3
2018-03-13,4124.3310,4130.2820,4087.5620,4091.2530,4127.6660,11176643072,141174161408.0000,1,BaoStock:query_history_k_data_plus:sh.000300:adjustflag=3
2018-03-14,4076.0620,4089.0940,4066.4890,4073.3440,4091.2530,9901340928,131537960960.0000,1,BaoStock:query_history_k_data_plus:sh.000300:adjustflag=3
2018-03-15,4058.7050,4098.9890,4058.7050,4096.1620,4073.3440,8816115712,126882451456.0000,1,BaoStock:query_history_k_data_plus:sh.000300:adjustflag=3
2018-03-16,4096.8850,4110.0450,4055.8220,4056.4220,4096.1620,8489618688,122125340672.0000,1,BaoStock:query_history_k_data_plus:sh.000300:adjustflag=3
2018-03-19,4054.6160,4074.5180,4033.5210,4074.2470,4056.4220,8150288128,118183817216.0000,1,BaoStock:query_history_k_data_plus:sh.000300:adjustflag=3
2018-03-20,4045.7420,4080.1920,4040.3080,4077.7040,4074.2470,8060528128,111980232704.0000,1,BaoStock:query_history_k_data_plus:sh.000300:adjustflag=3
2018-03-21,4097.0240,4110.1150,4046.2400,4061.0500,4077.7040,9760948736,139330412544.0000,1,BaoStock:query_history_k_data_plus:sh.000300:adjustflag=3
2018-03-22,4062.0660,4072.3770,4003.7210,4020.3490,4061.0500,8909526016,127664336896.0000,1,BaoStock:query_history_k_data_plus:sh.000300:adjustflag=3
2018-03-23,3896.7350,3928.5110,3834.9370,3904.9350,4020.3490,18008044800,218905030656.0000,1,BaoStock:query_history_k_data_plus:sh.000300:adjustflag=3
2018-03-26,3862.6940,3883.9010,3829.9150,3879.8930,3904.9350,11513912832,156604526592.0000,1,BaoStock:query_history_k_data_plus:sh.000300:adjustflag=3
2018-03-27,3927.4920,3936.7780,3881.8720,3913.2680,3879.8930,11370071040,162291548160.0000,1,BaoStock:query_history_k_data_plus:sh.000300:adjustflag=3
2018-03-28,3865.0450,3907.2810,3835.8820,3842.7150,3913.2680,10149490688,155848949760.0000,1,BaoStock:query_history_k_data_plus:sh.000300:adjustflag=3
2018-03-29,3854.5910,3913.9570,3794.2610,3894.0490,3842.7150,11662906624,164996784128.0000,1,BaoStock:query_history_k_data_plus:sh.000300:adjustflag=3
2018-03-30,3893.7460,3915.3470,3879.2120,3898.4970,3894.0490,9751227136,137959280640.0000,1,BaoStock:query_history_k_data_plus:sh.000300:adjustflag=3
2018-04-02,3897.0050,3937.0180,3882.8850,3886.9180,3898.4970,11124266496,159356080128.0000,1,BaoStock:query_history_k_data_plus:sh.000300:adjustflag=3
2018-04-03,3850.1540,3878.1500,3839.9330,3862.4790,3886.9180,9513736960,132049936384.0000,1,BaoStock:query_history_k_data_plus:sh.000300:adjustflag=3
2018-04-04,3873.6260,3898.6120,3852.4950,3854.8620,3862.4790,8873060864,131593068544.0000,1,BaoStock:query_history_k_data_plus:sh.000300:adjustflag=3
2018-04-09,3851.9540,3870.6730,3827.4130,3852.9290,3854.8620,8410546176,118167273472.0000,1,BaoStock:query_history_k_data_plus:sh.000300:adjustflag=3
2018-04-10,3860.7220,3927.4240,3851.7950,3927.1720,3852.9290,10617372160,137941299200.0000,1,BaoStock:query_history_k_data_plus:sh.000300:adjustflag=3
2018-04-11,3934.1690,3958.7070,3924.9600,3938.3430,3927.1720,11193302016,139989291008.0000,1,BaoStock:query_history_k_data_plus:sh.000300:adjustflag=3
2018-04-12,3935.6730,3937.7830,3896.1780,3898.6350,3938.3430,8269948928,108075565056.0000,1,BaoStock:query_history_k_data_plus:sh.000300:adjustflag=3
2018-04-13,3920.7370,3929.9520,3866.1860,3871.1440,3898.6350,7154420224,98921828352.0000,1,BaoStock:query_history_k_data_plus:sh.000300:adjustflag=3
2018-04-16,3862.4730,3869.1560,3789.6120,3808.8630,3871.1440,9921776896,131566866432.0000,1,BaoStock:query_history_k_data_plus:sh.000300:adjustflag=3
2018-04-17,3812.8740,3822.6260,3745.4440,3748.6410,3808.8630,9061079040,126518751232.0000,1,BaoStock:query_history_k_data_plus:sh.000300:adjustflag=3
2018-04-18,3785.3050,3789.6590,3708.1060,3766.2820,3748.6410,10667670528,143077675008.0000,1,BaoStock:query_history_k_data_plus:sh.000300:adjustflag=3
2018-04-19,3774.7840,3824.0320,3767.7970,3811.8430,3766.2820,9905405952,127520120832.0000,1,BaoStock:query_history_k_data_plus:sh.000300:adjustflag=3
2018-04-20,3801.2070,3815.4440,3750.1030,3760.8540,3811.8430,9928292608,123550662656.0000,1,BaoStock:query_history_k_data_plus:sh.000300:adjustflag=3
2018-04-23,3754.6890,3787.3950,3735.1840,3766.3250,3760.8540,9035629056,111763030016.0000,1,BaoStock:query_history_k_data_plus:sh.000300:adjustflag=3
2018-04-24,3769.8780,3854.4290,3769.8780,3843.4880,3766.3250,11421952512,145700511744.0000,1,BaoStock:query_history_k_data_plus:sh.000300:adjustflag=3
2018-04-25,3824.5920,3838.6920,3817.0320,3828.7010,3843.4880,7817261312,105750450176.0000,1,BaoStock:query_history_k_data_plus:sh.000300:adjustflag=3
2018-04-26,3823.3920,3828.7120,3744.8850,3755.4940,3828.7010,8715064064,125772304384.0000,1,BaoStock:query_history_k_data_plus:sh.000300:adjustflag=3
2018-04-27,3771.0360,3776.9750,3714.6440,3756.8760,3755.4940,8953172736,142113628160.0000,1,BaoStock:query_history_k_data_plus:sh.000300:adjustflag=3
2018-05-02,3769.9250,3787.3020,3744.5470,3763.6460,3756.8760,8330103552,120083484672.0000,1,BaoStock:query_history_k_data_plus:sh.000300:adjustflag=3
2018-05-03,3756.1650,3797.5260,3732.3710,3793.0000,3763.6460,9396111872,122740170752.0000,1,BaoStock:query_history_k_data_plus:sh.000300:adjustflag=3
2018-05-04,3784.3160,3801.5240,3770.9380,3774.5980,3793.0000,7155428864,98315255808.0000,1,BaoStock:query_history_k_data_plus:sh.000300:adjustflag=3
2018-05-07,3782.5400,3834.5870,3776.0290,3834.1870,3774.5980,8728619520,126354800640.0000,1,BaoStock:query_history_k_data_plus:sh.000300:adjustflag=3
2018-05-08,3834.6140,3892.0730,3833.7290,3878.6760,3834.1870,9421515776,135445864448.0000,1,BaoStock:query_history_k_data_plus:sh.000300:adjustflag=3
2018-05-09,3876.1290,3878.9380,3855.7390,3871.6150,3878.6760,6671296512,92322897920.0000,1,BaoStock:query_history_k_data_plus:sh.000300:adjustflag=3
2018-05-10,3882.8350,3894.4900,3867.3080,3893.0560,3871.6150,7066780928,103255142400.0000,1,BaoStock:query_history_k_data_plus:sh.000300:adjustflag=3
2018-05-11,3902.1480,3903.3370,3871.9520,3872.8380,3893.0560,7335660288,107715457024.0000,1,BaoStock:query_history_k_data_plus:sh.000300:adjustflag=3
2018-05-14,3886.8730,3919.2990,3886.8730,3909.2930,3872.8380,8197600000,122520047616.0000,1,BaoStock:query_history_k_data_plus:sh.000300:adjustflag=3
2018-05-15,3920.1390,3924.3420,3892.9190,3924.0970,3909.2930,7604955392,106091905024.0000,1,BaoStock:query_history_k_data_plus:sh.000300:adjustflag=3
2018-05-16,3909.8180,3923.3430,3889.1870,3892.8440,3924.0970,7191364608,106533928960.0000,1,BaoStock:query_history_k_data_plus:sh.000300:adjustflag=3
2018-05-17,3895.4890,3899.5130,3858.8520,3864.0500,3892.8440,5903012352,87104163840.0000,1,BaoStock:query_history_k_data_plus:sh.000300:adjustflag=3
2018-05-18,3860.1640,3903.0630,3841.8960,3903.0630,3864.0500,7261395712,96823853056.0000,1,BaoStock:query_history_k_data_plus:sh.000300:adjustflag=3
2018-05-21,3925.5390,3937.4600,3913.6040,3921.2420,3903.0630,9264173824,120528728064.0000,1,BaoStock:query_history_k_data_plus:sh.000300:adjustflag=3
2018-05-22,3918.8150,3918.8150,3881.1690,3906.2080,3921.2420,7536877824,102883344384.0000,1,BaoStock:query_history_k_data_plus:sh.000300:adjustflag=3
2018-05-23,3898.2680,3898.2680,3854.5820,3854.5820,3906.2080,8372231936,110684504064.0000,1,BaoStock:query_history_k_data_plus:sh.000300:adjustflag=3
2018-05-24,3853.2910,3859.1030,3823.9230,3827.2170,3854.5820,6834502144,93408219136.0000,1,BaoStock:query_history_k_data_plus:sh.000300:adjustflag=3
2018-05-25,3823.7440,3841.1240,3804.1340,3816.4980,3827.2170,7083638528,95667544064.0000,1,BaoStock:query_history_k_data_plus:sh.000300:adjustflag=3
2018-05-28,3816.2640,3846.5520,3799.3200,3833.2590,3816.4980,7152113152,100001640448.0000,1,BaoStock:query_history_k_data_plus:sh.000300:adjustflag=3
2018-05-29,3824.1900,3841.7790,3800.6740,3804.0090,3833.2590,8155266304,117288579072.0000,1,BaoStock:query_history_k_data_plus:sh.000300:adjustflag=3
2018-05-30,3755.1760,3767.8870,3722.0710,3723.3720,3804.0090,8791328512,115858976768.0000,1,BaoStock:query_history_k_data_plus:sh.000300:adjustflag=3
2018-05-31,3749.2950,3804.7910,3742.5280,3802.3750,3723.3720,9266689536,130545422336.0000,1,BaoStock:query_history_k_data_plus:sh.000300:adjustflag=3
2018-06-01,3789.6710,3802.5360,3753.8390,3770.5890,3802.3750,7782181376,105934864384.0000,1,BaoStock:query_history_k_data_plus:sh.000300:adjustflag=3
2018-06-04,3785.1860,3813.4060,3776.6180,3807.5780,3770.5890,7662434048,115146469376.0000,1,BaoStock:query_history_k_data_plus:sh.000300:adjustflag=3
2018-06-05,3811.2850,3845.5640,3800.9250,3845.3160,3807.5780,7868736000,121261465600.0000,1,BaoStock:query_history_k_data_plus:sh.000300:adjustflag=3
2018-06-06,3839.6830,3848.3290,3830.8950,3837.3510,3845.3160,7311723776,107142041600.0000,1,BaoStock:query_history_k_data_plus:sh.000300:adjustflag=3
2018-06-07,3846.9360,3859.8470,3827.6870,3831.0120,3837.3510,8025614592,112365711360.0000,1,BaoStock:query_history_k_data_plus:sh.000300:adjustflag=3
2018-06-08,3819.4470,3819.4600,3759.2710,3779.6150,3831.0120,8333733632,107818799104.0000,1,BaoStock:query_history_k_data_plus:sh.000300:adjustflag=3
2018-06-11,3770.2080,3792.5480,3756.5140,3779.9810,3779.6150,6870983424,105597923328.0000,1,BaoStock:query_history_k_data_plus:sh.000300:adjustflag=3
2018-06-12,3783.1850,3830.4710,3765.2640,3825.9530,3779.9810,7320624384,116217139200.0000,1,BaoStock:query_history_k_data_plus:sh.000300:adjustflag=3
2018-06-13,3814.6170,3817.4520,3782.0720,3788.3390,3825.9530,6637797120,97185497088.0000,1,BaoStock:query_history_k_data_plus:sh.000300:adjustflag=3
2018-06-14,3774.6390,3808.1610,3759.2480,3773.3650,3788.3390,6847132160,99234013184.0000,1,BaoStock:query_history_k_data_plus:sh.000300:adjustflag=3
2018-06-15,3763.0400,3780.3360,3737.4280,3753.4330,3773.3650,8548889344,109534900224.0000,1,BaoStock:query_history_k_data_plus:sh.000300:adjustflag=3
2018-06-19,3702.6680,3712.8160,3583.0200,3621.1160,3753.4330,16070654208,193848799232.0000,1,BaoStock:query_history_k_data_plus:sh.000300:adjustflag=3
2018-06-20,3602.5510,3649.3350,3578.1740,3635.4430,3621.1160,8671809792,112804814848.0000,1,BaoStock:query_history_k_data_plus:sh.000300:adjustflag=3
2018-06-21,3633.5550,3673.5620,3589.4890,3592.9650,3635.4430,9390855168,115584147456.0000,1,BaoStock:query_history_k_data_plus:sh.000300:adjustflag=3
2018-06-22,3567.8930,3609.0750,3542.4560,3608.9040,3592.9650,7511786496,89687281664.0000,1,BaoStock:query_history_k_data_plus:sh.000300:adjustflag=3
2018-06-25,3625.7980,3631.0250,3559.0340,3560.4770,3608.9040,7987707904,106690347008.0000,1,BaoStock:query_history_k_data_plus:sh.000300:adjustflag=3
2018-06-26,3521.5870,3541.7820,3478.2130,3531.1110,3560.4770,8498526976,108132167680.0000,1,BaoStock:query_history_k_data_plus:sh.000300:adjustflag=3
2018-06-27,3525.1320,3537.6560,3441.7850,3459.2620,3531.1110,8149181696,107628896256.0000,1,BaoStock:query_history_k_data_plus:sh.000300:adjustflag=3
2018-06-28,3434.9440,3477.0560,3416.9470,3423.5250,3459.2620,7591805184,98570526720.0000,1,BaoStock:query_history_k_data_plus:sh.000300:adjustflag=3
2018-06-29,3431.9610,3512.3830,3425.2150,3510.9840,3423.5250,7725703168,97616367616.0000,1,BaoStock:query_history_k_data_plus:sh.000300:adjustflag=3
2018-07-02,3504.4570,3506.8990,3383.5000,3407.9630,3510.9840,8435144960,107601539072.0000,1,BaoStock:query_history_k_data_plus:sh.000300:adjustflag=3
2018-07-03,3410.4760,3422.0390,3319.2880,3409.2800,3407.9630,9527869184,129898020864.0000,1,BaoStock:query_history_k_data_plus:sh.000300:adjustflag=3
2018-07-04,3398.7780,3418.3310,3359.0860,3363.7470,3409.2800,7515799808,93648560128.0000,1,BaoStock:query_history_k_data_plus:sh.000300:adjustflag=3
2018-07-05,3365.5540,3398.4850,3330.7110,3342.4370,3363.7470,8158798080,97544617984.0000,1,BaoStock:query_history_k_data_plus:sh.000300:adjustflag=3
2018-07-06,3347.0620,3396.2450,3295.7290,3365.1220,3342.4370,8609757952,109481943040.0000,1,BaoStock:query_history_k_data_plus:sh.000300:adjustflag=3
2018-07-09,3378.9050,3459.3150,3378.9050,3459.1830,3365.1220,7660154624,100918861824.0000,1,BaoStock:query_history_k_data_plus:sh.000300:adjustflag=3
2018-07-10,3464.9060,3474.1390,3437.2700,3467.5150,3459.1830,6954882304,90127446016.0000,1,BaoStock:query_history_k_data_plus:sh.000300:adjustflag=3
2018-07-11,3398.9260,3427.5700,3375.1440,3407.5290,3467.5150,7204094976,89661505536.0000,1,BaoStock:query_history_k_data_plus:sh.000300:adjustflag=3
2018-07-12,3403.3300,3499.0970,3403.3300,3481.0550,3407.5290,9635356416,117805514752.0000,1,BaoStock:query_history_k_data_plus:sh.000300:adjustflag=3
2018-07-13,3488.4960,3499.7640,3474.9120,3492.6890,3481.0550,7295589632,99800186880.0000,1,BaoStock:query_history_k_data_plus:sh.000300:adjustflag=3
2018-07-16,3488.9670,3506.2350,3459.7310,3472.0850,3492.6890,6828199936,90754289664.0000,1,BaoStock:query_history_k_data_plus:sh.000300:adjustflag=3
2018-07-17,3466.4230,3467.1850,3420.9710,3449.3770,3472.0850,6198307584,85720563712.0000,1,BaoStock:query_history_k_data_plus:sh.000300:adjustflag=3
2018-07-18,3456.6060,3479.2630,3430.1560,3431.3220,3449.3770,6653032960,88556871680.0000,1,BaoStock:query_history_k_data_plus:sh.000300:adjustflag=3
2018-07-19,3444.8030,3466.5050,3417.9620,3428.3430,3431.3220,6847771648,88804909056.0000,1,BaoStock:query_history_k_data_plus:sh.000300:adjustflag=3
2018-07-20,3426.4550,3505.9280,3398.9530,3492.8930,3428.3430,10198472704,122196955136.0000,1,BaoStock:query_history_k_data_plus:sh.000300:adjustflag=3
2018-07-23,3471.8550,3527.5330,3464.6470,3525.7500,3492.8930,11903662592,143960932352.0000,1,BaoStock:query_history_k_data_plus:sh.000300:adjustflag=3
2018-07-24,3530.6640,3596.5120,3530.6640,3581.7050,3525.7500,15691243520,177448955904.0000,1,BaoStock:query_history_k_data_plus:sh.000300:adjustflag=3
2018-07-25,3589.5050,3589.9840,3566.3140,3577.7520,3581.7050,9675849984,112176693248.0000,1,BaoStock:query_history_k_data_plus:sh.000300:adjustflag=3
2018-07-26,3583.3170,3593.9220,3528.6440,3536.2450,3577.7520,9034964224,105577283584.0000,1,BaoStock:query_history_k_data_plus:sh.000300:adjustflag=3
2018-07-27,3533.7710,3545.4050,3512.7030,3521.2260,3536.2450,7017810432,81192173568.0000,1,BaoStock:query_history_k_data_plus:sh.000300:adjustflag=3
2018-07-30,3520.8530,3550.9020,3489.5490,3515.0790,3521.2260,8211699456,96183099392.0000,1,BaoStock:query_history_k_data_plus:sh.000300:adjustflag=3
2018-07-31,3510.4740,3528.1540,3493.1540,3517.6560,3515.0790,6798081792,80022151168.0000,1,BaoStock:query_history_k_data_plus:sh.000300:adjustflag=3
2018-08-01,3530.0290,3543.6060,3446.7760,3447.3880,3517.6560,9034861824,107477213184.0000,1,BaoStock:query_history_k_data_plus:sh.000300:adjustflag=3
2018-08-02,3434.3510,3434.3510,3322.0960,3370.9570,3447.3880,10130872832,122401284096.0000,1,BaoStock:query_history_k_data_plus:sh.000300:adjustflag=3
2018-08-03,3366.6630,3381.3410,3315.2000,3315.2830,3370.9570,7079691008,91395985408.0000,1,BaoStock:query_history_k_data_plus:sh.000300:adjustflag=3
2018-08-06,3312.8150,3344.2460,3257.6850,3273.2720,3315.2830,7797508352,97517989888.0000,1,BaoStock:query_history_k_data_plus:sh.000300:adjustflag=3
2018-08-07,3284.9780,3368.9620,3263.4980,3368.8690,3273.2720,9178391552,107512225792.0000,1,BaoStock:query_history_k_data_plus:sh.000300:adjustflag=3
2018-08-08,3362.1480,3368.1600,3311.7690,3314.5070,3368.8690,7928486400,90958913536.0000,1,BaoStock:query_history_k_data_plus:sh.000300:adjustflag=3
2018-08-09,3303.4760,3408.3910,3299.6150,3397.5290,3314.5070,9195757312,108802314240.0000,1,BaoStock:query_history_k_data_plus:sh.000300:adjustflag=3
2018-08-10,3398.4130,3424.0410,3380.5730,3405.0190,3397.5290,6896729856,85634523136.0000,1,BaoStock:query_history_k_data_plus:sh.000300:adjustflag=3
2018-08-13,3369.9810,3396.1880,3336.6950,3390.3440,3405.0190,7619153152,90869288960.0000,1,BaoStock:query_history_k_data_plus:sh.000300:adjustflag=3
2018-08-14,3386.4830,3391.7290,3356.6140,3372.9130,3390.3440,6065144576,72121991168.0000,1,BaoStock:query_history_k_data_plus:sh.000300:adjustflag=3
2018-08-15,3371.9590,3372.1360,3288.7080,3291.9760,3372.9130,6817405440,83402194944.0000,1,BaoStock:query_history_k_data_plus:sh.000300:adjustflag=3
2018-08-16,3251.8550,3315.2030,3231.5560,3276.7270,3291.9760,7654736640,89269174272.0000,1,BaoStock:query_history_k_data_plus:sh.000300:adjustflag=3
2018-08-17,3305.8950,3311.5720,3224.0990,3229.6190,3276.7270,6739541248,84452454400.0000,1,BaoStock:query_history_k_data_plus:sh.000300:adjustflag=3
2018-08-20,3238.2150,3267.2490,3209.0110,3267.2490,3229.6190,7090422784,88963383296.0000,1,BaoStock:query_history_k_data_plus:sh.000300:adjustflag=3
2018-08-21,3271.8400,3331.7070,3270.0300,3326.6480,3267.2490,7520558336,97925840896.0000,1,BaoStock:query_history_k_data_plus:sh.000300:adjustflag=3
2018-08-22,3328.9690,3328.9690,3299.3930,3307.9540,3326.6480,5078705664,66548536320.0000,1,BaoStock:query_history_k_data_plus:sh.000300:adjustflag=3
2018-08-23,3308.4580,3336.1120,3285.8140,3320.0250,3307.9540,6111233536,80212787200.0000,1,BaoStock:query_history_k_data_plus:sh.000300:adjustflag=3
2018-08-24,3308.4770,3353.0440,3291.8650,3325.3340,3320.0250,6376589824,77197848576.0000,1,BaoStock:query_history_k_data_plus:sh.000300:adjustflag=3
2018-08-27,3339.3890,3406.5730,3339.2640,3406.5730,3325.3340,9427008256,114960965632.0000,1,BaoStock:query_history_k_data_plus:sh.000300:adjustflag=3
2018-08-28,3408.1500,3416.5920,3388.8140,3400.1700,3406.5730,7544536320,94945951744.0000,1,BaoStock:query_history_k_data_plus:sh.000300:adjustflag=3
2018-08-29,3393.0520,3398.7130,3377.1230,3386.5730,3400.1700,6702040320,79072301056.0000,1,BaoStock:query_history_k_data_plus:sh.000300:adjustflag=3
2018-08-30,3385.8050,3402.5620,3349.4680,3351.0940,3386.5730,6838529024,80226054144.0000,1,BaoStock:query_history_k_data_plus:sh.000300:adjustflag=3
2018-08-31,3333.3800,3356.5750,3310.8720,3334.5030,3351.0940,7620562944,96091893760.0000,1,BaoStock:query_history_k_data_plus:sh.000300:adjustflag=3
2018-09-03,3320.6890,3325.6070,3291.7840,3321.8240,3334.5030,6642985472,81305681920.0000,1,BaoStock:query_history_k_data_plus:sh.000300:adjustflag=3
2018-09-04,3324.1860,3370.9630,3307.9580,3363.8980,3321.8240,6708880640,85892034560.0000,1,BaoStock:query_history_k_data_plus:sh.000300:adjustflag=3
2018-09-05,3349.6980,3354.1990,3298.1410,3298.1410,3363.8980,6430188800,80656674816.0000,1,BaoStock:query_history_k_data_plus:sh.000300:adjustflag=3
2018-09-06,3286.6640,3311.4970,3253.7550,3262.8800,3298.1410,6230028800,79373139968.0000,1,BaoStock:query_history_k_data_plus:sh.000300:adjustflag=3
2018-09-07,3273.8900,3316.6140,3253.7250,3277.6430,3262.8800,6394740736,81263439872.0000,1,BaoStock:query_history_k_data_plus:sh.000300:adjustflag=3
2018-09-10,3271.3810,3277.8840,3227.8480,3230.0680,3277.6430,6381705216,76175581184.0000,1,BaoStock:query_history_k_data_plus:sh.000300:adjustflag=3
2018-09-11,3229.7050,3245.6170,3209.1120,3224.2110,3230.0680,5849130496,67722118912.0000,1,BaoStock:query_history_k_data_plus:sh.000300:adjustflag=3
2018-09-12,3216.9910,3225.6010,3194.9780,3202.0240,3224.2110,5462789888,68887019520.0000,1,BaoStock:query_history_k_data_plus:sh.000300:adjustflag=3
2018-09-13,3239.6850,3249.5930,3191.3970,3236.5660,3202.0240,6729032704,85887963136.0000,1,BaoStock:query_history_k_data_plus:sh.000300:adjustflag=3
2018-09-14,3242.8300,3254.1040,3227.9430,3242.0900,3236.5660,6013063936,76481212416.0000,1,BaoStock:query_history_k_data_plus:sh.000300:adjustflag=3
2018-09-17,3224.9260,3230.7870,3200.5090,3204.9220,3242.0900,5225954816,60650940928.0000,1,BaoStock:query_history_k_data_plus:sh.000300:adjustflag=3
2018-09-18,3193.6420,3270.1070,3193.6420,3269.4310,3204.9220,7042503424,83899138048.0000,1,BaoStock:query_history_k_data_plus:sh.000300:adjustflag=3
2018-09-19,3261.9970,3335.9910,3258.3090,3312.4820,3269.4310,8917066496,109395423232.0000,1,BaoStock:query_history_k_data_plus:sh.000300:adjustflag=3
2018-09-20,3314.8750,3332.3090,3303.0730,3310.1250,3312.4820,6456105728,76660846592.0000,1,BaoStock:query_history_k_data_plus:sh.000300:adjustflag=3
2018-09-21,3320.6950,3410.4850,3307.7670,3410.4850,3310.1250,10841600512,123573116928.0000,1,BaoStock:query_history_k_data_plus:sh.000300:adjustflag=3
2018-09-25,3375.9710,3394.3770,3367.0250,3379.8040,3410.4850,6905469184,82870030336.0000,1,BaoStock:query_history_k_data_plus:sh.000300:adjustflag=3
2018-09-26,3388.5570,3448.2590,3383.2350,3417.2410,3379.8040,9317334272,119113318400.0000,1,BaoStock:query_history_k_data_plus:sh.000300:adjustflag=3
2018-09-27,3415.9530,3423.7100,3394.7320,3403.5900,3417.2410,6976524032,87573299200.0000,1,BaoStock:query_history_k_data_plus:sh.000300:adjustflag=3
2018-09-28,3409.9590,3444.9880,3404.6970,3438.8640,3403.5900,8437775616,94880276480.0000,1,BaoStock:query_history_k_data_plus:sh.000300:adjustflag=3
2018-10-08,3361.5590,3364.4640,3285.2530,3290.8980,3438.8640,9788898816,114164219904.0000,1,BaoStock:query_history_k_data_plus:sh.000300:adjustflag=3
2018-10-09,3290.1700,3309.7970,3276.1320,3288.6900,3290.8980,6672327424,78372941824.0000,1,BaoStock:query_history_k_data_plus:sh.000300:adjustflag=3
2018-10-10,3295.4280,3315.7310,3256.5810,3281.5970,3288.6900,6449282816,79166808064.0000,1,BaoStock:query_history_k_data_plus:sh.000300:adjustflag=3
2018-10-11,3179.5400,3209.5200,3099.0400,3124.1130,3281.5970,12094134272,125723082752.0000,1,BaoStock:query_history_k_data_plus:sh.000300:adjustflag=3
2018-10-12,3123.3710,3184.1220,3094.9650,3170.7260,3124.1130,9861115136,104423075840.0000,1,BaoStock:query_history_k_data_plus:sh.000300:adjustflag=3
2018-10-15,3173.8460,3183.1290,3120.2300,3126.4510,3170.7260,6960502272,77137698816.0000,1,BaoStock:query_history_k_data_plus:sh.000300:adjustflag=3
2018-10-16,3128.5760,3166.0910,3089.3660,3100.9730,3126.4510,6888772096,75206471680.0000,1,BaoStock:query_history_k_data_plus:sh.000300:adjustflag=3
2018-10-17,3140.6830,3149.1340,3062.5540,3118.2460,3100.9730,7683713792,86132695040.0000,1,BaoStock:query_history_k_data_plus:sh.000300:adjustflag=3
2018-10-18,3097.7900,3097.7900,3043.3810,3044.3910,3118.2460,7377196800,79703732224.0000,1,BaoStock:query_history_k_data_plus:sh.000300:adjustflag=3
2018-10-19,3017.7480,3137.7470,3009.4980,3134.9450,3044.3910,9883968768,110951370752.0000,1,BaoStock:query_history_k_data_plus:sh.000300:adjustflag=3
2018-10-22,3159.5610,3297.3800,3159.5610,3270.2730,3134.9450,14586204416,170651308032.0000,1,BaoStock:query_history_k_data_plus:sh.000300:adjustflag=3
2018-10-23,3273.1270,3276.0200,3163.5700,3183.4250,3270.2730,12101324032,142589177856.0000,1,BaoStock:query_history_k_data_plus:sh.000300:adjustflag=3
2018-10-24,3169.4570,3245.3970,3164.2930,3188.2010,3183.4250,11090974464,120954388480.0000,1,BaoStock:query_history_k_data_plus:sh.000300:adjustflag=3
2018-10-25,3107.8400,3197.3210,3099.8880,3194.3080,3188.2010,10695181824,113291747328.0000,1,BaoStock:query_history_k_data_plus:sh.000300:adjustflag=3
2018-10-26,3204.2840,3218.1020,3151.9240,3173.6350,3194.3080,10129935360,106070368256.0000,1,BaoStock:query_history_k_data_plus:sh.000300:adjustflag=3
2018-10-29,3157.4870,3158.8110,3062.5800,3076.8880,3173.6350,9183979008,108479492096.0000,1,BaoStock:query_history_k_data_plus:sh.000300:adjustflag=3
2018-10-30,3061.9300,3146.6270,3050.7700,3110.2600,3076.8880,11607010048,131767103488.0000,1,BaoStock:query_history_k_data_plus:sh.000300:adjustflag=3
2018-10-31,3116.6580,3168.9180,3106.0270,3153.8230,3110.2600,11120745472,117099696128.0000,1,BaoStock:query_history_k_data_plus:sh.000300:adjustflag=3
2018-11-01,3185.2020,3217.8030,3173.0990,3177.0330,3153.8230,13265337856,145919303680.0000,1,BaoStock:query_history_k_data_plus:sh.000300:adjustflag=3
2018-11-02,3258.6090,3290.2450,3222.4350,3290.2450,3177.0330,15346610432,178340642816.0000,1,BaoStock:query_history_k_data_plus:sh.000300:adjustflag=3
2018-11-05,3269.4690,3279.8780,3230.3630,3262.8350,3290.2450,10970668288,123630923776.0000,1,BaoStock:query_history_k_data_plus:sh.000300:adjustflag=3
2018-11-06,3254.9770,3254.9770,3213.8950,3243.1500,3262.8350,8386913792,91703898112.0000,1,BaoStock:query_history_k_data_plus:sh.000300:adjustflag=3
2018-11-07,3243.8770,3270.5000,3218.4210,3221.9100,3243.1500,9161552896,101814919168.0000,1,BaoStock:query_history_k_data_plus:sh.000300:adjustflag=3
2018-11-08,3251.7280,3253.5730,3207.7080,3212.7730,3221.9100,7641454080,85221666816.0000,1,BaoStock:query_history_k_data_plus:sh.000300:adjustflag=3
2018-11-09,3193.3030,3193.3030,3166.3100,3167.4440,3212.7730,8428276224,88194191360.0000,1,BaoStock:query_history_k_data_plus:sh.000300:adjustflag=3
2018-11-12,3160.2460,3206.5120,3152.4390,3205.1400,3167.4440,8806239232,97363050496.0000,1,BaoStock:query_history_k_data_plus:sh.000300:adjustflag=3
2018-11-13,3164.9220,3254.7680,3161.0970,3237.3820,3205.1400,12649346304,125603045376.0000,1,BaoStock:query_history_k_data_plus:sh.000300:adjustflag=3
2018-11-14,3233.6400,3239.2440,3200.2280,3204.9420,3237.3820,11380865792,105386565632.0000,1,BaoStock:query_history_k_data_plus:sh.000300:adjustflag=3
2018-11-15,3201.2810,3242.3830,3198.7810,3242.3710,3204.9420,9855880960,100119191552.0000,1,BaoStock:query_history_k_data_plus:sh.000300:adjustflag=3
2018-11-16,3242.8790,3282.3900,3223.7210,3257.6730,3242.3710,12687683584,135379804160.0000,1,BaoStock:query_history_k_data_plus:sh.000300:adjustflag=3
2018-11-19,3258.7910,3294.6030,3251.0660,3294.6030,3257.6730,11595659520,123188776960.0000,1,BaoStock:query_history_k_data_plus:sh.000300:adjustflag=3
2018-11-20,3268.0760,3278.7840,3213.6830,3218.4070,3294.6030,10936115456,114155065344.0000,1,BaoStock:query_history_k_data_plus:sh.000300:adjustflag=3
2018-11-21,3187.1020,3230.2570,3185.2390,3226.4910,3218.4070,8411972608,87813275648.0000,1,BaoStock:query_history_k_data_plus:sh.000300:adjustflag=3
2018-11-22,3232.9730,3235.4520,3199.6980,3214.4270,3226.4910,6509829120,70083371008.0000,1,BaoStock:query_history_k_data_plus:sh.000300:adjustflag=3
2018-11-23,3208.5930,3212.1950,3139.3850,3143.4750,3214.4270,8463825408,86864945152.0000,1,BaoStock:query_history_k_data_plus:sh.000300:adjustflag=3
2018-11-26,3148.6720,3169.4410,3131.6360,3141.2430,3143.4750,5937914112,61899479552.0000,1,BaoStock:query_history_k_data_plus:sh.000300:adjustflag=3
2018-11-27,3152.7740,3162.0120,3126.2890,3137.2410,3141.2430,5540783104,61946260992.0000,1,BaoStock:query_history_k_data_plus:sh.000300:adjustflag=3
2018-11-28,3137.7470,3179.4100,3126.6170,3178.9320,3137.2410,7488195584,77620551680.0000,1,BaoStock:query_history_k_data_plus:sh.000300:adjustflag=3
2018-11-29,3198.8250,3204.8560,3137.6540,3137.6540,3178.9320,8049846528,86927613952.0000,1,BaoStock:query_history_k_data_plus:sh.000300:adjustflag=3
2018-11-30,3136.1960,3175.1540,3132.4230,3172.6900,3137.6540,7092104448,77297696768.0000,1,BaoStock:query_history_k_data_plus:sh.000300:adjustflag=3
2018-12-03,3260.6860,3273.6390,3228.3610,3260.9500,3172.6900,12148715776,145828417536.0000,1,BaoStock:query_history_k_data_plus:sh.000300:adjustflag=3
2018-12-04,3256.2280,3267.9400,3243.6950,3267.7090,3260.9500,7941504000,90543599616.0000,1,BaoStock:query_history_k_data_plus:sh.000300:adjustflag=3
2018-12-05,3224.2550,3266.9030,3219.9780,3252.0040,3267.7090,7615305216,90909093888.0000,1,BaoStock:query_history_k_data_plus:sh.000300:adjustflag=3
2018-12-06,3218.1130,3223.5210,3179.8940,3181.6730,3252.0040,7632877056,95678881792.0000,1,BaoStock:query_history_k_data_plus:sh.000300:adjustflag=3
2018-12-07,3187.4910,3193.8190,3176.7060,3181.5640,3181.6730,5336192512,66323970560.0000,1,BaoStock:query_history_k_data_plus:sh.000300:adjustflag=3
2018-12-10,3153.5220,3170.1520,3134.3840,3144.7630,3181.5640,6343727360,73717202944.0000,1,BaoStock:query_history_k_data_plus:sh.000300:adjustflag=3
2018-12-11,3148.2250,3161.9550,3143.6070,3159.8150,3144.7630,5322387712,60014969856.0000,1,BaoStock:query_history_k_data_plus:sh.000300:adjustflag=3
2018-12-12,3181.5660,3182.2100,3160.2780,3170.6090,3159.8150,5330991360,60536223488.0000,1,BaoStock:query_history_k_data_plus:sh.000300:adjustflag=3
2018-12-13,3178.8910,3234.0810,3169.4230,3219.6920,3170.6090,9044275456,103375478784.0000,1,BaoStock:query_history_k_data_plus:sh.000300:adjustflag=3
2018-12-14,3207.3480,3210.7220,3165.9100,3165.9100,3219.6920,8430125056,91576901632.0000,1,BaoStock:query_history_k_data_plus:sh.000300:adjustflag=3
2018-12-17,3158.2840,3167.5120,3134.3650,3161.1960,3165.9100,6649700608,77151490048.0000,1,BaoStock:query_history_k_data_plus:sh.000300:adjustflag=3
2018-12-18,3139.9490,3165.0010,3114.4680,3128.4260,3161.1960,6382031872,72035450880.0000,1,BaoStock:query_history_k_data_plus:sh.000300:adjustflag=3
2018-12-19,3133.7410,3137.0090,3086.7570,3091.1250,3128.4260,5552229888,67872922368.0000,1,BaoStock:query_history_k_data_plus:sh.000300:adjustflag=3
2018-12-20,3083.5440,3097.7200,3044.2920,3067.4160,3091.1250,6974946304,78181425152.0000,1,BaoStock:query_history_k_data_plus:sh.000300:adjustflag=3
2018-12-21,3055.3250,3057.4000,3007.6090,3029.3950,3067.4160,7675810048,84824064000.0000,1,BaoStock:query_history_k_data_plus:sh.000300:adjustflag=3
2018-12-24,3015.4970,3040.3520,3007.3290,3038.1980,3029.3950,5729961472,63880740608.0000,1,BaoStock:query_history_k_data_plus:sh.000300:adjustflag=3
2018-12-25,3006.8780,3030.1410,2964.8750,3017.2810,3038.1980,7868942592,80413569024.0000,1,BaoStock:query_history_k_data_plus:sh.000300:adjustflag=3
2018-12-26,3012.8690,3029.0600,2996.4820,3002.0320,3017.2810,5564703232,58574969088.0000,1,BaoStock:query_history_k_data_plus:sh.000300:adjustflag=3
2018-12-27,3042.9490,3047.2340,2990.5050,2990.5050,3002.0320,8054178560,81159270400.0000,1,BaoStock:query_history_k_data_plus:sh.000300:adjustflag=3
2018-12-28,2994.7950,3024.3520,2984.8170,3010.6530,2990.5050,7105377792,78145310720.0000,1,BaoStock:query_history_k_data_plus:sh.000300:adjustflag=3
2019-01-02,3017.0670,3018.7750,2958.4880,2969.5350,3010.6530,6866302208,76105572352.0000,1,BaoStock:query_history_k_data_plus:sh.000300:adjustflag=3
2019-01-03,2963.0180,3000.4410,2953.2540,2964.8420,2969.5350,7086710272,76664799232.0000,1,BaoStock:query_history_k_data_plus:sh.000300:adjustflag=3
2019-01-04,2940.1910,3036.8140,2935.8290,3035.8740,2964.8420,10331897088,107141038080.0000,1,BaoStock:query_history_k_data_plus:sh.000300:adjustflag=3
2019-01-07,3055.1530,3061.7490,3035.9120,3054.3030,3035.8740,10116435968,105703940096.0000,1,BaoStock:query_history_k_data_plus:sh.000300:adjustflag=3
